-- MySQL dump 10.13  Distrib 5.7.21, for Linux (x86_64)
--
-- Host: 127.0.0.1    Database: mmt-its
-- ------------------------------------------------------
-- Server version	5.7.21-0ubuntu0.17.10.1-log

/*!40101 SET @OLD_CHARACTER_SET_CLIENT=@@CHARACTER_SET_CLIENT */;
/*!40101 SET @OLD_CHARACTER_SET_RESULTS=@@CHARACTER_SET_RESULTS */;
/*!40101 SET @OLD_COLLATION_CONNECTION=@@COLLATION_CONNECTION */;
/*!40101 SET NAMES utf8 */;
/*!40103 SET @OLD_TIME_ZONE=@@TIME_ZONE */;
/*!40103 SET TIME_ZONE='+00:00' */;
/*!40014 SET @OLD_UNIQUE_CHECKS=@@UNIQUE_CHECKS, UNIQUE_CHECKS=0 */;
/*!40014 SET @OLD_FOREIGN_KEY_CHECKS=@@FOREIGN_KEY_CHECKS, FOREIGN_KEY_CHECKS=0 */;
/*!40101 SET @OLD_SQL_MODE=@@SQL_MODE, SQL_MODE='NO_AUTO_VALUE_ON_ZERO' */;
/*!40111 SET @OLD_SQL_NOTES=@@SQL_NOTES, SQL_NOTES=0 */;

--
-- Table structure for table `absen`
--

DROP TABLE IF EXISTS `absen`;
/*!40101 SET @saved_cs_client     = @@character_set_client */;
/*!40101 SET character_set_client = utf8 */;
CREATE TABLE `absen` (
  `id_absen` varchar(255) NOT NULL,
  `id_kartu` varchar(255) DEFAULT NULL,
  `id_jadwal` varchar(255) DEFAULT NULL,
  `waktu_absen` timestamp NOT NULL DEFAULT CURRENT_TIMESTAMP ON UPDATE CURRENT_TIMESTAMP,
  `nrp` varchar(255) DEFAULT NULL,
  PRIMARY KEY (`id_absen`),
  KEY `fk_relationship_2` (`id_kartu`),
  KEY `fk_relationship_8` (`id_jadwal`),
  KEY `nrp` (`nrp`),
  CONSTRAINT `absen_ibfk_1` FOREIGN KEY (`id_jadwal`) REFERENCES `jadwal` (`id_jadwal`) ON DELETE CASCADE ON UPDATE CASCADE,
  CONSTRAINT `absen_ibfk_2` FOREIGN KEY (`nrp`) REFERENCES `mahasiswa` (`nrp`) ON DELETE CASCADE ON UPDATE CASCADE,
  CONSTRAINT `fk_relationship_2` FOREIGN KEY (`id_kartu`) REFERENCES `kartu` (`id_kartu`) ON DELETE CASCADE ON UPDATE CASCADE
) ENGINE=InnoDB DEFAULT CHARSET=utf8;
/*!40101 SET character_set_client = @saved_cs_client */;

--
-- Dumping data for table `absen`
--

LOCK TABLES `absen` WRITE;
/*!40000 ALTER TABLE `absen` DISABLE KEYS */;
INSERT INTO `absen` VALUES ('0019e386-adbc-4648-b387-0b26e1d2d6f4','00  04  0f  22  87  50  28  78  f7  70  02  4a  43  4f  50  42  4d  42  32','4ab83d6a-8f59-44f3-870a-2e69417407e5','2018-03-16 23:36:05','9211750015014'),('013f8e65-1277-4611-ba03-f6b175992bd4','00  04  e5  a0  3b  90  28  78  80  e0  02  73  c8  40  13  00  90  00','daa5ef80-b57b-4162-b9b0-52c99ecc21cd','2018-03-27 01:30:52','9211750013022'),('01c19758-fdf0-4e7a-ab1d-7f0e02060533','03  44  04  54  47  8a  cf  40  80  20  75  77  81  02  80','0c0b303d-3f83-4d0f-b8a5-1de903e3e187','2018-03-13 03:02:45','9211650024015'),('01cdb7b5-0d96-4448-a15b-df70cd7d0e70','00  04  cf  a8  e4  55  28  78  f7  70  02  4a  43  4f  50  42  4d  42  32','6e68d292-4f86-40db-a969-e7d83125249a','2018-03-26 23:49:02','9211650014030'),('05b18b17-21d5-4b47-89da-99c4e4a75b1b','00  04  d7  95  5b  95  28  78  80  e0  02  73  c8  40  13  00  90  00','a2c8423c-27f8-4167-8c09-c16e759cc728','2018-03-20 01:41:28','9211750013018'),('079e553d-f035-4171-8531-e7f14d9780cb','00  04  af  9c  fb  71  28  78  f7  70  02  4a  43  4f  50  42  4d  42  32','bb3757a9-6c0a-44e2-978a-1505523e0fa6','2018-03-15 23:36:38','9211750013016'),('08007ff9-8994-45fb-9d2a-4dd63a62a402','00  04  f7  2f  65  95  28  78  80  e0  02  73  c8  40  13  00  90  00','e0c7a3de-38ea-4869-b9fa-6876bd56090f','2018-03-17 01:35:19','9211750016041'),('08104ffa-03fa-4e50-81ea-1bb6728eac47','00  04  cf  a8  e4  55  28  78  f7  70  02  4a  43  4f  50  42  4d  42  32','b7ca1144-a023-4577-b04b-1f4672a6f369','2018-03-15 01:30:07','9211650014030'),('095a31eb-0286-4c1d-9ccd-e7d3e183c3eb','03  44  04  5b  0d  6a  27  29  80  20  78  b3  c4  02  65  4b  54  50  30  44  32  65  4b  54  50','64f3235c-65c5-4f4d-bbe5-693bc4674008','2018-03-15 01:32:00','9211750014008'),('09c10ea1-5dfd-4bb5-8538-c859d310c666','00  04  2f  d4  a1  51  28  78  f7  70  02  4a  43  4f  50  42  4d  42  32','2bd0a391-67ac-419d-8947-1ba62f7be0e1','2018-03-27 23:31:13','9211750013025'),('0a5244bb-710f-4b9b-9177-3f2fc9d67d2f','00  04  6f  4c  32  a8  28  38  f7  b1  4a  43  4f  50  42  4d  30  31','3d183bea-716c-49c9-accc-b8ee10c95bfb','2018-03-20 23:51:02','9211650014019'),('0b1f2b85-15ad-419a-b9a6-220a7f55faad','00  04  ef  d5  ed  ac  28  78  f7  70  02  4a  43  4f  50  42  4d  42  32','e0c7a3de-38ea-4869-b9fa-6876bd56090f','2018-03-17 01:32:05','9211750015018'),('0d8a6b3a-e025-4d10-be12-a214fb49b363','00  04  e5  6a  3c  90  28  78  80  e0  02  73  c8  40  13  00  90  00','cd98b36b-f3ff-4605-bfa8-aadd34078916','2018-03-24 01:37:12','9211750015008'),('0e8e61a9-0652-4fec-b681-d4e6106c5511','00  04  af  9c  fb  71  28  78  f7  70  02  4a  43  4f  50  42  4d  42  32','daa5ef80-b57b-4162-b9b0-52c99ecc21cd','2018-03-27 01:31:10','9211750013016'),('0f0ee1d3-d4d5-4531-a81f-9c5cb389ad2c','03  44  04  5e  16  82  c6  24  80  20  78  b3  c4  02  50  33  30  38  47  30  50  33  5f  31  30','e0c7a3de-38ea-4869-b9fa-6876bd56090f','2018-03-17 01:33:12','9211750015010'),('0fa0f9b3-31f4-4172-bfc6-952e8eb30dcb','03  44  04  73  50  8a  cf  40  80  20  75  77  81  02  80','bb3757a9-6c0a-44e2-978a-1505523e0fa6','2018-03-15 23:34:36','9211750013017'),('0fcaefe6-c034-4959-af58-ba582f2690b3','00  04  35  c6  03  be  28  78  80  e0  02  73  c8  40  13  00  90  00','bb3757a9-6c0a-44e2-978a-1505523e0fa6','2018-03-15 23:36:51','9211750013019'),('111bedea-4289-41b7-a3f3-fc6383b240fb','03  44  04  60  42  8a  cf  40  80  20  75  77  81  02  80','bb3757a9-6c0a-44e2-978a-1505523e0fa6','2018-03-15 23:34:13','9211750013009'),('119cb242-15f5-4262-a7c6-74254a08b94b','03  44  04  86  42  8a  cf  40  80  20  75  77  81  02  80','64f3235c-65c5-4f4d-bbe5-693bc4674008','2018-03-15 01:31:31','9211750014007'),('13553e21-0146-4168-86ec-c204a751be19','00  04  79  92  51  98  28  78  80  e0  02  73  c8  40  13  00  90  00','1b61decb-5c97-48f5-9924-c3dd650ee0ce','2018-03-24 16:32:35','9211650015036'),('13a5def7-9b5d-49e7-9d45-8f1cd2853e82','00  04  97  40  65  95  28  78  80  e0  02  73  c8  40  13  00  90  00','6479f1ca-46e8-421a-b7ac-19316c572f99','2018-03-28 03:09:39','9211750013024'),('1486abcc-6b48-4955-a800-6d50a25d6013','00  04  f5  71  ad  ce  28  78  80  72  02  80  31  80  66  b1  84  0c  01  6e  01  83  00  90  00','64f3235c-65c5-4f4d-bbe5-693bc4674008','2018-03-15 01:33:52','9211750014011'),('1806c18b-86d6-443c-b13c-4c260b210663','00  04  b9  4a  5f  98  28  78  80  e0  02  73  c8  40  13  00  90  00','b7ca1144-a023-4577-b04b-1f4672a6f369','2018-03-15 01:31:44','9211650014031'),('18ed58c8-77a4-4986-9b06-e04941ac89b6','00  04  cf  a8  e4  55  28  78  f7  70  02  4a  43  4f  50  42  4d  42  32','a71df026-3d1e-4c4c-9396-77e6e73de70d','2018-04-09 23:44:18','9211650014030'),('193c19c0-38cf-425e-b63b-fbeabd299f87','00  04  2f  35  34  a8  28  38  f7  b1  4a  43  4f  50  42  4d  30  31','ea552fae-1235-4a79-9158-bd7729e0dc77','2018-04-03 00:59:55','9211650014008'),('197f5b66-e8a3-471c-9063-c66fcc209626','00  04  97  40  65  95  28  78  80  e0  02  73  c8  40  13  00  90  00','d8a4452b-2401-43f8-8c4a-db10ac58f348','2018-03-13 01:33:46','9211750013024'),('1994b3ab-a9d4-41c8-9d69-e14c216a40f4','00  04  0f  87  6f  dc  28  38  f7  b1  4a  43  4f  50  42  4d  30  31','0c0b303d-3f83-4d0f-b8a5-1de903e3e187','2018-03-13 03:02:15','9211650023008'),('1a1bb619-4bf0-4448-86d4-7977e8ac9d0d','03  44  04  60  42  8a  cf  40  80  20  75  77  81  02  80','daa5ef80-b57b-4162-b9b0-52c99ecc21cd','2018-03-27 01:34:01','9211750013009'),('1bc4b430-c65c-427f-9e67-81cf6c885f5a','03  44  04  33  57  f2  ee  2c  80  20  78  b3  c4  02  65  4b  54  50  30  44  32  65  4b  54  50','cd98b36b-f3ff-4605-bfa8-aadd34078916','2018-03-24 01:30:19','9211750015015'),('1bf18571-df83-46ea-8052-5ac6921d51be','00  04  cf  a8  e4  55  28  78  f7  70  02  4a  43  4f  50  42  4d  42  32','89f7e7be-f243-4575-ba70-fa2db561d8fa','2018-04-04 01:40:48','9211650014030'),('1d08cfa1-ced2-4557-8061-713314a4b7d7','03  44  04  73  50  8a  cf  40  80  20  75  77  81  02  80','5c87f9d2-4027-4ff5-aa03-209b9c4ad1fd','2018-03-14 02:39:03','9211750013017'),('1da1df4e-c209-41f3-b1ee-c03a45026f91','00  04  af  2f  c6  09  28  38  f7  b1  4a  43  4f  50  42  4d  30  31','85ba3132-cfc0-46ca-86f9-4e82cf4bc068','2018-03-21 01:43:22','9211650014024'),('1fc9d455-88e9-4b8f-b7f1-54e905aee323','00  04  a9  a9  54  98  28  78  80  e0  02  73  c8  40  13  00  90  00','0c0b303d-3f83-4d0f-b8a5-1de903e3e187','2018-03-13 03:00:20','9211650024005'),('204bce40-fd08-48de-b0b4-7a44280a7809','00  04  af  9c  fb  71  28  78  f7  70  02  4a  43  4f  50  42  4d  42  32','6479f1ca-46e8-421a-b7ac-19316c572f99','2018-03-28 01:38:40','9211750013016'),('2053e6ac-d70f-402e-9f60-c9f08fdc51d6','03  44  04  55  4d  8a  cf  40  80  20  75  77  81  02  80','532fe45a-5e63-4c13-a215-4e145bbbbafb','2018-04-05 01:05:18','9211650014034'),('209a54a9-6892-46e3-b261-0214ca691939','00  04  4f  d1  31  a8  28  38  f7  b1  4a  43  4f  50  42  4d  30  31','41235f6a-2ad0-4642-9d6f-f78aca007ab8','2018-03-28 01:31:52','9211650014033'),('20d987d4-5893-40c6-81d3-295b13f0fd5d','00  04  2f  a8  ee  a6  28  38  33  b1  4a  43  4f  50  33  31  56  32  33  32','083601aa-4aef-41c2-97d8-ecf00894dba6','2018-03-21 01:32:37','9211750054003'),('211e9a60-c6b0-4146-a83c-f5728ea8a520','03  44  04  71  1a  62  8f  29  80  20  78  b3  c4  02  65  4b  54  50  30  44  32  65  4b  54  50','64f3235c-65c5-4f4d-bbe5-693bc4674008','2018-03-15 01:32:11','9211750014012'),('217f4ed7-2425-490d-953c-88bb3b9c5d6c','00  04  45  dc  03  be  28  78  80  e0  02  73  c8  40  13  00  90  00','d47fced7-64eb-4c96-8991-11a26751d7ed','2018-03-29 03:04:30','9211750013002'),('223fce41-36ad-482a-9d0c-008e3028c184','00  04  ef  a3  33  a8  28  38  f7  b1  4a  43  4f  50  42  4d  30  31','d47fced7-64eb-4c96-8991-11a26751d7ed','2018-03-29 01:32:30','9211650014022'),('232c893a-0c5d-4ebc-94e3-7663134d8055','00  04  ef  a3  33  a8  28  38  f7  b1  4a  43  4f  50  42  4d  30  31','8694952e-9fc7-4196-82d6-a0522b2bc178','2018-04-03 23:50:36','9211650014022'),('2465c91c-adff-45d2-9619-e3fec2e1e3d4','00  04  af  2f  c6  09  28  38  f7  b1  4a  43  4f  50  42  4d  30  31','8694952e-9fc7-4196-82d6-a0522b2bc178','2018-04-03 23:32:51','9211650014024'),('2520abc8-ec5d-4839-84d0-e656a9f1551a','00  04  2f  d4  a1  51  28  78  f7  70  02  4a  43  4f  50  42  4d  42  32','8beb35b3-62b5-4e79-9ea6-73713b1e3e5f','2018-03-23 00:03:57','9211750013025'),('257eb30a-a225-4569-b8c9-ff4aa69acd02','00  04  f5  c4  3a  90  28  78  80  e0  02  73  c8  40  13  00  90  00','4ab83d6a-8f59-44f3-870a-2e69417407e5','2018-03-16 23:39:07','9211750015301'),('25d9b584-437b-45e0-a381-d34fa02fe63f','00  04  af  9c  fb  71  28  78  f7  70  02  4a  43  4f  50  42  4d  42  32','9cf112f0-e5a1-4da6-ba8e-df554ca16a3d','2018-03-20 23:38:52','9211750013016'),('260d5a93-7682-4425-86a9-cd9df87b8e4f','00  04  0f  22  87  50  28  78  f7  70  02  4a  43  4f  50  42  4d  42  32','e900eb9c-9bef-4501-8c91-9d3381359185','2018-03-23 23:30:27','9211750015014'),('26db8608-0209-4a94-96a9-c87ff17d37c7','00  04  af  2f  c6  09  28  38  f7  b1  4a  43  4f  50  42  4d  30  31','532fe45a-5e63-4c13-a215-4e145bbbbafb','2018-04-05 01:05:35','9211650014024'),('28306e6c-890b-46bd-bf24-fd8d923fcff0','00  04  2f  6b  1b  e9  28  78  f7  70  02  4a  43  4f  50  42  4d  42  32','6479f1ca-46e8-421a-b7ac-19316c572f99','2018-03-28 01:40:41','9211750013003'),('287410c4-ffec-4cd0-8af7-fefa0758b25b','00  04  45  dc  03  be  28  78  80  e0  02  73  c8  40  13  00  90  00','daa5ef80-b57b-4162-b9b0-52c99ecc21cd','2018-03-27 01:33:54','9211750013002'),('29d09128-acf9-415f-8812-802d9d2a75cb','00  04  ef  d5  ed  ac  28  78  f7  70  02  4a  43  4f  50  42  4d  42  32','e900eb9c-9bef-4501-8c91-9d3381359185','2018-03-23 23:49:11','9211750015018'),('29e30561-a70d-4d9e-a00b-a8dda3d1b38d','00  04  6f  35  34  a8  28  38  f7  b1  4a  43  4f  50  42  4d  30  31','0c0b303d-3f83-4d0f-b8a5-1de903e3e187','2018-03-13 03:01:24','9211650024011'),('2b6e5803-ff51-4149-9ce0-058a5680b7e6','00  04  99  f6  52  98  28  78  80  e0  02  73  c8  40  13  00  90  00','d1f4fad9-6c58-4384-b33c-e84e9dd71750','2018-03-12 23:34:16','9211650014023'),('2b86263a-a7fa-4e96-a7f2-c3f112aaa427','00  04  a7  32  5e  95  28  78  80  e0  02  73  c8  40  13  00  90  00','5c87f9d2-4027-4ff5-aa03-209b9c4ad1fd','2018-03-14 01:35:11','9211750013004'),('2bc6d3b7-e428-4cf9-987e-802c450daf4e','03  44  04  33  57  f2  ee  2c  80  20  78  b3  c4  02  65  4b  54  50  30  44  32  65  4b  54  50','4ab83d6a-8f59-44f3-870a-2e69417407e5','2018-03-16 23:38:45','9211750015015'),('2d4b42ed-5377-4bd2-8095-fe3c5ff7a939','03  44  04  36  3c  2a  dc  2f  80  20  78  b3  c4  02  65  4b  54  50  30  44  32  65  4b  54  50','e900eb9c-9bef-4501-8c91-9d3381359185','2018-03-24 00:04:41','9211650016011'),('2f480d90-d42a-4db5-bb25-055b4d666803','03  44  04  55  4d  8a  cf  40  80  20  75  77  81  02  80','8694952e-9fc7-4196-82d6-a0522b2bc178','2018-04-03 23:33:10','9211650014034'),('31d7506e-7c03-45a8-9187-633442b42197','00  04  35  c6  03  be  28  78  80  e0  02  73  c8  40  13  00  90  00','4fa1b157-a9ff-4591-a881-a2b254ce7454','2018-04-04 02:48:10','9211750013019'),('3296e78e-c646-4c92-a5e5-e69e229f5c9b','00  04  b9  b2  5f  98  28  78  80  e0  02  73  c8  40  13  00  90  00','3d183bea-716c-49c9-accc-b8ee10c95bfb','2018-03-20 23:41:45','9211650014027'),('35f9590a-7789-4e66-9ef8-a971b7ec2bee','03  44  04  29  82  2a  99  2a  80  20  78  b3  c4  02  65  4b  54  50  30  44  32  65  4b  54  50','e0c7a3de-38ea-4869-b9fa-6876bd56090f','2018-03-17 01:32:11','9211750015011'),('36e68c00-e4e2-448b-be46-55697a6b9f32','00  04  15  58  02  be  28  78  80  e0  02  73  c8  40  13  00  90  00','ea552fae-1235-4a79-9158-bd7729e0dc77','2018-04-03 01:01:37','9211650014037'),('3857ce2a-1e01-49ca-ab3a-35f24e21eef7','00  04  75  ad  3b  90  28  78  80  e0  02  73  c8  40  13  00  90  00','4ab83d6a-8f59-44f3-870a-2e69417407e5','2018-03-17 00:03:31','9211750015016'),('39cfc484-be5d-4b8d-9262-2fe0810b5101','03  44  04  64  4c  62  9c  53  80  20  78  b3  c4  02  65  4b  54  50  30  44  32  65  4b  54  50','797b40a4-f468-4e84-98d7-a9b5c0bb0cff','2018-03-14 01:32:30','9211750054007'),('39f303ef-0907-405f-8260-c0cf8b7679cf','00  04  af  9c  fb  71  28  78  f7  70  02  4a  43  4f  50  42  4d  42  32','d8a4452b-2401-43f8-8c4a-db10ac58f348','2018-03-13 01:35:16','9211750013016'),('3b11bc7b-d772-484d-80d9-9212299603ce','00  04  0f  2e  78  77  28  78  f7  70  02  4a  43  4f  50  42  4d  42  32','797b40a4-f468-4e84-98d7-a9b5c0bb0cff','2018-03-14 01:32:00','9211750054006'),('3d16cdbb-bbd9-404e-8898-f92984e74774','00  04  75  ad  3b  90  28  78  80  e0  02  73  c8  40  13  00  90  00','cd98b36b-f3ff-4605-bfa8-aadd34078916','2018-03-24 01:32:01','9211750015016'),('3df57d4c-38f5-4af0-a69a-53bd42ac43d9','00  04  35  c6  03  be  28  78  80  e0  02  73  c8  40  13  00  90  00','b7ca1144-a023-4577-b04b-1f4672a6f369','2018-03-15 01:30:53','9211750013019'),('3f88aa89-a08a-4bed-865c-8b93c680b280','00  04  af  9c  fb  71  28  78  f7  70  02  4a  43  4f  50  42  4d  42  32','d47fced7-64eb-4c96-8991-11a26751d7ed','2018-03-29 01:31:36','9211750013016'),('3fc393ed-c88e-4030-b415-9c0138de9fae','00  04  a7  32  5e  95  28  78  80  e0  02  73  c8  40  13  00  90  00','9cf112f0-e5a1-4da6-ba8e-df554ca16a3d','2018-03-20 23:39:10','9211750013004'),('406b72c4-b210-4d28-8225-1b93434e7b4c','00  04  4f  d1  31  a8  28  38  f7  b1  4a  43  4f  50  42  4d  30  31','d1f4fad9-6c58-4384-b33c-e84e9dd71750','2018-03-12 23:34:04','9211650014033'),('40b0cfaf-b4bf-41c7-bb34-fd9b0296cd95','03  44  04  2f  43  8a  cf  40  80  20  75  77  81  02  80','43ba2e33-4748-491f-8006-7e4eabab8bfc','2018-04-04 23:35:34','9211650053025'),('417ce71c-ebe6-4350-91da-1ebfa6fe6b5a','00  04  ef  1f  a5  c4  28  78  f7  70  02  4a  43  4f  50  42  4d  42  32','2bd0a391-67ac-419d-8947-1ba62f7be0e1','2018-03-27 23:33:47','9211750013008'),('41c3a815-15bc-48d5-9144-ec7847e550fd','00  04  a5  26  03  be  28  78  80  e0  02  73  c8  40  13  00  90  00','a2c8423c-27f8-4167-8c09-c16e759cc728','2018-03-20 01:41:22','9211750013023'),('425c7631-8d00-4bbe-9112-546248ce88b0','00  04  af  33  88  27  28  38  f7  b1  4a  43  4f  50  42  4d  30  31','083601aa-4aef-41c2-97d8-ecf00894dba6','2018-03-21 01:32:48','9211750054012'),('426471c6-b3ec-44ed-965e-4b1acde00c4a','03  44  04  23  17  32  dc  2f  80  20  78  b3  c4  02  65  4b  54  50  30  44  32  65  4b  54  50','64f3235c-65c5-4f4d-bbe5-693bc4674008','2018-03-15 01:31:56','9211750014022'),('440ff801-742d-4b97-9333-c2ff2faf56e9','00  04  2f  ed  71  dc  28  38  f7  b1  4a  43  4f  50  42  4d  30  31','e0f851b0-a3fb-4607-bb7f-8988eede54bb','2018-03-15 01:09:49','9211650053018'),('44c81876-35ff-461b-a3a0-91f24ff11eaf','00  04  f5  c4  3a  90  28  78  80  e0  02  73  c8  40  13  00  90  00','e0c7a3de-38ea-4869-b9fa-6876bd56090f','2018-03-17 01:33:46','9211750015301'),('455085f1-c64e-4456-8f15-88b488b6b63c','00  04  89  b2  5f  98  28  78  80  e0  02  73  c8  40  13  00  90  00','41235f6a-2ad0-4642-9d6f-f78aca007ab8','2018-03-28 01:32:01','9211650014025'),('4588af35-3f79-491a-9a38-e0af9f0f9c2f','00  04  e5  06  0b  be  28  78  80  e0  02  73  c8  40  13  00  90  00','2bd0a391-67ac-419d-8947-1ba62f7be0e1','2018-03-27 23:32:02','9211750013005'),('47908901-48e4-474f-85b6-331b9053f2a4','00  04  c9  80  52  98  28  78  80  e0  02  73  c8  40  13  00  90  00','d1f4fad9-6c58-4384-b33c-e84e9dd71750','2018-03-12 23:33:10','9211650014035'),('491d2beb-15ca-46e7-ac22-a4b7a6299b45','00  04  f5  c4  3a  90  28  78  80  e0  02  73  c8  40  13  00  90  00','e900eb9c-9bef-4501-8c91-9d3381359185','2018-03-23 23:47:12','9211750015301'),('495560f0-90d4-4b1b-a792-6df0d9134855','00  04  2f  d4  a1  51  28  78  f7  70  02  4a  43  4f  50  42  4d  42  32','bb3757a9-6c0a-44e2-978a-1505523e0fa6','2018-03-15 23:36:33','9211750013025'),('4ad99144-4210-4b77-9657-221d4d966dad','00  04  97  40  65  95  28  78  80  e0  02  73  c8  40  13  00  90  00','2bd0a391-67ac-419d-8947-1ba62f7be0e1','2018-03-27 23:31:55','9211750013024'),('4b5057a6-725c-495b-8e32-17f21029b939','00  04  f7  2f  65  95  28  78  80  e0  02  73  c8  40  13  00  90  00','cd98b36b-f3ff-4605-bfa8-aadd34078916','2018-03-24 01:33:42','9211750016041'),('4d7aac75-e947-4b2a-9406-0bb79125acbc','00  04  45  20  02  be  28  78  80  e0  02  73  c8  40  13  00  90  00','cd98b36b-f3ff-4605-bfa8-aadd34078916','2018-03-24 01:34:23','9211750015003'),('4dae305e-0d6b-416d-b563-e64244a8a2c9','03  44  04  33  57  f2  ee  2c  80  20  78  b3  c4  02  65  4b  54  50  30  44  32  65  4b  54  50','e0c7a3de-38ea-4869-b9fa-6876bd56090f','2018-03-17 03:09:55','9211750015015'),('4df2f1f9-a236-4c55-9e82-5aa0a3c4b9c3','00  04  cf  a8  e4  55  28  78  f7  70  02  4a  43  4f  50  42  4d  42  32','c4e54594-9351-4701-bf09-b29c43c87f66','2018-04-05 01:31:49','9211650014030'),('4e00a0af-b29d-4718-b552-8fa452bed16e','00  04  b9  b2  5f  98  28  78  80  e0  02  73  c8  40  13  00  90  00','f56eac68-d678-4467-801b-7f608d52102a','2018-03-27 23:37:57','9211650014027'),('4e43de42-a9fc-4cca-868c-2684da3bebec','00  04  89  b2  5f  98  28  78  80  e0  02  73  c8  40  13  00  90  00','d47fced7-64eb-4c96-8991-11a26751d7ed','2018-03-29 01:31:55','9211650014025'),('5132b990-9456-47c4-85ef-b5f1aec2c0ac','03  44  04  55  4d  8a  cf  40  80  20  75  77  81  02  80','3d183bea-716c-49c9-accc-b8ee10c95bfb','2018-03-20 23:51:33','9211650014034'),('52b0f109-6354-4a41-8524-83eb4fe5dcbd','00  04  2f  d4  a1  51  28  78  f7  70  02  4a  43  4f  50  42  4d  42  32','9cf112f0-e5a1-4da6-ba8e-df554ca16a3d','2018-03-21 01:04:55','9211750013025'),('539d3ea5-e192-4e08-9bd5-49ccc13c1037','00  04  a5  26  03  be  28  78  80  e0  02  73  c8  40  13  00  90  00','daa5ef80-b57b-4162-b9b0-52c99ecc21cd','2018-03-27 01:39:28','9211750013023'),('53a3767a-111b-4d51-b5a6-13a006db762d','00  04  cf  a8  e4  55  28  78  f7  70  02  4a  43  4f  50  42  4d  42  32','8694952e-9fc7-4196-82d6-a0522b2bc178','2018-04-03 23:49:43','9211650014030'),('53d1fc62-c821-4883-8f2a-d1f7d8e49272','00  04  cf  a8  e4  55  28  78  f7  70  02  4a  43  4f  50  42  4d  42  32','d47fced7-64eb-4c96-8991-11a26751d7ed','2018-03-29 01:32:09','9211650014030'),('53d2078c-5b96-46f8-815e-23b92a2a04f8','00  04  a7  32  5e  95  28  78  80  e0  02  73  c8  40  13  00  90  00','2bd0a391-67ac-419d-8947-1ba62f7be0e1','2018-03-27 23:30:40','9211750013004'),('544c7cb3-af55-4530-8f8c-d130077d5a86','00  04  39  9a  51  98  28  78  80  e0  02  73  c8  40  13  00  90  00','ea552fae-1235-4a79-9158-bd7729e0dc77','2018-04-03 01:01:13','9211650014013'),('57e1d2d0-ee3e-4773-b206-e2e6d94deb82','00  04  99  f6  52  98  28  78  80  e0  02  73  c8  40  13  00  90  00','b7ca1144-a023-4577-b04b-1f4672a6f369','2018-03-15 01:30:01','9211650014023'),('58e06948-45c0-4172-ae1a-01d6881db8f4','00  04  2f  6b  1b  e9  28  78  f7  70  02  4a  43  4f  50  42  4d  42  32','a2c8423c-27f8-4167-8c09-c16e759cc728','2018-03-20 01:41:46','9211750013003'),('58eba249-298d-42ad-9c70-3ce8cd086aeb','00  04  2f  a8  ee  a6  28  38  33  b1  4a  43  4f  50  33  31  56  32  33  32','797b40a4-f468-4e84-98d7-a9b5c0bb0cff','2018-03-14 01:32:42','9211750054003'),('5af72bde-9c8f-418c-a09c-a0db1ae1a91c','03  44  04  5a  5a  7a  88  26  80  20  78  b3  c4  02  65  4b  54  50  30  44  32  65  4b  54  50','4ab83d6a-8f59-44f3-870a-2e69417407e5','2018-03-16 23:46:15','9211750015004'),('5cda615f-5024-4cce-b62d-911b5429a346','00  04  a7  6c  5a  95  28  78  80  e0  02  73  c8  40  13  00  90  00','e900eb9c-9bef-4501-8c91-9d3381359185','2018-03-24 00:04:30','9211750015007'),('5d62ce09-57ad-4a1b-9b2b-015c4910deb7','00  04  af  2f  c6  09  28  38  f7  b1  4a  43  4f  50  42  4d  30  31','6e68d292-4f86-40db-a969-e7d83125249a','2018-03-26 23:50:16','9211650014024'),('5e4a8a20-0fe4-4981-ac00-0b3e500eb517','00  04  d5  d3  3b  90  28  78  80  e0  02  73  c8  40  13  00  90  00','5c87f9d2-4027-4ff5-aa03-209b9c4ad1fd','2018-03-14 02:38:49','9211750013012'),('60bd6a86-9d1f-4e5a-a494-970a50f824ef','03  44  04  5a  5a  7a  88  26  80  20  78  b3  c4  02  65  4b  54  50  30  44  32  65  4b  54  50','e0c7a3de-38ea-4869-b9fa-6876bd56090f','2018-03-17 01:32:23','9211750015004'),('614249f5-2a99-4f36-b4bb-314d8981a124','03  44  04  29  82  2a  99  2a  80  20  78  b3  c4  02  65  4b  54  50  30  44  32  65  4b  54  50','cd98b36b-f3ff-4605-bfa8-aadd34078916','2018-03-24 01:34:35','9211750015011'),('62235934-ecef-42ef-bfe4-dfc61c7a7523','00  04  35  c6  03  be  28  78  80  e0  02  73  c8  40  13  00  90  00','d8a4452b-2401-43f8-8c4a-db10ac58f348','2018-03-13 01:42:20','9211750013019'),('631e4ae8-ca04-4b33-8801-3d7e9d652274','00  04  a7  32  5e  95  28  78  80  e0  02  73  c8  40  13  00  90  00','bb3757a9-6c0a-44e2-978a-1505523e0fa6','2018-03-15 23:36:57','9211750013004'),('638d0b59-baa6-45bd-84c1-42ef7ab7b949','00  04  e5  a0  3b  90  28  78  80  e0  02  73  c8  40  13  00  90  00','5c87f9d2-4027-4ff5-aa03-209b9c4ad1fd','2018-03-14 03:08:39','9211750013022'),('641c7ac4-1d69-44d1-bc06-f4247f8e12e1','03  44  04  29  40  f2  95  4c  80  20  78  b3  c4  02  65  4b  54  50  30  44  32  65  4b  54  50','797b40a4-f468-4e84-98d7-a9b5c0bb0cff','2018-03-14 01:31:23','9211750054014'),('659d5d40-b5e7-44b1-9fc9-d81ae98a7a22','00  04  99  f6  52  98  28  78  80  e0  02  73  c8  40  13  00  90  00','f56eac68-d678-4467-801b-7f608d52102a','2018-03-27 23:38:03','9211650014023'),('66b863db-73a1-4269-a0de-9a24373eaefd','00  04  97  40  65  95  28  78  80  e0  02  73  c8  40  13  00  90  00','5c87f9d2-4027-4ff5-aa03-209b9c4ad1fd','2018-03-14 02:20:41','9211750013024'),('677d5ef4-6719-428a-9113-88995b0c7f18','00  04  2f  d4  a1  51  28  78  f7  70  02  4a  43  4f  50  42  4d  42  32','6ce96290-8eb2-4bb7-a29d-a50e43deb482','2018-03-21 03:07:18','9211750013025'),('67907d1b-ce96-4f58-8d84-64be85619151','00  04  f7  0a  65  95  28  78  80  e0  02  73  c8  40  13  00  90  00','cd98b36b-f3ff-4605-bfa8-aadd34078916','2018-03-24 01:34:28','9211750015001'),('6791faa5-ab62-4afa-aabb-9c56467c920b','00  04  af  8a  6f  dc  28  38  f7  b1  4a  43  4f  50  42  4d  30  31','43ba2e33-4748-491f-8006-7e4eabab8bfc','2018-04-04 23:35:30','9211650053002'),('67956711-7586-496c-99a0-28c02cfb5d39','00  04  2f  19  c6  09  28  38  f7  b1  4a  43  4f  50  42  4d  30  31','ea552fae-1235-4a79-9158-bd7729e0dc77','2018-04-03 01:00:30','9211650014002'),('6805e82f-b195-4792-8ce5-b0ffc64d3919','03  44  04  8c  3e  da  8a  26  80  20  78  b3  c4  02  65  4b  54  50  30  44  32  65  4b  54  50','64f3235c-65c5-4f4d-bbe5-693bc4674008','2018-03-15 01:32:07','9211750014020'),('684d3ebf-d6ef-47ad-85f2-b8fd8deee1e9','00  04  2f  6b  1b  e9  28  78  f7  70  02  4a  43  4f  50  42  4d  42  32','9cf112f0-e5a1-4da6-ba8e-df554ca16a3d','2018-03-20 23:36:48','9211750013003'),('68e86b49-bf6f-42ea-916c-3c0d97fab3c2','03  44  04  4c  4d  8a  cf  40  80  20  75  77  81  02  80','ea552fae-1235-4a79-9158-bd7729e0dc77','2018-04-03 00:59:49','9211650014015'),('69bb59bc-dff9-40be-b1ce-44c93a5fdd78','03  44  04  05  3f  9a  7e  4c  80  20  78  b3  c4  02  65  4b  54  50  30  44  32  65  4b  54  50','0c0b303d-3f83-4d0f-b8a5-1de903e3e187','2018-03-13 03:01:38','9211650024012'),('69ed01ff-acb4-42db-85ae-7e37f0f08249','03  44  04  55  4d  8a  cf  40  80  20  75  77  81  02  80','6e68d292-4f86-40db-a969-e7d83125249a','2018-03-26 23:37:22','9211650014034'),('6a69abf5-8fce-4ef9-8db0-0f5c60c186b2','00  04  35  c6  03  be  28  78  80  e0  02  73  c8  40  13  00  90  00','daa5ef80-b57b-4162-b9b0-52c99ecc21cd','2018-03-27 01:30:42','9211750013019'),('6a73ee90-3b22-4d23-9375-3b4e235df947','00  04  ef  d5  ed  ac  28  78  f7  70  02  4a  43  4f  50  42  4d  42  32','4ab83d6a-8f59-44f3-870a-2e69417407e5','2018-03-16 23:57:30','9211750015018'),('6a74d179-1b1b-4b6a-ae2f-75d56e88a601','00  04  ef  d5  ed  ac  28  78  f7  70  02  4a  43  4f  50  42  4d  42  32','cd98b36b-f3ff-4605-bfa8-aadd34078916','2018-03-24 02:39:36','9211750015018'),('6b459b56-ed12-454c-8ab8-d44115e9b50f','00  04  b9  5f  4f  98  28  78  80  e0  02  73  c8  40  13  00  90  00','0c0b303d-3f83-4d0f-b8a5-1de903e3e187','2018-03-13 03:01:33','9211650024016'),('6cc1da20-492d-48d5-8f8a-4816c393a1ad','00  04  75  ad  3b  90  28  78  80  e0  02  73  c8  40  13  00  90  00','e0c7a3de-38ea-4869-b9fa-6876bd56090f','2018-03-17 01:37:21','9211750015016'),('6d45cb32-3131-4cad-8369-40b38d6f3ce4','00  04  99  f6  52  98  28  78  80  e0  02  73  c8  40  13  00  90  00','3d183bea-716c-49c9-accc-b8ee10c95bfb','2018-03-20 23:50:42','9211650014023'),('6e246a64-468d-4408-b102-aa3d54ec79f5',NULL,'cd98b36b-f3ff-4605-bfa8-aadd34078916','2018-03-24 02:57:12','9211750015013'),('7043934f-97d8-4939-8c7a-056629bba640','03  44  04  73  1a  aa  27  29  80  20  78  b3  c4  02  65  4b  54  50  30  44  32  65  4b  54  50','64f3235c-65c5-4f4d-bbe5-693bc4674008','2018-03-15 01:31:52','9211750014023'),('7084c965-1ee4-4518-af55-de7f284c8c59','00  04  99  f6  52  98  28  78  80  e0  02  73  c8  40  13  00  90  00','a71df026-3d1e-4c4c-9396-77e6e73de70d','2018-04-09 23:34:38','9211650014023'),('70f1ea56-4c3f-40be-af47-b9231033f100','00  04  89  b2  5f  98  28  78  80  e0  02  73  c8  40  13  00  90  00','f56eac68-d678-4467-801b-7f608d52102a','2018-03-27 23:37:45','9211650014025'),('71baa30c-a781-47f0-a3ee-656896e8934a','03  44  04  5e  16  82  c6  24  80  20  78  b3  c4  02  50  33  30  38  47  30  50  33  5f  31  30','e900eb9c-9bef-4501-8c91-9d3381359185','2018-03-23 23:30:23','9211750015010'),('721e13d6-4024-45ac-9b71-fbf4b8494a53','00  04  35  c6  03  be  28  78  80  e0  02  73  c8  40  13  00  90  00','5c87f9d2-4027-4ff5-aa03-209b9c4ad1fd','2018-03-14 02:21:46','9211750013019'),('72a65e5e-5bfb-4e78-8583-c3732c05c5f6','00  04  6f  4c  32  a8  28  38  f7  b1  4a  43  4f  50  42  4d  30  31','c4e54594-9351-4701-bf09-b29c43c87f66','2018-04-05 01:31:38','9211650014019'),('72e8da99-f867-4d99-8943-34375af6c2da','00  04  ef  1f  a5  c4  28  78  f7  70  02  4a  43  4f  50  42  4d  42  32','8beb35b3-62b5-4e79-9ea6-73713b1e3e5f','2018-03-23 00:05:00','9211750013008'),('730ae5f2-e8ec-472b-9992-f37e3c3a5cef','00  04  69  b2  5f  98  28  78  80  e0  02  73  c8  40  13  00  90  00','bb3757a9-6c0a-44e2-978a-1505523e0fa6','2018-03-15 23:36:20','9211650014007'),('747c4783-df7a-4345-8eac-4e7a1f5aae7c','03  44  04  60  42  8a  cf  40  80  20  75  77  81  02  80','d47fced7-64eb-4c96-8991-11a26751d7ed','2018-03-29 01:33:33','9211750013009'),('74fda393-177d-48af-8f55-ca48d072dd47','00  04  cf  2a  cc  3e  28  78  80  70  02  00  31  c0  64  1f  27  01  00  00  90  00','6e6d7737-b184-486a-ac5f-9f1b133c10a6','2018-03-28 01:32:55','9211750054015'),('75767b9b-97d3-43c8-93a2-ec7de5b94247','00  04  07  74  5e  95  28  78  80  e0  02  73  c8  40  13  00  90  00','4fa1b157-a9ff-4591-a881-a2b254ce7454','2018-04-04 02:51:50','9211750013015'),('75f7a203-7812-4610-86d5-91e47487fdfe','00  04  89  64  52  98  28  78  80  e0  02  73  c8  40  13  00  90  00','ea552fae-1235-4a79-9158-bd7729e0dc77','2018-04-03 01:00:06','9211650014016'),('76bb6dcb-c0cd-4f98-a454-a3c37efc0aad','00  04  af  9c  fb  71  28  78  f7  70  02  4a  43  4f  50  42  4d  42  32','8beb35b3-62b5-4e79-9ea6-73713b1e3e5f','2018-03-23 00:04:34','9211750013016'),('77ee79f8-491b-4092-8537-bd9d6335ef9a','00  04  67  55  65  95  28  78  80  e0  02  73  c8  40  13  00  90  00','2bd0a391-67ac-419d-8947-1ba62f7be0e1','2018-03-27 23:31:58','9211750013006'),('784778ca-5a4b-46b3-8f97-80bde3acd1dc','00  04  35  c6  03  be  28  78  80  e0  02  73  c8  40  13  00  90  00','6479f1ca-46e8-421a-b7ac-19316c572f99','2018-03-28 01:42:22','9211750013019'),('7979e221-bc11-4ffc-9588-a85da5b923c9','00  04  b9  b2  5f  98  28  78  80  e0  02  73  c8  40  13  00  90  00','a71df026-3d1e-4c4c-9396-77e6e73de70d','2018-04-09 23:30:44','9211650014027'),('7b250662-30e7-4a1b-8d74-122e02fb1d04','00  04  af  2f  c6  09  28  38  f7  b1  4a  43  4f  50  42  4d  30  31','d47fced7-64eb-4c96-8991-11a26751d7ed','2018-03-29 01:32:26','9211650014024'),('7c71a852-677c-4e04-942a-d0af2c5cb3b4','00  04  2f  d4  a1  51  28  78  f7  70  02  4a  43  4f  50  42  4d  42  32','daa5ef80-b57b-4162-b9b0-52c99ecc21cd','2018-03-27 01:31:14','9211750013025'),('7ecf6e19-4460-45c1-93f7-5070fbb3d52a','00  04  a5  26  03  be  28  78  80  e0  02  73  c8  40  13  00  90  00','5c87f9d2-4027-4ff5-aa03-209b9c4ad1fd','2018-03-14 02:37:23','9211750013023'),('7f2d4dc1-0655-4a63-a3c6-29d5fd7241b0','03  44  04  3b  75  2a  38  58  80  20  78  b3  c4  02  65  4b  54  50  30  44  32  65  4b  54  50','ea552fae-1235-4a79-9158-bd7729e0dc77','2018-04-03 00:59:30','9211650014011'),('7fe571c2-f4d2-4fa5-b1fd-020ad8433b7e','00  04  af  9c  fb  71  28  78  f7  70  02  4a  43  4f  50  42  4d  42  32','2bd0a391-67ac-419d-8947-1ba62f7be0e1','2018-03-27 23:31:29','9211750013016'),('80098de5-496c-415a-9fac-4d3e597fbd00','03  44  04  27  43  8a  cf  40  80  20  75  77  81  02  80','43ba2e33-4748-491f-8006-7e4eabab8bfc','2018-04-04 23:35:56','9211650053028'),('8080d352-3674-4547-a00b-d573146130e5','00  04  2f  d4  a1  51  28  78  f7  70  02  4a  43  4f  50  42  4d  42  32','5c87f9d2-4027-4ff5-aa03-209b9c4ad1fd','2018-03-14 03:07:38','9211750013025'),('812d65d3-63ca-4653-8de7-ee71f138c01b','00  04  b5  6b  3c  90  28  78  80  e0  02  73  c8  40  13  00  90  00','4ab83d6a-8f59-44f3-870a-2e69417407e5','2018-03-16 23:40:58','9211750015002'),('81feaf9d-1871-447f-b7dc-520c65def44d','00  04  07  74  5e  95  28  78  80  e0  02  73  c8  40  13  00  90  00','6479f1ca-46e8-421a-b7ac-19316c572f99','2018-03-28 01:41:10','9211750013015'),('836d2a88-0dd9-42ea-bf55-95ac4e312973','00  04  e5  a0  3b  90  28  78  80  e0  02  73  c8  40  13  00  90  00','a2c8423c-27f8-4167-8c09-c16e759cc728','2018-03-20 01:42:08','9211750013022'),('837bd07c-7c49-4a3d-84cf-1570c5ff50ed','03  44  04  60  42  8a  cf  40  80  20  75  77  81  02  80','2bd0a391-67ac-419d-8947-1ba62f7be0e1','2018-03-27 23:31:36','9211750013009'),('8840f143-262f-4e7e-88c8-b67e9f737c64','00  04  6f  4c  32  a8  28  38  f7  b1  4a  43  4f  50  42  4d  30  31','eed4c404-1639-478d-a93d-d7449b66af7c','2018-04-11 01:35:07','9211650014019'),('8851c1ad-effa-4104-8ffa-0a45c654b153','00  04  af  9c  fb  71  28  78  f7  70  02  4a  43  4f  50  42  4d  42  32','a2c8423c-27f8-4167-8c09-c16e759cc728','2018-03-20 01:41:54','9211750013016'),('890eb9bf-9a4d-4b02-bd7c-51d9c861b72f','03  44  04  7d  42  8a  cf  40  80  20  75  77  81  02  80','64f3235c-65c5-4f4d-bbe5-693bc4674008','2018-03-15 01:31:15','9211750014006'),('8b4908f7-1973-4b9b-b3c8-ffde8af1d2ae','00  04  6f  4c  32  a8  28  38  f7  b1  4a  43  4f  50  42  4d  30  31','a71df026-3d1e-4c4c-9396-77e6e73de70d','2018-04-09 23:42:54','9211650014019'),('8b90e44c-9b82-42ce-9fcb-3bfbd77f3b40','00  04  af  33  88  27  28  38  f7  b1  4a  43  4f  50  42  4d  30  31','797b40a4-f468-4e84-98d7-a9b5c0bb0cff','2018-03-14 01:32:26','9211750054012'),('8bf5c519-b168-4ef6-abe3-8c990ce534d7','00  04  cf  a8  e4  55  28  78  f7  70  02  4a  43  4f  50  42  4d  42  32','f56eac68-d678-4467-801b-7f608d52102a','2018-03-27 23:46:18','9211650014030'),('8c857f1b-2486-46c9-8934-d0211629bfab','00  04  67  55  65  95  28  78  80  e0  02  73  c8  40  13  00  90  00','d8a4452b-2401-43f8-8c4a-db10ac58f348','2018-03-13 01:41:57','9211750013006'),('8c8d93f4-91de-490d-992a-f58ab4cdce5a','00  04  b9  4a  5f  98  28  78  80  e0  02  73  c8  40  13  00  90  00','d1f4fad9-6c58-4384-b33c-e84e9dd71750','2018-03-12 23:37:27','9211650014031'),('8cc82274-969b-4766-b5e4-aa43342b2878','00  04  d5  d3  3b  90  28  78  80  e0  02  73  c8  40  13  00  90  00','4fa1b157-a9ff-4591-a881-a2b254ce7454','2018-04-04 02:48:49','9211750013012'),('8dee14bf-20d0-4463-a5f0-6cd054ae8497','00  04  2f  d4  a1  51  28  78  f7  70  02  4a  43  4f  50  42  4d  42  32','d47fced7-64eb-4c96-8991-11a26751d7ed','2018-03-29 01:31:00','9211750013025'),('8e386810-a4c4-4bb6-b36c-f130a9d2ed15','03  44  04  5e  16  82  c6  24  80  20  78  b3  c4  02  50  33  30  38  47  30  50  33  5f  31  30','cd98b36b-f3ff-4605-bfa8-aadd34078916','2018-03-24 01:30:53','9211750015010'),('904581a4-6e6b-4589-8173-cb3808d6db74','00  04  67  55  65  95  28  78  80  e0  02  73  c8  40  13  00  90  00','a2c8423c-27f8-4167-8c09-c16e759cc728','2018-03-20 01:41:50','9211750013006'),('923c985f-13ae-428f-b67d-0f7401133e2c','00  04  cf  a8  e4  55  28  78  f7  70  02  4a  43  4f  50  42  4d  42  32','5b5e229f-363b-4b59-8052-86ee4407baa2','2018-03-14 02:00:07','9211650014030'),('927d7151-6454-426c-94ea-1eb037487bc1','00  04  b5  6b  3c  90  28  78  80  e0  02  73  c8  40  13  00  90  00','cd98b36b-f3ff-4605-bfa8-aadd34078916','2018-03-24 01:30:28','9211750015002'),('93137dd0-02a9-4fb2-8cda-125acba4d10e','00  04  d0  cc  3e  1b  08  MT-SmartCampus/frontend/getats uses libnfc libnfc-1.7.1-189-g2869a','797b40a4-f468-4e84-98d7-a9b5c0bb0cff','2018-03-14 01:35:07','9211750054008'),('94fc2094-6983-4c87-bcb8-e28b73e5fefa','00  04  af  2f  c6  09  28  38  f7  b1  4a  43  4f  50  42  4d  30  31','41235f6a-2ad0-4642-9d6f-f78aca007ab8','2018-03-28 01:53:07','9211650014024'),('95999c41-6bc2-438f-8d1d-b0491c346b43','00  04  45  20  02  be  28  78  80  e0  02  73  c8  40  13  00  90  00','e900eb9c-9bef-4501-8c91-9d3381359185','2018-03-23 23:30:53','9211750015003'),('97104d8c-a5c0-48e5-8153-13c92370cd56','00  04  6f  4c  32  a8  28  38  f7  b1  4a  43  4f  50  42  4d  30  31','41235f6a-2ad0-4642-9d6f-f78aca007ab8','2018-03-28 01:35:13','9211650014019'),('9770d7b6-077f-4b06-9215-e351512e3f49','00  04  ef  1f  a5  c4  28  78  f7  70  02  4a  43  4f  50  42  4d  42  32','a2c8423c-27f8-4167-8c09-c16e759cc728','2018-03-20 01:40:53','9211750013008'),('97970049-d80d-4d1e-8af3-31cc76f426c6','00  04  b9  b2  5f  98  28  78  80  e0  02  73  c8  40  13  00  90  00','41235f6a-2ad0-4642-9d6f-f78aca007ab8','2018-03-28 01:32:05','9211650014027'),('9887c44e-7b42-4fd1-9415-d0b7fbffd691','00  04  a7  32  5e  95  28  78  80  e0  02  73  c8  40  13  00  90  00','d47fced7-64eb-4c96-8991-11a26751d7ed','2018-03-29 01:31:46','9211750013004'),('98dfb519-116b-488c-a605-91b8c7af73e6','00  04  6f  4c  32  a8  28  38  f7  b1  4a  43  4f  50  42  4d  30  31','d8a4452b-2401-43f8-8c4a-db10ac58f348','2018-03-13 02:58:05','9211650014019'),('99b2de03-6075-46f4-afad-34b6ab9f0a2b','03  44  04  6f  71  5a  3b  58  80  20  78  b3  c4  02  65  4b  54  50  30  44  32  65  4b  54  50','797b40a4-f468-4e84-98d7-a9b5c0bb0cff','2018-03-14 01:32:38','9211750054011'),('9a15cc5c-e016-43f4-b047-c8d650fb290a','00  04  97  40  65  95  28  78  80  e0  02  73  c8  40  13  00  90  00','bb3757a9-6c0a-44e2-978a-1505523e0fa6','2018-03-15 23:37:08','9211750013024'),('9a67d26b-612c-4626-8aa4-5bbc5de88ae0','00  04  2f  6b  1b  e9  28  78  f7  70  02  4a  43  4f  50  42  4d  42  32','d8a4452b-2401-43f8-8c4a-db10ac58f348','2018-03-13 01:36:45','9211750013003'),('9ae8f262-8c8f-469a-b2c2-2e45bc2c557c','00  04  af  2f  c6  09  28  38  f7  b1  4a  43  4f  50  42  4d  30  31','d1f4fad9-6c58-4384-b33c-e84e9dd71750','2018-03-12 23:34:24','9211650014024'),('9c4ac6f9-9517-4ea6-bfa5-b88ce4fb91b4','03  44  04  12  4a  8a  cf  40  80  20  75  77  81  02  80','d47fced7-64eb-4c96-8991-11a26751d7ed','2018-03-29 01:31:21','9211750013026'),('9cb7c718-f5cf-409f-8003-325d0eaaa440','00  04  f5  c4  3a  90  28  78  80  e0  02  73  c8  40  13  00  90  00','cd98b36b-f3ff-4605-bfa8-aadd34078916','2018-03-24 01:31:11','9211750015301'),('9df0f4b3-5797-4cfe-a8a3-2a6642d2ff0e','00  04  4f  d1  31  a8  28  38  f7  b1  4a  43  4f  50  42  4d  30  31','d47fced7-64eb-4c96-8991-11a26751d7ed','2018-03-29 01:32:43','9211650014033'),('9e223d82-e5f4-4c9f-9b57-72b606833078','00  04  35  c6  03  be  28  78  80  e0  02  73  c8  40  13  00  90  00','9cf112f0-e5a1-4da6-ba8e-df554ca16a3d','2018-03-20 23:37:05','9211750013019'),('9f08b1c8-385d-4735-a68d-e42c3536b4d9','00  04  ef  a3  33  a8  28  38  f7  b1  4a  43  4f  50  42  4d  30  31','d1f4fad9-6c58-4384-b33c-e84e9dd71750','2018-03-12 23:37:13','9211650014022'),('9fe33ca7-f61b-42a0-b1a8-8fe2877f2ec8','00  04  cf  a8  e4  55  28  78  f7  70  02  4a  43  4f  50  42  4d  42  32','cb269eae-0b44-40f5-a937-45139342c5d4','2018-03-20 01:01:36','9211650014030'),('a0011e09-5967-43b4-81fb-0c15fc73e51d','00  04  e5  06  0b  be  28  78  80  e0  02  73  c8  40  13  00  90  00','daa5ef80-b57b-4162-b9b0-52c99ecc21cd','2018-03-27 01:30:35','9211750013005'),('a0369ebb-d801-42a0-b130-8e4fef6d23dd','03  44  04  26  4e  8a  cf  40  80  20  75  77  81  02  80','0c0b303d-3f83-4d0f-b8a5-1de903e3e187','2018-03-13 03:01:28','9211650023009'),('a0455000-b377-43bf-8989-edb6abd177e5','03  44  04  73  50  8a  cf  40  80  20  75  77  81  02  80','2bd0a391-67ac-419d-8947-1ba62f7be0e1','2018-03-27 23:31:39','9211750013017'),('a084f0ed-1af8-42dc-816e-9c8d03401456','00  04  ef  1f  a5  c4  28  78  f7  70  02  4a  43  4f  50  42  4d  42  32','d8a4452b-2401-43f8-8c4a-db10ac58f348','2018-03-13 01:35:11','9211750013008'),('a12b3b24-c845-468c-99d7-ddafd4137225','00  04  d5  d3  3b  90  28  78  80  e0  02  73  c8  40  13  00  90  00','daa5ef80-b57b-4162-b9b0-52c99ecc21cd','2018-03-27 01:32:23','9211750013012'),('a1aa6553-6e6c-49be-95e8-43ba4b020062','00  04  ef  1f  a5  c4  28  78  f7  70  02  4a  43  4f  50  42  4d  42  32','5c87f9d2-4027-4ff5-aa03-209b9c4ad1fd','2018-03-14 01:34:15','9211750013008'),('a2476d64-b483-4a32-8ea6-3eae5126b207','00  04  2f  6b  1b  e9  28  78  f7  70  02  4a  43  4f  50  42  4d  42  32','bb3757a9-6c0a-44e2-978a-1505523e0fa6','2018-03-15 23:40:01','9211750013003'),('a2aeaf21-fede-43b4-8356-d2bdc81ec252','00  04  0f  35  34  a8  28  38  f7  b1  4a  43  4f  50  42  4d  30  31','ea552fae-1235-4a79-9158-bd7729e0dc77','2018-04-03 01:01:17','9211650014003'),('a49fb04e-f8e6-4b52-a10a-80821fbf4f76','00  04  b9  b2  5f  98  28  78  80  e0  02  73  c8  40  13  00  90  00','b7ca1144-a023-4577-b04b-1f4672a6f369','2018-03-15 01:30:40','9211650014027'),('a5cc87e0-b1e3-49af-8e44-13efa19c9922','00  04  b5  6b  3c  90  28  78  80  e0  02  73  c8  40  13  00  90  00','e900eb9c-9bef-4501-8c91-9d3381359185','2018-03-23 23:41:24','9211750015002'),('a6a26fc1-84b2-4e0e-a5e2-33dfd9dcc69d','03  44  04  55  4d  8a  cf  40  80  20  75  77  81  02  80','89f7e7be-f243-4575-ba70-fa2db561d8fa','2018-04-04 01:34:39','9211650014034'),('a793f70b-e3aa-4ebc-a0e7-40c4a9b9a181','00  04  35  c6  03  be  28  78  80  e0  02  73  c8  40  13  00  90  00','2bd0a391-67ac-419d-8947-1ba62f7be0e1','2018-03-27 23:31:06','9211750013019'),('a80d7acf-a35b-4e18-9afb-100519bb71b4','03  44  04  33  57  f2  ee  2c  80  20  78  b3  c4  02  65  4b  54  50  30  44  32  65  4b  54  50','e900eb9c-9bef-4501-8c91-9d3381359185','2018-03-23 23:30:19','9211750015015'),('a9b3fea1-3305-44a7-bdde-5aebbd231a69','00  04  45  dc  03  be  28  78  80  e0  02  73  c8  40  13  00  90  00','6479f1ca-46e8-421a-b7ac-19316c572f99','2018-03-28 01:42:54','9211750013002'),('a9c35dc2-a4f6-4e28-91b7-3400a520d98a','00  04  a7  32  5e  95  28  78  80  e0  02  73  c8  40  13  00  90  00','a2c8423c-27f8-4167-8c09-c16e759cc728','2018-03-20 01:41:40','9211750013004'),('aa798c47-d4d2-452a-bfde-aff5466c7bac','00  04  89  b2  5f  98  28  78  80  e0  02  73  c8  40  13  00  90  00','a71df026-3d1e-4c4c-9396-77e6e73de70d','2018-04-09 23:33:43','9211650014025'),('ad0f66c2-1cb5-495b-9f2c-987a251c3029','03  44  04  29  82  2a  99  2a  80  20  78  b3  c4  02  65  4b  54  50  30  44  32  65  4b  54  50','e900eb9c-9bef-4501-8c91-9d3381359185','2018-03-23 23:30:38','9211750015011'),('ad55b531-29ed-4a0b-9b62-3d83cfd098ae','00  04  ef  d5  ed  ac  28  78  f7  70  02  4a  43  4f  50  42  4d  42  32','9cf112f0-e5a1-4da6-ba8e-df554ca16a3d','2018-03-21 01:05:25','9211750015018'),('ad865702-547d-42aa-bc90-9638105fa3e8','00  04  a7  32  5e  95  28  78  80  e0  02  73  c8  40  13  00  90  00','daa5ef80-b57b-4162-b9b0-52c99ecc21cd','2018-03-27 01:34:43','9211750013004'),('af5b0d49-1265-40e2-9606-03dc3c392f62','00  04  2f  d4  a1  51  28  78  f7  70  02  4a  43  4f  50  42  4d  42  32','d8a4452b-2401-43f8-8c4a-db10ac58f348','2018-03-13 01:33:28','9211750013025'),('b0337bde-00c0-4f71-971e-dacb055c666c','00  04  2f  6b  1b  e9  28  78  f7  70  02  4a  43  4f  50  42  4d  42  32','2bd0a391-67ac-419d-8947-1ba62f7be0e1','2018-03-27 23:30:12','9211750013003'),('b038cb38-f0f3-45d2-980f-06fcc3fe4e4a','03  44  04  3b  75  2a  38  58  80  20  78  b3  c4  02  65  4b  54  50  30  44  32  65  4b  54  50','623aac6d-86d9-4b5e-ad65-fec1b8cd83a6','2018-03-28 23:36:46','9211650014011'),('b15b0b32-cfb8-4345-8909-582757a933d1','00  04  b9  b2  5f  98  28  78  80  e0  02  73  c8  40  13  00  90  00','6e68d292-4f86-40db-a969-e7d83125249a','2018-03-26 23:37:35','9211650014027'),('b2a4f8fc-82dd-47aa-9c21-9563ee8f5d3d','00  04  6f  d0  21  50  28  78  f7  70  02  4a  43  4f  50  42  4d  42  32','64f3235c-65c5-4f4d-bbe5-693bc4674008','2018-03-15 01:33:46','9211750014010'),('b793835d-1bbb-48b5-8b86-dcb09e7ea415','00  04  d5  d3  3b  90  28  78  80  e0  02  73  c8  40  13  00  90  00','6479f1ca-46e8-421a-b7ac-19316c572f99','2018-03-28 01:40:31','9211750013012'),('b87acb18-63a4-4c4a-bd9a-5d6c898b3e3e','00  04  a5  26  03  be  28  78  80  e0  02  73  c8  40  13  00  90  00','2bd0a391-67ac-419d-8947-1ba62f7be0e1','2018-03-27 23:31:43','9211750013023'),('b8a629e6-397b-4185-af92-4d823e4f0352','00  04  e5  06  0b  be  28  78  80  e0  02  73  c8  40  13  00  90  00','5c87f9d2-4027-4ff5-aa03-209b9c4ad1fd','2018-03-14 03:07:51','9211750013005'),('b8add11e-5e97-4a51-82d1-909af55aee80','00  04  ef  1f  a5  c4  28  78  f7  70  02  4a  43  4f  50  42  4d  42  32','daa5ef80-b57b-4162-b9b0-52c99ecc21cd','2018-03-27 01:31:20','9211750013008'),('b91f4e8d-01d5-421b-8963-b0579e174084','03  44  04  36  3c  2a  dc  2f  80  20  78  b3  c4  02  65  4b  54  50  30  44  32  65  4b  54  50','e0c7a3de-38ea-4869-b9fa-6876bd56090f','2018-03-17 01:37:44','9211650016011'),('ba60841f-ffe0-4c72-b3b9-7d7ee8af8445','00  04  75  ad  3b  90  28  78  80  e0  02  73  c8  40  13  00  90  00','e900eb9c-9bef-4501-8c91-9d3381359185','2018-03-23 23:51:05','9211750015016'),('bba06c06-7b42-43d2-accc-210cde90acb9','00  04  cf  2a  cc  3e  28  78  80  70  02  00  31  c0  64  1f  27  01  00  00  90  00','797b40a4-f468-4e84-98d7-a9b5c0bb0cff','2018-03-14 01:31:30','9211750054015'),('bcb754f7-90bd-4e87-a79c-3b663ad25c66','00  04  59  8f  4c  f5  28  78  80  72  02  80  31  80  66  b1  84  0c  01  6e  01  83  00  90  00','797b40a4-f468-4e84-98d7-a9b5c0bb0cff','2018-03-14 01:31:26','9211750054009'),('bd775583-ac6c-4f0c-b949-cf1c9c7c0290','00  04  b9  b2  5f  98  28  78  80  e0  02  73  c8  40  13  00  90  00','d47fced7-64eb-4c96-8991-11a26751d7ed','2018-03-29 01:32:50','9211650014027'),('bdff680d-25ac-4fd3-aa57-9637cb8896cc','03  44  04  5a  5a  7a  88  26  80  20  78  b3  c4  02  65  4b  54  50  30  44  32  65  4b  54  50','cd98b36b-f3ff-4605-bfa8-aadd34078916','2018-03-24 01:30:48','9211750015004'),('bfcd0029-10e9-47ab-9d80-82be13ac0add','00  04  35  c6  03  be  28  78  80  e0  02  73  c8  40  13  00  90  00','d47fced7-64eb-4c96-8991-11a26751d7ed','2018-03-29 03:04:06','9211750013019'),('c02badc4-9027-4560-8757-82eda089547c','03  44  04  5a  5a  7a  88  26  80  20  78  b3  c4  02  65  4b  54  50  30  44  32  65  4b  54  50','e900eb9c-9bef-4501-8c91-9d3381359185','2018-03-23 23:37:24','9211750015004'),('c195f763-4d99-4b0a-aec4-e9d7fe8c6b43','00  04  af  2f  c6  09  28  38  f7  b1  4a  43  4f  50  42  4d  30  31','a71df026-3d1e-4c4c-9396-77e6e73de70d','2018-04-09 23:42:17','9211650014024'),('c36ed2ae-3aa0-4e0f-9244-aa6960c6302c','03  44  04  5e  16  82  c6  24  80  20  78  b3  c4  02  50  33  30  38  47  30  50  33  5f  31  30','4ab83d6a-8f59-44f3-870a-2e69417407e5','2018-03-16 23:37:27','9211750015010'),('c697e3c3-b939-4cb8-ae73-91873a906f53','00  04  ef  1f  a5  c4  28  78  f7  70  02  4a  43  4f  50  42  4d  42  32','6479f1ca-46e8-421a-b7ac-19316c572f99','2018-03-28 01:32:59','9211750013008'),('c7bfed16-45ac-4616-8ce5-588991d87221','00  04  0f  22  87  50  28  78  f7  70  02  4a  43  4f  50  42  4d  42  32','cd98b36b-f3ff-4605-bfa8-aadd34078916','2018-03-24 01:30:34','9211750015014'),('c7fa0679-3319-4dc0-8263-275e43bb9548','00  04  b9  4a  5f  98  28  78  80  e0  02  73  c8  40  13  00  90  00','41235f6a-2ad0-4642-9d6f-f78aca007ab8','2018-03-28 01:30:21','9211650014031'),('c829d7be-4b43-43a9-b9b5-b245ca7b59e4','00  04  ef  a3  33  a8  28  38  f7  b1  4a  43  4f  50  42  4d  30  31','6e68d292-4f86-40db-a969-e7d83125249a','2018-03-26 23:50:20','9211650014022'),('c862e7ae-340e-4b04-bab4-1f14507468dd','00  04  89  b2  5f  98  28  78  80  e0  02  73  c8  40  13  00  90  00','3d183bea-716c-49c9-accc-b8ee10c95bfb','2018-03-21 00:06:09','9211650014025'),('c88e4ee4-dbd4-48c5-83d1-91eceb5722d3','00  04  f7  0a  65  95  28  78  80  e0  02  73  c8  40  13  00  90  00','9cf112f0-e5a1-4da6-ba8e-df554ca16a3d','2018-03-20 23:31:11','9211750015001'),('c8d326b6-5cf5-4f63-a62b-ee19dc078e0d','00  04  2f  d4  a1  51  28  78  f7  70  02  4a  43  4f  50  42  4d  42  32','a2c8423c-27f8-4167-8c09-c16e759cc728','2018-03-20 01:41:19','9211750013025'),('c9609a19-324f-4c32-a356-783ff828f12b','00  04  f7  2f  65  95  28  78  80  e0  02  73  c8  40  13  00  90  00','4ab83d6a-8f59-44f3-870a-2e69417407e5','2018-03-17 00:11:06','9211750016041'),('ca0b30f5-9885-4194-94af-6dd57d3680e7','00  04  af  9c  fb  71  28  78  f7  70  02  4a  43  4f  50  42  4d  42  32','4fa1b157-a9ff-4591-a881-a2b254ce7454','2018-04-04 02:48:35','9211750013016'),('ca5802ee-94fd-4dcd-97ba-e89f2c1bb4b2','00  04  f7  0a  65  95  28  78  80  e0  02  73  c8  40  13  00  90  00','e900eb9c-9bef-4501-8c91-9d3381359185','2018-03-23 23:30:15','9211750015001'),('cad6b66a-4efe-4f2c-bc52-98c2b4a009f3','03  44  04  55  4d  8a  cf  40  80  20  75  77  81  02  80','41235f6a-2ad0-4642-9d6f-f78aca007ab8','2018-03-28 01:32:08','9211650014034'),('cae6b584-1145-4c01-bd0f-a86772af52a0','00  04  07  74  5e  95  28  78  80  e0  02  73  c8  40  13  00  90  00','daa5ef80-b57b-4162-b9b0-52c99ecc21cd','2018-03-27 01:36:49','9211750013015'),('cbf10aec-5ae3-4462-a067-b788397a3675','00  04  a7  32  5e  95  28  78  80  e0  02  73  c8  40  13  00  90  00','d8a4452b-2401-43f8-8c4a-db10ac58f348','2018-03-13 01:34:53','9211750013004'),('cc6824dc-1f60-4920-b34f-911eaded308e','03  44  04  55  4d  8a  cf  40  80  20  75  77  81  02  80','b7ca1144-a023-4577-b04b-1f4672a6f369','2018-03-15 01:30:36','9211650014034'),('cc9044e8-7088-48a2-b818-181c52514718','00  04  af  2f  c6  09  28  38  f7  b1  4a  43  4f  50  42  4d  30  31','89f7e7be-f243-4575-ba70-fa2db561d8fa','2018-04-04 01:34:53','9211650014024'),('cd2debbf-2db4-4d0e-bebc-e4ea7c0e5ba2','00  04  b9  4a  5f  98  28  78  80  e0  02  73  c8  40  13  00  90  00','d47fced7-64eb-4c96-8991-11a26751d7ed','2018-03-29 01:30:37','9211650014031'),('cddeb7af-de84-4ce0-a1cc-809a4da70173','00  04  05  f0  3a  da  28  78  80  72  02  80  31  80  66  b1  84  0c  01  6e  01  83  00  90  00','d1f4fad9-6c58-4384-b33c-e84e9dd71750','2018-03-12 23:32:39','9211650014030'),('cea49fc0-00c4-4f46-9e55-9ca1ac0ec846','00  04  b5  6b  3c  90  28  78  80  e0  02  73  c8  40  13  00  90  00','e0c7a3de-38ea-4869-b9fa-6876bd56090f','2018-03-17 01:31:57','9211750015002'),('cea6a669-e000-4bdb-9270-a009f6f7f3db','00  04  07  74  5e  95  28  78  80  e0  02  73  c8  40  13  00  90  00','b7ca1144-a023-4577-b04b-1f4672a6f369','2018-03-15 01:30:49','9211750013015'),('d0c1d974-e2c6-421b-9654-a2d1adca40d1','00  04  b9  b2  5f  98  28  78  80  e0  02  73  c8  40  13  00  90  00','89f7e7be-f243-4575-ba70-fa2db561d8fa','2018-04-04 01:34:46','9211650014027'),('d1559048-24f9-47dd-a20b-480eec051c00','03  44  04  29  82  2a  99  2a  80  20  78  b3  c4  02  65  4b  54  50  30  44  32  65  4b  54  50','4ab83d6a-8f59-44f3-870a-2e69417407e5','2018-03-16 23:40:27','9211750015011'),('d19c87d8-5737-4fea-a568-5eee5f436b00','00  04  6f  4c  32  a8  28  38  f7  b1  4a  43  4f  50  42  4d  30  31','f56eac68-d678-4467-801b-7f608d52102a','2018-03-27 23:42:18','9211650014019'),('d63882f0-a3e0-436c-802e-45961358bcdd','03  44  04  55  4d  8a  cf  40  80  20  75  77  81  02  80','d47fced7-64eb-4c96-8991-11a26751d7ed','2018-03-29 01:32:06','9211650014034'),('d63ea470-2416-4195-b091-be7cb1dc5d37','00  04  af  9c  fb  71  28  78  f7  70  02  4a  43  4f  50  42  4d  42  32','5c87f9d2-4027-4ff5-aa03-209b9c4ad1fd','2018-03-14 02:38:24','9211750013016'),('d65b7c8d-7b0d-4312-98a8-cccbfc2a4d60','00  04  a5  26  03  be  28  78  80  e0  02  73  c8  40  13  00  90  00','6479f1ca-46e8-421a-b7ac-19316c572f99','2018-03-28 01:47:09','9211750013023'),('d6f1950d-54f3-47ed-b42f-d2c71bad92e3','03  44  04  55  4d  8a  cf  40  80  20  75  77  81  02  80','a71df026-3d1e-4c4c-9396-77e6e73de70d','2018-04-09 23:33:29','9211650014034'),('d96161dd-c0fd-464b-9022-6345c49fa712','00  04  89  b2  5f  98  28  78  80  e0  02  73  c8  40  13  00  90  00','85ba3132-cfc0-46ca-86f9-4e82cf4bc068','2018-03-21 01:46:41','9211650014025'),('d9978061-b950-49e5-82ee-576114d13c0c','00  04  e5  6a  3c  90  28  78  80  e0  02  73  c8  40  13  00  90  00','e0c7a3de-38ea-4869-b9fa-6876bd56090f','2018-03-17 01:32:19','9211750015008'),('da0857d5-4207-4140-b189-0d2a3f1841c4','00  04  2f  6b  1b  e9  28  78  f7  70  02  4a  43  4f  50  42  4d  42  32','daa5ef80-b57b-4162-b9b0-52c99ecc21cd','2018-03-27 01:31:26','9211750013003'),('dcb4d54c-7c84-4c9c-a0e2-1e6a237bc6cf','00  04  a7  6c  5a  95  28  78  80  e0  02  73  c8  40  13  00  90  00','e0c7a3de-38ea-4869-b9fa-6876bd56090f','2018-03-17 03:06:43','9211750015007'),('dcdd70ab-b86a-458e-91da-baf8782ee93c','00  04  cf  a8  e4  55  28  78  f7  70  02  4a  43  4f  50  42  4d  42  32','85ba3132-cfc0-46ca-86f9-4e82cf4bc068','2018-03-21 01:35:51','9211650014030'),('ddf67d2e-6461-4c58-8380-398f4a12b2f9','00  04  45  dc  03  be  28  78  80  e0  02  73  c8  40  13  00  90  00','4fa1b157-a9ff-4591-a881-a2b254ce7454','2018-04-04 02:49:34','9211750013002'),('de2db6f3-b7c8-4eb7-83b5-7dc9c97bded7','00  04  f7  2f  65  95  28  78  80  e0  02  73  c8  40  13  00  90  00','e900eb9c-9bef-4501-8c91-9d3381359185','2018-03-23 23:37:56','9211750016041'),('de4e1cd8-ea8c-4d7f-97b0-52b739b71b9b','00  04  6f  4c  32  a8  28  38  f7  b1  4a  43  4f  50  42  4d  30  31','89f7e7be-f243-4575-ba70-fa2db561d8fa','2018-04-04 01:40:44','9211650014019'),('dea94cd0-991d-4c22-8046-b5477ef380c0','00  04  ef  a3  33  a8  28  38  f7  b1  4a  43  4f  50  42  4d  30  31','41235f6a-2ad0-4642-9d6f-f78aca007ab8','2018-03-28 01:39:16','9211650014022'),('dfc1432c-e445-4c28-81b0-5d2e072341c1','03  44  04  87  42  8a  cf  40  80  20  75  77  81  02  80','64f3235c-65c5-4f4d-bbe5-693bc4674008','2018-03-15 01:32:04','9211750014005'),('e00e0202-d7d0-4fbb-90dd-53121b715051','00  04  45  20  02  be  28  78  80  e0  02  73  c8  40  13  00  90  00','9cf112f0-e5a1-4da6-ba8e-df554ca16a3d','2018-03-20 23:31:27','9211750015003'),('e17a0941-cee5-4a02-b253-c1fd3b577f6f','00  04  e5  06  0b  be  28  78  80  e0  02  73  c8  40  13  00  90  00','bb3757a9-6c0a-44e2-978a-1505523e0fa6','2018-03-15 23:36:12','9211750013005'),('e232b110-f985-4b73-93ca-47f7e2fa7285','00  04  cf  a8  e4  55  28  78  f7  70  02  4a  43  4f  50  42  4d  42  32','41235f6a-2ad0-4642-9d6f-f78aca007ab8','2018-03-28 01:32:44','9211650014030'),('e2ca25ee-6bf1-4aa0-bdc5-4b39d0e1532c','00  04  6f  4c  32  a8  28  38  f7  b1  4a  43  4f  50  42  4d  30  31','b7ca1144-a023-4577-b04b-1f4672a6f369','2018-03-15 01:30:19','9211650014019'),('e477353c-0975-4b30-bb0e-3befaf03f7fe','03  44  04  60  42  8a  cf  40  80  20  75  77  81  02  80','5c87f9d2-4027-4ff5-aa03-209b9c4ad1fd','2018-03-14 02:21:11','9211750013009'),('e56e3a4c-4f19-4208-a093-6929f3d1dcc7','00  04  07  74  5e  95  28  78  80  e0  02  73  c8  40  13  00  90  00','6ce96290-8eb2-4bb7-a29d-a50e43deb482','2018-03-21 03:09:29','9211750013015'),('e76e290c-6d94-43d6-b9c9-f0d5c99bd93e','00  04  6f  4c  32  a8  28  38  f7  b1  4a  43  4f  50  42  4d  30  31','daa5ef80-b57b-4162-b9b0-52c99ecc21cd','2018-03-27 01:30:14','9211650014019'),('e8ddfcf8-d97d-42fd-ad2a-70abf0f7d38a','00  04  e5  06  0b  be  28  78  80  e0  02  73  c8  40  13  00  90  00','d8a4452b-2401-43f8-8c4a-db10ac58f348','2018-03-13 01:35:20','9211750013005'),('ea5ea1a6-5d3b-4724-8d7a-059d82051a32','00  04  af  2f  c6  09  28  38  f7  b1  4a  43  4f  50  42  4d  30  31','3d183bea-716c-49c9-accc-b8ee10c95bfb','2018-03-21 00:05:35','9211650014024'),('eab63a06-0b0f-444c-a9c9-4b29720d682d','00  04  cf  a8  e4  55  28  78  f7  70  02  4a  43  4f  50  42  4d  42  32','3d183bea-716c-49c9-accc-b8ee10c95bfb','2018-03-20 23:50:48','9211650014030'),('ec3b0e18-16cf-463e-8cd6-2a97aa9705ec','00  04  69  b2  5f  98  28  78  80  e0  02  73  c8  40  13  00  90  00','d8a4452b-2401-43f8-8c4a-db10ac58f348','2018-03-13 01:38:29','9211650014007'),('ed2f00b6-7c57-4de0-b848-3c2a5f235a9e','00  04  89  b2  5f  98  28  78  80  e0  02  73  c8  40  13  00  90  00','6e68d292-4f86-40db-a969-e7d83125249a','2018-03-26 23:37:44','9211650014025'),('edd5499b-9b85-4b03-b639-4382fc57852b','00  04  cf  e1  71  dc  28  38  f7  b1  4a  43  4f  50  42  4d  30  31','43ba2e33-4748-491f-8006-7e4eabab8bfc','2018-04-04 23:34:51','9211650053030'),('eeb4834f-f378-40d5-b6d1-1e2936ae49b8','00  04  b9  4a  5f  98  28  78  80  e0  02  73  c8  40  13  00  90  00','8694952e-9fc7-4196-82d6-a0522b2bc178','2018-04-03 23:50:18','9211650014031'),('ef4c2733-ca16-4780-a8ec-1736aa0aa349','00  04  e5  a0  3b  90  28  78  80  e0  02  73  c8  40  13  00  90  00','6479f1ca-46e8-421a-b7ac-19316c572f99','2018-03-28 01:41:07','9211750013022'),('ef6dc2b3-f2f1-4aae-bc90-2da759761103','03  44  04  55  4d  8a  cf  40  80  20  75  77  81  02  80','f56eac68-d678-4467-801b-7f608d52102a','2018-03-27 23:37:31','9211650014034'),('efda9f63-6b79-424a-83d1-b93e6d47b02b','00  04  07  74  5e  95  28  78  80  e0  02  73  c8  40  13  00  90  00','d8a4452b-2401-43f8-8c4a-db10ac58f348','2018-03-13 01:37:00','9211750013015'),('f0d47cbe-9cd4-42c1-a846-b4d108e5cc01','00  04  99  f6  52  98  28  78  80  e0  02  73  c8  40  13  00  90  00','d47fced7-64eb-4c96-8991-11a26751d7ed','2018-03-29 01:32:23','9211650014023'),('f2cae4e8-882f-4464-9850-d073190a9daa','03  44  04  32  1d  92  d6  2a  80  20  78  b3  c4  02  65  4b  54  50  30  44  32  65  4b  54  50','cd98b36b-f3ff-4605-bfa8-aadd34078916','2018-03-24 02:39:28','9211750015006'),('f5b75ec9-6674-4674-a6b2-4343c3040292','00  04  45  dc  03  be  28  78  80  e0  02  73  c8  40  13  00  90  00','2bd0a391-67ac-419d-8947-1ba62f7be0e1','2018-03-27 23:31:18','9211750013002'),('f6152f69-a4ba-4c53-a64f-e3c8cbfd686f','00  04  a5  26  03  be  28  78  80  e0  02  73  c8  40  13  00  90  00','bb3757a9-6c0a-44e2-978a-1505523e0fa6','2018-03-15 23:36:15','9211750013023'),('f6c6669a-ab2a-4c0b-8dcc-8db7afafc1f1','03  44  04  54  13  02  90  28  80  20  78  b3  c4  02  65  4b  54  50  30  44  32  65  4b  54  50','797b40a4-f468-4e84-98d7-a9b5c0bb0cff','2018-03-14 01:32:19','9211750054001'),('f6fa63b7-77eb-400f-bee8-42a97538a630','03  44  04  73  50  8a  cf  40  80  20  75  77  81  02  80','d8a4452b-2401-43f8-8c4a-db10ac58f348','2018-03-13 01:42:25','9211750013017'),('fb739fcb-a7c4-408b-ad8f-df8cb869ebb2','03  44  04  32  1d  92  d6  2a  80  20  78  b3  c4  02  65  4b  54  50  30  44  32  65  4b  54  50','e900eb9c-9bef-4501-8c91-9d3381359185','2018-03-23 23:49:48','9211750015006'),('fbacb3cf-1ebb-424a-a056-a542603b379c','00  04  2f  d4  a1  51  28  78  f7  70  02  4a  43  4f  50  42  4d  42  32','6479f1ca-46e8-421a-b7ac-19316c572f99','2018-03-28 01:42:58','9211750013025'),('fc404493-d9eb-4165-8baf-3e8708bab98e','00  04  b9  4a  5f  98  28  78  80  e0  02  73  c8  40  13  00  90  00','3d183bea-716c-49c9-accc-b8ee10c95bfb','2018-03-21 00:05:31','9211650014031'),('fe79e032-29bd-498d-b577-5e2384345d48','00  04  2f  d4  a1  51  28  78  f7  70  02  4a  43  4f  50  42  4d  42  32','4fa1b157-a9ff-4591-a881-a2b254ce7454','2018-04-04 02:48:31','9211750013025'),('ffdcaeb3-6d0e-44f9-9549-26cc6ad85faa','00  04  6f  4c  32  a8  28  38  f7  b1  4a  43  4f  50  42  4d  30  31','d47fced7-64eb-4c96-8991-11a26751d7ed','2018-03-29 01:30:13','9211650014019');
/*!40000 ALTER TABLE `absen` ENABLE KEYS */;
UNLOCK TABLES;

--
-- Table structure for table `ambilkelas`
--

DROP TABLE IF EXISTS `ambilkelas`;
/*!40101 SET @saved_cs_client     = @@character_set_client */;
/*!40101 SET character_set_client = utf8 */;
CREATE TABLE `ambilkelas` (
  `id_kelas_matkul` varchar(255) NOT NULL,
  `nrp` varchar(255) NOT NULL,
  KEY `fk_ambilkelas2` (`nrp`),
  KEY `fk_ambilkelas1` (`id_kelas_matkul`),
  CONSTRAINT `fk_ambilkelas1` FOREIGN KEY (`id_kelas_matkul`) REFERENCES `kelasmatkul` (`id_kelas_matkul`) ON DELETE CASCADE ON UPDATE CASCADE,
  CONSTRAINT `fk_ambilkelas2` FOREIGN KEY (`nrp`) REFERENCES `mahasiswa` (`nrp`) ON DELETE CASCADE ON UPDATE CASCADE
) ENGINE=InnoDB DEFAULT CHARSET=utf8;
/*!40101 SET character_set_client = @saved_cs_client */;

--
-- Dumping data for table `ambilkelas`
--

LOCK TABLES `ambilkelas` WRITE;
/*!40000 ALTER TABLE `ambilkelas` DISABLE KEYS */;
INSERT INTO `ambilkelas` VALUES ('7b491361-7fce-459d-83a6-2fd0441fd23c','9211650014007'),('7b491361-7fce-459d-83a6-2fd0441fd23c','9211750013001'),('7b491361-7fce-459d-83a6-2fd0441fd23c','9211750013002'),('7b491361-7fce-459d-83a6-2fd0441fd23c','9211750013003'),('7b491361-7fce-459d-83a6-2fd0441fd23c','9211750013004'),('7b491361-7fce-459d-83a6-2fd0441fd23c','9211750013005'),('7b491361-7fce-459d-83a6-2fd0441fd23c','9211750013006'),('7b491361-7fce-459d-83a6-2fd0441fd23c','9211750013008'),('7b491361-7fce-459d-83a6-2fd0441fd23c','9211750013009'),('7b491361-7fce-459d-83a6-2fd0441fd23c','9211750013012'),('7b491361-7fce-459d-83a6-2fd0441fd23c','9211750013015'),('7b491361-7fce-459d-83a6-2fd0441fd23c','9211750013016'),('7b491361-7fce-459d-83a6-2fd0441fd23c','9211750013017'),('7b491361-7fce-459d-83a6-2fd0441fd23c','9211750013018'),('7b491361-7fce-459d-83a6-2fd0441fd23c','9211750013019'),('7b491361-7fce-459d-83a6-2fd0441fd23c','9211750013022'),('7b491361-7fce-459d-83a6-2fd0441fd23c','9211750013023'),('7b491361-7fce-459d-83a6-2fd0441fd23c','9211750013024'),('7b491361-7fce-459d-83a6-2fd0441fd23c','9211750013025'),('7b491361-7fce-459d-83a6-2fd0441fd23c','9211750013026'),('7b491361-7fce-459d-83a6-2fd0441fd23c','9211750013027'),('418a5577-cf2a-4d9b-a2ca-3a93f01c6559','9211650014007'),('418a5577-cf2a-4d9b-a2ca-3a93f01c6559','9211650014019'),('418a5577-cf2a-4d9b-a2ca-3a93f01c6559','9211650014036'),('418a5577-cf2a-4d9b-a2ca-3a93f01c6559','9211750013001'),('418a5577-cf2a-4d9b-a2ca-3a93f01c6559','9211750013002'),('418a5577-cf2a-4d9b-a2ca-3a93f01c6559','9211750013003'),('418a5577-cf2a-4d9b-a2ca-3a93f01c6559','9211750013004'),('418a5577-cf2a-4d9b-a2ca-3a93f01c6559','9211750013005'),('418a5577-cf2a-4d9b-a2ca-3a93f01c6559','9211750013006'),('418a5577-cf2a-4d9b-a2ca-3a93f01c6559','9211750013008'),('418a5577-cf2a-4d9b-a2ca-3a93f01c6559','9211750013009'),('418a5577-cf2a-4d9b-a2ca-3a93f01c6559','9211750013012'),('418a5577-cf2a-4d9b-a2ca-3a93f01c6559','9211750013015'),('418a5577-cf2a-4d9b-a2ca-3a93f01c6559','9211750013016'),('418a5577-cf2a-4d9b-a2ca-3a93f01c6559','9211750013017'),('418a5577-cf2a-4d9b-a2ca-3a93f01c6559','9211750013018'),('418a5577-cf2a-4d9b-a2ca-3a93f01c6559','9211750013019'),('418a5577-cf2a-4d9b-a2ca-3a93f01c6559','9211750013022'),('418a5577-cf2a-4d9b-a2ca-3a93f01c6559','9211750013023'),('418a5577-cf2a-4d9b-a2ca-3a93f01c6559','9211750013024'),('418a5577-cf2a-4d9b-a2ca-3a93f01c6559','9211750013025'),('418a5577-cf2a-4d9b-a2ca-3a93f01c6559','9211750013026'),('418a5577-cf2a-4d9b-a2ca-3a93f01c6559','9211750013027'),('b803edd4-7862-4a0a-a731-33f8b2bc124a','9211650013002'),('b803edd4-7862-4a0a-a731-33f8b2bc124a','9211650013004'),('b803edd4-7862-4a0a-a731-33f8b2bc124a','9211650013007'),('b803edd4-7862-4a0a-a731-33f8b2bc124a','9211650013010'),('b803edd4-7862-4a0a-a731-33f8b2bc124a','9211650013011'),('b803edd4-7862-4a0a-a731-33f8b2bc124a','9211650013013'),('b803edd4-7862-4a0a-a731-33f8b2bc124a','9211650013014'),('b803edd4-7862-4a0a-a731-33f8b2bc124a','9211650013016'),('b803edd4-7862-4a0a-a731-33f8b2bc124a','9211650013022'),('b803edd4-7862-4a0a-a731-33f8b2bc124a','9211650013023'),('b803edd4-7862-4a0a-a731-33f8b2bc124a','9211650013024'),('b803edd4-7862-4a0a-a731-33f8b2bc124a','9211650013025'),('b803edd4-7862-4a0a-a731-33f8b2bc124a','9211650013027'),('b803edd4-7862-4a0a-a731-33f8b2bc124a','9211650013030'),('b803edd4-7862-4a0a-a731-33f8b2bc124a','9211650013031'),('b803edd4-7862-4a0a-a731-33f8b2bc124a','9211650013033'),('b803edd4-7862-4a0a-a731-33f8b2bc124a','9211650013039'),('b803edd4-7862-4a0a-a731-33f8b2bc124a','9211650013045'),('b803edd4-7862-4a0a-a731-33f8b2bc124a','9211650013049'),('b803edd4-7862-4a0a-a731-33f8b2bc124a','9211650013054'),('b803edd4-7862-4a0a-a731-33f8b2bc124a','9211650015007'),('b803edd4-7862-4a0a-a731-33f8b2bc124a','9211650015033'),('f57ba6cc-7411-4b68-b275-9615b5260665','9211650014001'),('f57ba6cc-7411-4b68-b275-9615b5260665','9211650014002'),('f57ba6cc-7411-4b68-b275-9615b5260665','9211650014003'),('f57ba6cc-7411-4b68-b275-9615b5260665','9211650014005'),('f57ba6cc-7411-4b68-b275-9615b5260665','9211650014006'),('f57ba6cc-7411-4b68-b275-9615b5260665','9211650014008'),('f57ba6cc-7411-4b68-b275-9615b5260665','9211650014011'),('f57ba6cc-7411-4b68-b275-9615b5260665','9211650014012'),('f57ba6cc-7411-4b68-b275-9615b5260665','9211650014013'),('f57ba6cc-7411-4b68-b275-9615b5260665','9211650014014'),('f57ba6cc-7411-4b68-b275-9615b5260665','9211650014015'),('f57ba6cc-7411-4b68-b275-9615b5260665','9211650014016'),('f57ba6cc-7411-4b68-b275-9615b5260665','9211650014017'),('f57ba6cc-7411-4b68-b275-9615b5260665','9211650014037'),('f57ba6cc-7411-4b68-b275-9615b5260665','9211650014038'),('f57ba6cc-7411-4b68-b275-9615b5260665','9211650015003'),('f57ba6cc-7411-4b68-b275-9615b5260665','9211650015010'),('f57ba6cc-7411-4b68-b275-9615b5260665','9211650015027'),('f57ba6cc-7411-4b68-b275-9615b5260665','9211650015040'),('c0aea459-88a9-44a6-a7d2-969d63d4f4db','9211550023003'),('c0aea459-88a9-44a6-a7d2-969d63d4f4db','9211650023001'),('c0aea459-88a9-44a6-a7d2-969d63d4f4db','9211650023003'),('c0aea459-88a9-44a6-a7d2-969d63d4f4db','9211650023004'),('c0aea459-88a9-44a6-a7d2-969d63d4f4db','9211650023005'),('c0aea459-88a9-44a6-a7d2-969d63d4f4db','9211650023006'),('c0aea459-88a9-44a6-a7d2-969d63d4f4db','9211650023007'),('c0aea459-88a9-44a6-a7d2-969d63d4f4db','9211650023008'),('c0aea459-88a9-44a6-a7d2-969d63d4f4db','9211650023009'),('c0aea459-88a9-44a6-a7d2-969d63d4f4db','9211650023011'),('c0aea459-88a9-44a6-a7d2-969d63d4f4db','9211650023013'),('c0aea459-88a9-44a6-a7d2-969d63d4f4db','9211650023016'),('c0aea459-88a9-44a6-a7d2-969d63d4f4db','9211650023018'),('c0aea459-88a9-44a6-a7d2-969d63d4f4db','9211650023019'),('c0aea459-88a9-44a6-a7d2-969d63d4f4db','9211650023020'),('c0aea459-88a9-44a6-a7d2-969d63d4f4db','9211650023021'),('c0aea459-88a9-44a6-a7d2-969d63d4f4db','9211650023024'),('c0aea459-88a9-44a6-a7d2-969d63d4f4db','9211650024002'),('c0aea459-88a9-44a6-a7d2-969d63d4f4db','9211650024005'),('c0aea459-88a9-44a6-a7d2-969d63d4f4db','9211650024006'),('c0aea459-88a9-44a6-a7d2-969d63d4f4db','9211650024007'),('c0aea459-88a9-44a6-a7d2-969d63d4f4db','9211650024011'),('c0aea459-88a9-44a6-a7d2-969d63d4f4db','9211650024012'),('c0aea459-88a9-44a6-a7d2-969d63d4f4db','9211650024013'),('c0aea459-88a9-44a6-a7d2-969d63d4f4db','9211650024014'),('c0aea459-88a9-44a6-a7d2-969d63d4f4db','9211650024015'),('c0aea459-88a9-44a6-a7d2-969d63d4f4db','9211650024016'),('c0aea459-88a9-44a6-a7d2-969d63d4f4db','9211650024017'),('c0aea459-88a9-44a6-a7d2-969d63d4f4db','9211650025005'),('b5651af9-d3f9-4693-9080-bbc74ecd7e6d','9211550013020'),('b5651af9-d3f9-4693-9080-bbc74ecd7e6d','9211650014019'),('b5651af9-d3f9-4693-9080-bbc74ecd7e6d','9211650014022'),('b5651af9-d3f9-4693-9080-bbc74ecd7e6d','9211650014023'),('b5651af9-d3f9-4693-9080-bbc74ecd7e6d','9211650014024'),('b5651af9-d3f9-4693-9080-bbc74ecd7e6d','9211650014025'),('b5651af9-d3f9-4693-9080-bbc74ecd7e6d','9211650014026'),('b5651af9-d3f9-4693-9080-bbc74ecd7e6d','9211650014027'),('b5651af9-d3f9-4693-9080-bbc74ecd7e6d','9211650014028'),('b5651af9-d3f9-4693-9080-bbc74ecd7e6d','9211650014029'),('b5651af9-d3f9-4693-9080-bbc74ecd7e6d','9211650014030'),('b5651af9-d3f9-4693-9080-bbc74ecd7e6d','9211650014031'),('b5651af9-d3f9-4693-9080-bbc74ecd7e6d','9211650014032'),('b5651af9-d3f9-4693-9080-bbc74ecd7e6d','9211650014033'),('b5651af9-d3f9-4693-9080-bbc74ecd7e6d','9211650014034'),('b5651af9-d3f9-4693-9080-bbc74ecd7e6d','9211650014035'),('9abd44ef-8cb4-4898-bb9e-8100b05ecfda','9211650014001'),('9abd44ef-8cb4-4898-bb9e-8100b05ecfda','9211650014002'),('9abd44ef-8cb4-4898-bb9e-8100b05ecfda','9211650014003'),('9abd44ef-8cb4-4898-bb9e-8100b05ecfda','9211650014005'),('9abd44ef-8cb4-4898-bb9e-8100b05ecfda','9211650014006'),('9abd44ef-8cb4-4898-bb9e-8100b05ecfda','9211650014008'),('9abd44ef-8cb4-4898-bb9e-8100b05ecfda','9211650014011'),('9abd44ef-8cb4-4898-bb9e-8100b05ecfda','9211650014012'),('9abd44ef-8cb4-4898-bb9e-8100b05ecfda','9211650014013'),('9abd44ef-8cb4-4898-bb9e-8100b05ecfda','9211650014014'),('9abd44ef-8cb4-4898-bb9e-8100b05ecfda','9211650014015'),('9abd44ef-8cb4-4898-bb9e-8100b05ecfda','9211650014016'),('9abd44ef-8cb4-4898-bb9e-8100b05ecfda','9211650014017'),('9abd44ef-8cb4-4898-bb9e-8100b05ecfda','9211650014037'),('9abd44ef-8cb4-4898-bb9e-8100b05ecfda','9211650014038'),('c878096e-c342-4dac-91b5-546948a6e5dc','9211750013001'),('c878096e-c342-4dac-91b5-546948a6e5dc','9211750013024'),('c878096e-c342-4dac-91b5-546948a6e5dc','9211750014002'),('c878096e-c342-4dac-91b5-546948a6e5dc','9211750014003'),('c878096e-c342-4dac-91b5-546948a6e5dc','9211750014004'),('c878096e-c342-4dac-91b5-546948a6e5dc','9211750014005'),('c878096e-c342-4dac-91b5-546948a6e5dc','9211750014006'),('c878096e-c342-4dac-91b5-546948a6e5dc','9211750014007'),('c878096e-c342-4dac-91b5-546948a6e5dc','9211750014008'),('c878096e-c342-4dac-91b5-546948a6e5dc','9211750014009'),('c878096e-c342-4dac-91b5-546948a6e5dc','9211750014010'),('c878096e-c342-4dac-91b5-546948a6e5dc','9211750014011'),('c878096e-c342-4dac-91b5-546948a6e5dc','9211750014012'),('c878096e-c342-4dac-91b5-546948a6e5dc','9211750014013'),('c878096e-c342-4dac-91b5-546948a6e5dc','9211750014014'),('c878096e-c342-4dac-91b5-546948a6e5dc','9211750014015'),('c878096e-c342-4dac-91b5-546948a6e5dc','9211750014016'),('c878096e-c342-4dac-91b5-546948a6e5dc','9211750014017'),('c878096e-c342-4dac-91b5-546948a6e5dc','9211750014018'),('c878096e-c342-4dac-91b5-546948a6e5dc','9211750014019'),('c878096e-c342-4dac-91b5-546948a6e5dc','9211750014020'),('c878096e-c342-4dac-91b5-546948a6e5dc','9211750014021'),('c878096e-c342-4dac-91b5-546948a6e5dc','9211750014022'),('c878096e-c342-4dac-91b5-546948a6e5dc','9211750014023'),('c878096e-c342-4dac-91b5-546948a6e5dc','9211750014024'),('bbaa9826-4acf-416e-b4de-b34980f4ad9c','9211650013049'),('bbaa9826-4acf-416e-b4de-b34980f4ad9c','9211650014001'),('bbaa9826-4acf-416e-b4de-b34980f4ad9c','9211650014002'),('bbaa9826-4acf-416e-b4de-b34980f4ad9c','9211650014003'),('bbaa9826-4acf-416e-b4de-b34980f4ad9c','9211650014005'),('bbaa9826-4acf-416e-b4de-b34980f4ad9c','9211650014006'),('bbaa9826-4acf-416e-b4de-b34980f4ad9c','9211650014008'),('bbaa9826-4acf-416e-b4de-b34980f4ad9c','9211650014011'),('bbaa9826-4acf-416e-b4de-b34980f4ad9c','9211650014012'),('bbaa9826-4acf-416e-b4de-b34980f4ad9c','9211650014013'),('bbaa9826-4acf-416e-b4de-b34980f4ad9c','9211650014014'),('bbaa9826-4acf-416e-b4de-b34980f4ad9c','9211650014015'),('bbaa9826-4acf-416e-b4de-b34980f4ad9c','9211650014016'),('bbaa9826-4acf-416e-b4de-b34980f4ad9c','9211650014017'),('bbaa9826-4acf-416e-b4de-b34980f4ad9c','9211650014037'),('bbaa9826-4acf-416e-b4de-b34980f4ad9c','9211650014038'),('bbaa9826-4acf-416e-b4de-b34980f4ad9c','9211650015027'),('bbaa9826-4acf-416e-b4de-b34980f4ad9c','9211650015034'),('bbaa9826-4acf-416e-b4de-b34980f4ad9c','9211750013002'),('bbaa9826-4acf-416e-b4de-b34980f4ad9c','9211750013003'),('bbaa9826-4acf-416e-b4de-b34980f4ad9c','9211750013004'),('bbaa9826-4acf-416e-b4de-b34980f4ad9c','9211750013008'),('bbaa9826-4acf-416e-b4de-b34980f4ad9c','9211750013016'),('bbaa9826-4acf-416e-b4de-b34980f4ad9c','9211750013018'),('bbaa9826-4acf-416e-b4de-b34980f4ad9c','9211750013019'),('bbaa9826-4acf-416e-b4de-b34980f4ad9c','9211750013020'),('bbaa9826-4acf-416e-b4de-b34980f4ad9c','9211750013025'),('bbaa9826-4acf-416e-b4de-b34980f4ad9c','9211750013027'),('bbaa9826-4acf-416e-b4de-b34980f4ad9c','9211750015008'),('bbaa9826-4acf-416e-b4de-b34980f4ad9c','9211750015018'),('1ec49fb0-6bd1-4a9e-8eec-bce3e37515b2','9211650014007'),('1ec49fb0-6bd1-4a9e-8eec-bce3e37515b2','9211750013001'),('1ec49fb0-6bd1-4a9e-8eec-bce3e37515b2','9211750013002'),('1ec49fb0-6bd1-4a9e-8eec-bce3e37515b2','9211750013003'),('1ec49fb0-6bd1-4a9e-8eec-bce3e37515b2','9211750013004'),('1ec49fb0-6bd1-4a9e-8eec-bce3e37515b2','9211750013005'),('1ec49fb0-6bd1-4a9e-8eec-bce3e37515b2','9211750013006'),('1ec49fb0-6bd1-4a9e-8eec-bce3e37515b2','9211750013008'),('1ec49fb0-6bd1-4a9e-8eec-bce3e37515b2','9211750013009'),('1ec49fb0-6bd1-4a9e-8eec-bce3e37515b2','9211750013012'),('1ec49fb0-6bd1-4a9e-8eec-bce3e37515b2','9211750013015'),('1ec49fb0-6bd1-4a9e-8eec-bce3e37515b2','9211750013016'),('1ec49fb0-6bd1-4a9e-8eec-bce3e37515b2','9211750013017'),('1ec49fb0-6bd1-4a9e-8eec-bce3e37515b2','9211750013018'),('1ec49fb0-6bd1-4a9e-8eec-bce3e37515b2','9211750013019'),('1ec49fb0-6bd1-4a9e-8eec-bce3e37515b2','9211750013020'),('1ec49fb0-6bd1-4a9e-8eec-bce3e37515b2','9211750013022'),('1ec49fb0-6bd1-4a9e-8eec-bce3e37515b2','9211750013023'),('1ec49fb0-6bd1-4a9e-8eec-bce3e37515b2','9211750013024'),('1ec49fb0-6bd1-4a9e-8eec-bce3e37515b2','9211750013025'),('1ec49fb0-6bd1-4a9e-8eec-bce3e37515b2','9211750013026'),('1ec49fb0-6bd1-4a9e-8eec-bce3e37515b2','9211750013027'),('0129abd1-2f0c-44e8-8567-045e213d8d7a','9211650014019'),('0129abd1-2f0c-44e8-8567-045e213d8d7a','9211650014022'),('0129abd1-2f0c-44e8-8567-045e213d8d7a','9211650014023'),('0129abd1-2f0c-44e8-8567-045e213d8d7a','9211650014024'),('0129abd1-2f0c-44e8-8567-045e213d8d7a','9211650014025'),('0129abd1-2f0c-44e8-8567-045e213d8d7a','9211650014026'),('0129abd1-2f0c-44e8-8567-045e213d8d7a','9211650014027'),('0129abd1-2f0c-44e8-8567-045e213d8d7a','9211650014028'),('0129abd1-2f0c-44e8-8567-045e213d8d7a','9211650014029'),('0129abd1-2f0c-44e8-8567-045e213d8d7a','9211650014030'),('0129abd1-2f0c-44e8-8567-045e213d8d7a','9211650014031'),('0129abd1-2f0c-44e8-8567-045e213d8d7a','9211650014032'),('0129abd1-2f0c-44e8-8567-045e213d8d7a','9211650014033'),('0129abd1-2f0c-44e8-8567-045e213d8d7a','9211650014034'),('0129abd1-2f0c-44e8-8567-045e213d8d7a','9211650014035'),('0129abd1-2f0c-44e8-8567-045e213d8d7a','9211650014036'),('0129abd1-2f0c-44e8-8567-045e213d8d7a','9211650015032'),('0129abd1-2f0c-44e8-8567-045e213d8d7a','9211650015033'),('0129abd1-2f0c-44e8-8567-045e213d8d7a','9211650015034'),('0129abd1-2f0c-44e8-8567-045e213d8d7a','9211650015036'),('0129abd1-2f0c-44e8-8567-045e213d8d7a','9211650015038'),('eb80408b-87b0-4db9-822c-d6c377dd73f6','9211550013020'),('eb80408b-87b0-4db9-822c-d6c377dd73f6','9211650014019'),('eb80408b-87b0-4db9-822c-d6c377dd73f6','9211650014022'),('eb80408b-87b0-4db9-822c-d6c377dd73f6','9211650014023'),('eb80408b-87b0-4db9-822c-d6c377dd73f6','9211650014024'),('eb80408b-87b0-4db9-822c-d6c377dd73f6','9211650014025'),('eb80408b-87b0-4db9-822c-d6c377dd73f6','9211650014026'),('eb80408b-87b0-4db9-822c-d6c377dd73f6','9211650014027'),('eb80408b-87b0-4db9-822c-d6c377dd73f6','9211650014028'),('eb80408b-87b0-4db9-822c-d6c377dd73f6','9211650014029'),('eb80408b-87b0-4db9-822c-d6c377dd73f6','9211650014030'),('eb80408b-87b0-4db9-822c-d6c377dd73f6','9211650014031'),('eb80408b-87b0-4db9-822c-d6c377dd73f6','9211650014032'),('eb80408b-87b0-4db9-822c-d6c377dd73f6','9211650014033'),('eb80408b-87b0-4db9-822c-d6c377dd73f6','9211650014034'),('eb80408b-87b0-4db9-822c-d6c377dd73f6','9211650014035'),('eb80408b-87b0-4db9-822c-d6c377dd73f6','9211650014036'),('eb80408b-87b0-4db9-822c-d6c377dd73f6','9211750015005'),('751f81dd-6be6-4197-9dc9-f928b3b43b14','9211750054001'),('751f81dd-6be6-4197-9dc9-f928b3b43b14','9211750054002'),('751f81dd-6be6-4197-9dc9-f928b3b43b14','9211750054003'),('751f81dd-6be6-4197-9dc9-f928b3b43b14','9211750054004'),('751f81dd-6be6-4197-9dc9-f928b3b43b14','9211750054005'),('751f81dd-6be6-4197-9dc9-f928b3b43b14','9211750054006'),('751f81dd-6be6-4197-9dc9-f928b3b43b14','9211750054007'),('751f81dd-6be6-4197-9dc9-f928b3b43b14','9211750054008'),('751f81dd-6be6-4197-9dc9-f928b3b43b14','9211750054009'),('751f81dd-6be6-4197-9dc9-f928b3b43b14','9211750054010'),('751f81dd-6be6-4197-9dc9-f928b3b43b14','9211750054011'),('751f81dd-6be6-4197-9dc9-f928b3b43b14','9211750054012'),('751f81dd-6be6-4197-9dc9-f928b3b43b14','9211750054014'),('751f81dd-6be6-4197-9dc9-f928b3b43b14','9211750054015'),('6ef3ccc0-a673-4c1a-8789-207048b3436d','9211650013011'),('6ef3ccc0-a673-4c1a-8789-207048b3436d','9211750014002'),('6ef3ccc0-a673-4c1a-8789-207048b3436d','9211750014003'),('6ef3ccc0-a673-4c1a-8789-207048b3436d','9211750014004'),('6ef3ccc0-a673-4c1a-8789-207048b3436d','9211750014005'),('6ef3ccc0-a673-4c1a-8789-207048b3436d','9211750014006'),('6ef3ccc0-a673-4c1a-8789-207048b3436d','9211750014007'),('6ef3ccc0-a673-4c1a-8789-207048b3436d','9211750014008'),('6ef3ccc0-a673-4c1a-8789-207048b3436d','9211750014009'),('6ef3ccc0-a673-4c1a-8789-207048b3436d','9211750014010'),('6ef3ccc0-a673-4c1a-8789-207048b3436d','9211750014011'),('6ef3ccc0-a673-4c1a-8789-207048b3436d','9211750014012'),('6ef3ccc0-a673-4c1a-8789-207048b3436d','9211750014013'),('6ef3ccc0-a673-4c1a-8789-207048b3436d','9211750014014'),('6ef3ccc0-a673-4c1a-8789-207048b3436d','9211750014015'),('6ef3ccc0-a673-4c1a-8789-207048b3436d','9211750014016'),('6ef3ccc0-a673-4c1a-8789-207048b3436d','9211750014017'),('6ef3ccc0-a673-4c1a-8789-207048b3436d','9211750014018'),('6ef3ccc0-a673-4c1a-8789-207048b3436d','9211750014019'),('6ef3ccc0-a673-4c1a-8789-207048b3436d','9211750014020'),('6ef3ccc0-a673-4c1a-8789-207048b3436d','9211750014021'),('6ef3ccc0-a673-4c1a-8789-207048b3436d','9211750014022'),('6ef3ccc0-a673-4c1a-8789-207048b3436d','9211750014023'),('6ef3ccc0-a673-4c1a-8789-207048b3436d','9211750014024'),('51c904eb-de19-4fcf-812b-45510e134120','9211750014002'),('51c904eb-de19-4fcf-812b-45510e134120','9211750014003'),('51c904eb-de19-4fcf-812b-45510e134120','9211750014004'),('51c904eb-de19-4fcf-812b-45510e134120','9211750014005'),('51c904eb-de19-4fcf-812b-45510e134120','9211750014006'),('51c904eb-de19-4fcf-812b-45510e134120','9211750014007'),('51c904eb-de19-4fcf-812b-45510e134120','9211750014008'),('51c904eb-de19-4fcf-812b-45510e134120','9211750014009'),('51c904eb-de19-4fcf-812b-45510e134120','9211750014010'),('51c904eb-de19-4fcf-812b-45510e134120','9211750014011'),('51c904eb-de19-4fcf-812b-45510e134120','9211750014012'),('51c904eb-de19-4fcf-812b-45510e134120','9211750014013'),('51c904eb-de19-4fcf-812b-45510e134120','9211750014014'),('51c904eb-de19-4fcf-812b-45510e134120','9211750014015'),('51c904eb-de19-4fcf-812b-45510e134120','9211750014016'),('51c904eb-de19-4fcf-812b-45510e134120','9211750014017'),('51c904eb-de19-4fcf-812b-45510e134120','9211750014018'),('51c904eb-de19-4fcf-812b-45510e134120','9211750014019'),('51c904eb-de19-4fcf-812b-45510e134120','9211750014020'),('51c904eb-de19-4fcf-812b-45510e134120','9211750014021'),('51c904eb-de19-4fcf-812b-45510e134120','9211750014022'),('51c904eb-de19-4fcf-812b-45510e134120','9211750014023'),('51c904eb-de19-4fcf-812b-45510e134120','9211750014024'),('7522f50c-527f-43b8-b39e-98facf847df0','9211650013001'),('7522f50c-527f-43b8-b39e-98facf847df0','9211650013006'),('7522f50c-527f-43b8-b39e-98facf847df0','9211650013012'),('7522f50c-527f-43b8-b39e-98facf847df0','9211650013020'),('7522f50c-527f-43b8-b39e-98facf847df0','9211650013032'),('7522f50c-527f-43b8-b39e-98facf847df0','9211650013033'),('7522f50c-527f-43b8-b39e-98facf847df0','9211650013034'),('7522f50c-527f-43b8-b39e-98facf847df0','9211650013035'),('7522f50c-527f-43b8-b39e-98facf847df0','9211650013037'),('7522f50c-527f-43b8-b39e-98facf847df0','9211650013038'),('7522f50c-527f-43b8-b39e-98facf847df0','9211650013039'),('7522f50c-527f-43b8-b39e-98facf847df0','9211650013041'),('7522f50c-527f-43b8-b39e-98facf847df0','9211650013042'),('7522f50c-527f-43b8-b39e-98facf847df0','9211650013043'),('7522f50c-527f-43b8-b39e-98facf847df0','9211650013045'),('7522f50c-527f-43b8-b39e-98facf847df0','9211650013047'),('7522f50c-527f-43b8-b39e-98facf847df0','9211650013048'),('7522f50c-527f-43b8-b39e-98facf847df0','9211650013049'),('7522f50c-527f-43b8-b39e-98facf847df0','9211650013051'),('7522f50c-527f-43b8-b39e-98facf847df0','9211650013052'),('7522f50c-527f-43b8-b39e-98facf847df0','9211650013053'),('7522f50c-527f-43b8-b39e-98facf847df0','9211650013054'),('7522f50c-527f-43b8-b39e-98facf847df0','9211650014023'),('7522f50c-527f-43b8-b39e-98facf847df0','9211650014024'),('7522f50c-527f-43b8-b39e-98facf847df0','9211650014027'),('7522f50c-527f-43b8-b39e-98facf847df0','9211650014028'),('7522f50c-527f-43b8-b39e-98facf847df0','9211650014029'),('7522f50c-527f-43b8-b39e-98facf847df0','9211650014034'),('7522f50c-527f-43b8-b39e-98facf847df0','9211650015007'),('7522f50c-527f-43b8-b39e-98facf847df0','9211650015033'),('7522f50c-527f-43b8-b39e-98facf847df0','9211650015034'),('6bf7d64a-1966-4cc4-8872-8b5ed8697ccf','9211550013020'),('6bf7d64a-1966-4cc4-8872-8b5ed8697ccf','9211650013031'),('6bf7d64a-1966-4cc4-8872-8b5ed8697ccf','9211650014019'),('6bf7d64a-1966-4cc4-8872-8b5ed8697ccf','9211650014022'),('6bf7d64a-1966-4cc4-8872-8b5ed8697ccf','9211650014023'),('6bf7d64a-1966-4cc4-8872-8b5ed8697ccf','9211650014024'),('6bf7d64a-1966-4cc4-8872-8b5ed8697ccf','9211650014025'),('6bf7d64a-1966-4cc4-8872-8b5ed8697ccf','9211650014026'),('6bf7d64a-1966-4cc4-8872-8b5ed8697ccf','9211650014027'),('6bf7d64a-1966-4cc4-8872-8b5ed8697ccf','9211650014028'),('6bf7d64a-1966-4cc4-8872-8b5ed8697ccf','9211650014029'),('6bf7d64a-1966-4cc4-8872-8b5ed8697ccf','9211650014030'),('6bf7d64a-1966-4cc4-8872-8b5ed8697ccf','9211650014031'),('6bf7d64a-1966-4cc4-8872-8b5ed8697ccf','9211650014032'),('6bf7d64a-1966-4cc4-8872-8b5ed8697ccf','9211650014033'),('6bf7d64a-1966-4cc4-8872-8b5ed8697ccf','9211650014034'),('6bf7d64a-1966-4cc4-8872-8b5ed8697ccf','9211650014035'),('6bf7d64a-1966-4cc4-8872-8b5ed8697ccf','9211750013002'),('6bf7d64a-1966-4cc4-8872-8b5ed8697ccf','9211750013003'),('6bf7d64a-1966-4cc4-8872-8b5ed8697ccf','9211750013004'),('6bf7d64a-1966-4cc4-8872-8b5ed8697ccf','9211750013009'),('6bf7d64a-1966-4cc4-8872-8b5ed8697ccf','9211750013012'),('6bf7d64a-1966-4cc4-8872-8b5ed8697ccf','9211750013015'),('6bf7d64a-1966-4cc4-8872-8b5ed8697ccf','9211750013016'),('6bf7d64a-1966-4cc4-8872-8b5ed8697ccf','9211750013017'),('6bf7d64a-1966-4cc4-8872-8b5ed8697ccf','9211750013018'),('6bf7d64a-1966-4cc4-8872-8b5ed8697ccf','9211750013019'),('6bf7d64a-1966-4cc4-8872-8b5ed8697ccf','9211750013025'),('6bf7d64a-1966-4cc4-8872-8b5ed8697ccf','9211750013026'),('5e32d87f-f3af-4b65-86db-da605d10b1b4','9211650053001'),('5e32d87f-f3af-4b65-86db-da605d10b1b4','9211650053002'),('5e32d87f-f3af-4b65-86db-da605d10b1b4','9211650053003'),('5e32d87f-f3af-4b65-86db-da605d10b1b4','9211650053004'),('5e32d87f-f3af-4b65-86db-da605d10b1b4','9211650053005'),('5e32d87f-f3af-4b65-86db-da605d10b1b4','9211650053006'),('5e32d87f-f3af-4b65-86db-da605d10b1b4','9211650053007'),('5e32d87f-f3af-4b65-86db-da605d10b1b4','9211650053008'),('5e32d87f-f3af-4b65-86db-da605d10b1b4','9211650053010'),('5e32d87f-f3af-4b65-86db-da605d10b1b4','9211650053012'),('5e32d87f-f3af-4b65-86db-da605d10b1b4','9211650053014'),('5e32d87f-f3af-4b65-86db-da605d10b1b4','9211650053015'),('5e32d87f-f3af-4b65-86db-da605d10b1b4','9211650053016'),('5e32d87f-f3af-4b65-86db-da605d10b1b4','9211650053017'),('5e32d87f-f3af-4b65-86db-da605d10b1b4','9211650053018'),('5e32d87f-f3af-4b65-86db-da605d10b1b4','9211650053019'),('5e32d87f-f3af-4b65-86db-da605d10b1b4','9211650053020'),('5e32d87f-f3af-4b65-86db-da605d10b1b4','9211650053021'),('5e32d87f-f3af-4b65-86db-da605d10b1b4','9211650053022'),('5e32d87f-f3af-4b65-86db-da605d10b1b4','9211650053024'),('5e32d87f-f3af-4b65-86db-da605d10b1b4','9211650053025'),('5e32d87f-f3af-4b65-86db-da605d10b1b4','9211650053026'),('5e32d87f-f3af-4b65-86db-da605d10b1b4','9211650053028'),('5e32d87f-f3af-4b65-86db-da605d10b1b4','9211650053030'),('5e32d87f-f3af-4b65-86db-da605d10b1b4','9211650053031'),('5e32d87f-f3af-4b65-86db-da605d10b1b4','9211650053032'),('5e32d87f-f3af-4b65-86db-da605d10b1b4','9211650053034'),('d5c63ce9-9eba-42dd-a29d-f8814dd96b19','9211550013020'),('d5c63ce9-9eba-42dd-a29d-f8814dd96b19','9211650013012'),('d5c63ce9-9eba-42dd-a29d-f8814dd96b19','9211650013034'),('d5c63ce9-9eba-42dd-a29d-f8814dd96b19','9211650013038'),('d5c63ce9-9eba-42dd-a29d-f8814dd96b19','9211650013045'),('d5c63ce9-9eba-42dd-a29d-f8814dd96b19','9211650013047'),('d5c63ce9-9eba-42dd-a29d-f8814dd96b19','9211650013048'),('d5c63ce9-9eba-42dd-a29d-f8814dd96b19','9211650013051'),('d5c63ce9-9eba-42dd-a29d-f8814dd96b19','9211650014007'),('d5c63ce9-9eba-42dd-a29d-f8814dd96b19','9211650015041'),('d5c63ce9-9eba-42dd-a29d-f8814dd96b19','9211750013001'),('d5c63ce9-9eba-42dd-a29d-f8814dd96b19','9211750013002'),('d5c63ce9-9eba-42dd-a29d-f8814dd96b19','9211750013003'),('d5c63ce9-9eba-42dd-a29d-f8814dd96b19','9211750013004'),('d5c63ce9-9eba-42dd-a29d-f8814dd96b19','9211750013005'),('d5c63ce9-9eba-42dd-a29d-f8814dd96b19','9211750013006'),('d5c63ce9-9eba-42dd-a29d-f8814dd96b19','9211750013008'),('d5c63ce9-9eba-42dd-a29d-f8814dd96b19','9211750013009'),('d5c63ce9-9eba-42dd-a29d-f8814dd96b19','9211750013012'),('d5c63ce9-9eba-42dd-a29d-f8814dd96b19','9211750013015'),('d5c63ce9-9eba-42dd-a29d-f8814dd96b19','9211750013016'),('d5c63ce9-9eba-42dd-a29d-f8814dd96b19','9211750013017'),('d5c63ce9-9eba-42dd-a29d-f8814dd96b19','9211750013018'),('d5c63ce9-9eba-42dd-a29d-f8814dd96b19','9211750013019'),('d5c63ce9-9eba-42dd-a29d-f8814dd96b19','9211750013020'),('d5c63ce9-9eba-42dd-a29d-f8814dd96b19','9211750013023'),('d5c63ce9-9eba-42dd-a29d-f8814dd96b19','9211750013024'),('d5c63ce9-9eba-42dd-a29d-f8814dd96b19','9211750013025'),('d5c63ce9-9eba-42dd-a29d-f8814dd96b19','9211750013026'),('d5c63ce9-9eba-42dd-a29d-f8814dd96b19','9211750013027'),('09f8aa81-da53-4ae6-bba2-66d7ad59fc31','9211650053024'),('09f8aa81-da53-4ae6-bba2-66d7ad59fc31','9211750053002'),('09f8aa81-da53-4ae6-bba2-66d7ad59fc31','9211750053003'),('09f8aa81-da53-4ae6-bba2-66d7ad59fc31','9211750053004'),('09f8aa81-da53-4ae6-bba2-66d7ad59fc31','9211750053005'),('09f8aa81-da53-4ae6-bba2-66d7ad59fc31','9211750053006'),('09f8aa81-da53-4ae6-bba2-66d7ad59fc31','9211750053007'),('09f8aa81-da53-4ae6-bba2-66d7ad59fc31','9211750053008'),('09f8aa81-da53-4ae6-bba2-66d7ad59fc31','9211750053009'),('09f8aa81-da53-4ae6-bba2-66d7ad59fc31','9211750053010'),('09f8aa81-da53-4ae6-bba2-66d7ad59fc31','9211750053011'),('09f8aa81-da53-4ae6-bba2-66d7ad59fc31','9211750053013'),('09f8aa81-da53-4ae6-bba2-66d7ad59fc31','9211750053014'),('09f8aa81-da53-4ae6-bba2-66d7ad59fc31','9211750053015'),('09f8aa81-da53-4ae6-bba2-66d7ad59fc31','9211750053016'),('09f8aa81-da53-4ae6-bba2-66d7ad59fc31','9211750053017'),('09f8aa81-da53-4ae6-bba2-66d7ad59fc31','9211750053018'),('09f8aa81-da53-4ae6-bba2-66d7ad59fc31','9211750053019'),('09f8aa81-da53-4ae6-bba2-66d7ad59fc31','9211750053020'),('09f8aa81-da53-4ae6-bba2-66d7ad59fc31','9211750053021'),('09f8aa81-da53-4ae6-bba2-66d7ad59fc31','9211750053022'),('09f8aa81-da53-4ae6-bba2-66d7ad59fc31','9211750053023'),('09f8aa81-da53-4ae6-bba2-66d7ad59fc31','9211750053024'),('09f8aa81-da53-4ae6-bba2-66d7ad59fc31','9211750053025'),('09f8aa81-da53-4ae6-bba2-66d7ad59fc31','9211750053026'),('09f8aa81-da53-4ae6-bba2-66d7ad59fc31','9211750053027'),('09f8aa81-da53-4ae6-bba2-66d7ad59fc31','9211750053028'),('09f8aa81-da53-4ae6-bba2-66d7ad59fc31','9211750053029'),('c7c0ced4-eab0-4162-aae1-4ba3c4d10685','9211650053001'),('c7c0ced4-eab0-4162-aae1-4ba3c4d10685','9211650053002'),('c7c0ced4-eab0-4162-aae1-4ba3c4d10685','9211650053012'),('c7c0ced4-eab0-4162-aae1-4ba3c4d10685','9211650053016'),('c7c0ced4-eab0-4162-aae1-4ba3c4d10685','9211650054003'),('c7c0ced4-eab0-4162-aae1-4ba3c4d10685','9211650054004'),('c7c0ced4-eab0-4162-aae1-4ba3c4d10685','9211650054009'),('c7c0ced4-eab0-4162-aae1-4ba3c4d10685','9211650054011'),('c7c0ced4-eab0-4162-aae1-4ba3c4d10685','9211650054012'),('c7c0ced4-eab0-4162-aae1-4ba3c4d10685','9211650054015'),('c7c0ced4-eab0-4162-aae1-4ba3c4d10685','9211650054017'),('c7c0ced4-eab0-4162-aae1-4ba3c4d10685','9211650054020'),('c7c0ced4-eab0-4162-aae1-4ba3c4d10685','9211650054022'),('c7c0ced4-eab0-4162-aae1-4ba3c4d10685','9211650054023'),('c7c0ced4-eab0-4162-aae1-4ba3c4d10685','9211650054024'),('c7c0ced4-eab0-4162-aae1-4ba3c4d10685','9211650054025'),('c7c0ced4-eab0-4162-aae1-4ba3c4d10685','9211650054026'),('c7c0ced4-eab0-4162-aae1-4ba3c4d10685','9211650055008'),('286a7f86-7cb4-4031-80d7-fef511cbb9b8','9211750014002'),('286a7f86-7cb4-4031-80d7-fef511cbb9b8','9211750014003'),('286a7f86-7cb4-4031-80d7-fef511cbb9b8','9211750014004'),('286a7f86-7cb4-4031-80d7-fef511cbb9b8','9211750014005'),('286a7f86-7cb4-4031-80d7-fef511cbb9b8','9211750014006'),('286a7f86-7cb4-4031-80d7-fef511cbb9b8','9211750014007'),('286a7f86-7cb4-4031-80d7-fef511cbb9b8','9211750014008'),('286a7f86-7cb4-4031-80d7-fef511cbb9b8','9211750014009'),('286a7f86-7cb4-4031-80d7-fef511cbb9b8','9211750014010'),('286a7f86-7cb4-4031-80d7-fef511cbb9b8','9211750014011'),('286a7f86-7cb4-4031-80d7-fef511cbb9b8','9211750014012'),('286a7f86-7cb4-4031-80d7-fef511cbb9b8','9211750014013'),('286a7f86-7cb4-4031-80d7-fef511cbb9b8','9211750014014'),('286a7f86-7cb4-4031-80d7-fef511cbb9b8','9211750014015'),('286a7f86-7cb4-4031-80d7-fef511cbb9b8','9211750014016'),('286a7f86-7cb4-4031-80d7-fef511cbb9b8','9211750014017'),('286a7f86-7cb4-4031-80d7-fef511cbb9b8','9211750014018'),('286a7f86-7cb4-4031-80d7-fef511cbb9b8','9211750014019'),('286a7f86-7cb4-4031-80d7-fef511cbb9b8','9211750014020'),('286a7f86-7cb4-4031-80d7-fef511cbb9b8','9211750014021'),('286a7f86-7cb4-4031-80d7-fef511cbb9b8','9211750014022'),('286a7f86-7cb4-4031-80d7-fef511cbb9b8','9211750014023'),('286a7f86-7cb4-4031-80d7-fef511cbb9b8','9211750014024'),('ebb15312-2238-453c-bd5b-07d22f45a23c','9211650016011'),('ebb15312-2238-453c-bd5b-07d22f45a23c','9211750015002'),('ebb15312-2238-453c-bd5b-07d22f45a23c','9211750015004'),('ebb15312-2238-453c-bd5b-07d22f45a23c','9211750015005'),('ebb15312-2238-453c-bd5b-07d22f45a23c','9211750015006'),('ebb15312-2238-453c-bd5b-07d22f45a23c','9211750015007'),('ebb15312-2238-453c-bd5b-07d22f45a23c','9211750015008'),('ebb15312-2238-453c-bd5b-07d22f45a23c','9211750015009'),('ebb15312-2238-453c-bd5b-07d22f45a23c','9211750015010'),('ebb15312-2238-453c-bd5b-07d22f45a23c','9211750015011'),('ebb15312-2238-453c-bd5b-07d22f45a23c','9211750015012'),('ebb15312-2238-453c-bd5b-07d22f45a23c','9211750015013'),('ebb15312-2238-453c-bd5b-07d22f45a23c','9211750015014'),('ebb15312-2238-453c-bd5b-07d22f45a23c','9211750015015'),('ebb15312-2238-453c-bd5b-07d22f45a23c','9211750015016'),('ebb15312-2238-453c-bd5b-07d22f45a23c','9211750015018'),('ebb15312-2238-453c-bd5b-07d22f45a23c','9211750015301'),('ebb15312-2238-453c-bd5b-07d22f45a23c','9211750016041'),('2e499228-e02e-4df2-8ca9-eb819d27c7e0','9211550023003'),('2e499228-e02e-4df2-8ca9-eb819d27c7e0','9211650023001'),('2e499228-e02e-4df2-8ca9-eb819d27c7e0','9211650023003'),('2e499228-e02e-4df2-8ca9-eb819d27c7e0','9211650023005'),('2e499228-e02e-4df2-8ca9-eb819d27c7e0','9211650023006'),('2e499228-e02e-4df2-8ca9-eb819d27c7e0','9211650023007'),('2e499228-e02e-4df2-8ca9-eb819d27c7e0','9211650023009'),('2e499228-e02e-4df2-8ca9-eb819d27c7e0','9211650023011'),('2e499228-e02e-4df2-8ca9-eb819d27c7e0','9211650023012'),('2e499228-e02e-4df2-8ca9-eb819d27c7e0','9211650023020'),('2e499228-e02e-4df2-8ca9-eb819d27c7e0','9211650023021'),('2e499228-e02e-4df2-8ca9-eb819d27c7e0','9211650023024'),('2e499228-e02e-4df2-8ca9-eb819d27c7e0','9211650023027'),('2e499228-e02e-4df2-8ca9-eb819d27c7e0','9211650024001'),('2e499228-e02e-4df2-8ca9-eb819d27c7e0','9211650024003'),('2e499228-e02e-4df2-8ca9-eb819d27c7e0','9211650024004'),('2e499228-e02e-4df2-8ca9-eb819d27c7e0','9211650024015'),('2e499228-e02e-4df2-8ca9-eb819d27c7e0','9211750023001'),('2e499228-e02e-4df2-8ca9-eb819d27c7e0','9211750023012'),('2e499228-e02e-4df2-8ca9-eb819d27c7e0','9211750023015'),('2e499228-e02e-4df2-8ca9-eb819d27c7e0','9211750023018'),('2e499228-e02e-4df2-8ca9-eb819d27c7e0','9211750023020'),('3b65f3d3-7d85-4a09-89ab-dfc87dbead19','9211550023003'),('3b65f3d3-7d85-4a09-89ab-dfc87dbead19','9211650023001'),('3b65f3d3-7d85-4a09-89ab-dfc87dbead19','9211650023003'),('3b65f3d3-7d85-4a09-89ab-dfc87dbead19','9211650023005'),('3b65f3d3-7d85-4a09-89ab-dfc87dbead19','9211650023006'),('3b65f3d3-7d85-4a09-89ab-dfc87dbead19','9211650023007'),('3b65f3d3-7d85-4a09-89ab-dfc87dbead19','9211650023009'),('3b65f3d3-7d85-4a09-89ab-dfc87dbead19','9211650023011'),('3b65f3d3-7d85-4a09-89ab-dfc87dbead19','9211650023013'),('3b65f3d3-7d85-4a09-89ab-dfc87dbead19','9211650023018'),('3b65f3d3-7d85-4a09-89ab-dfc87dbead19','9211650023019'),('3b65f3d3-7d85-4a09-89ab-dfc87dbead19','9211650023020'),('3b65f3d3-7d85-4a09-89ab-dfc87dbead19','9211650023021'),('3b65f3d3-7d85-4a09-89ab-dfc87dbead19','9211650024001'),('3b65f3d3-7d85-4a09-89ab-dfc87dbead19','9211650024002'),('3b65f3d3-7d85-4a09-89ab-dfc87dbead19','9211650024003'),('3b65f3d3-7d85-4a09-89ab-dfc87dbead19','9211650024004'),('3b65f3d3-7d85-4a09-89ab-dfc87dbead19','9211650024014'),('3b65f3d3-7d85-4a09-89ab-dfc87dbead19','9211650025001'),('3b65f3d3-7d85-4a09-89ab-dfc87dbead19','9211650025003'),('3b65f3d3-7d85-4a09-89ab-dfc87dbead19','9211650025006'),('3b65f3d3-7d85-4a09-89ab-dfc87dbead19','9211650025007'),('3b65f3d3-7d85-4a09-89ab-dfc87dbead19','9211650026001'),('3b65f3d3-7d85-4a09-89ab-dfc87dbead19','9211650026002'),('3b65f3d3-7d85-4a09-89ab-dfc87dbead19','9211650026003'),('3b65f3d3-7d85-4a09-89ab-dfc87dbead19','9211650026004'),('3b65f3d3-7d85-4a09-89ab-dfc87dbead19','9211650026005'),('3b65f3d3-7d85-4a09-89ab-dfc87dbead19','9211650026006'),('3b65f3d3-7d85-4a09-89ab-dfc87dbead19','9211650026007'),('3b65f3d3-7d85-4a09-89ab-dfc87dbead19','9211650026008'),('3b65f3d3-7d85-4a09-89ab-dfc87dbead19','9211650026009'),('3b65f3d3-7d85-4a09-89ab-dfc87dbead19','9211650026010'),('ebb15312-2238-453c-bd5b-07d22f45a23c','9211750015001'),('ebb15312-2238-453c-bd5b-07d22f45a23c','9211750015003'),('bbaa9826-4acf-416e-b4de-b34980f4ad9c','9211750015001'),('bbaa9826-4acf-416e-b4de-b34980f4ad9c','9211750015003'),('dcaaecfc-b12c-449b-9ba2-5591b4d958e4','9211650016011'),('dcaaecfc-b12c-449b-9ba2-5591b4d958e4','9211750015001'),('dcaaecfc-b12c-449b-9ba2-5591b4d958e4','9211750015002'),('dcaaecfc-b12c-449b-9ba2-5591b4d958e4','9211750015003'),('dcaaecfc-b12c-449b-9ba2-5591b4d958e4','9211750015004'),('dcaaecfc-b12c-449b-9ba2-5591b4d958e4','9211750015005'),('dcaaecfc-b12c-449b-9ba2-5591b4d958e4','9211750015006'),('dcaaecfc-b12c-449b-9ba2-5591b4d958e4','9211750015007'),('dcaaecfc-b12c-449b-9ba2-5591b4d958e4','9211750015008'),('dcaaecfc-b12c-449b-9ba2-5591b4d958e4','9211750015009'),('dcaaecfc-b12c-449b-9ba2-5591b4d958e4','9211750015010'),('dcaaecfc-b12c-449b-9ba2-5591b4d958e4','9211750015011'),('dcaaecfc-b12c-449b-9ba2-5591b4d958e4','9211750015012'),('dcaaecfc-b12c-449b-9ba2-5591b4d958e4','9211750015013'),('dcaaecfc-b12c-449b-9ba2-5591b4d958e4','9211750015014'),('dcaaecfc-b12c-449b-9ba2-5591b4d958e4','9211750015015'),('dcaaecfc-b12c-449b-9ba2-5591b4d958e4','9211750015016'),('dcaaecfc-b12c-449b-9ba2-5591b4d958e4','9211750015018'),('dcaaecfc-b12c-449b-9ba2-5591b4d958e4','9211750015301'),('dcaaecfc-b12c-449b-9ba2-5591b4d958e4','9211750016041'),('672d1ed1-a043-474e-b012-d453a8b4c7b9','9211650013024'),('672d1ed1-a043-474e-b012-d453a8b4c7b9','9211650015005'),('672d1ed1-a043-474e-b012-d453a8b4c7b9','9211650015006'),('672d1ed1-a043-474e-b012-d453a8b4c7b9','9211650015008'),('672d1ed1-a043-474e-b012-d453a8b4c7b9','9211650015009'),('672d1ed1-a043-474e-b012-d453a8b4c7b9','9211650015010'),('672d1ed1-a043-474e-b012-d453a8b4c7b9','9211650015011'),('672d1ed1-a043-474e-b012-d453a8b4c7b9','9211650015012'),('672d1ed1-a043-474e-b012-d453a8b4c7b9','9211650015014'),('672d1ed1-a043-474e-b012-d453a8b4c7b9','9211650015016'),('672d1ed1-a043-474e-b012-d453a8b4c7b9','9211650015017'),('672d1ed1-a043-474e-b012-d453a8b4c7b9','9211650015019'),('672d1ed1-a043-474e-b012-d453a8b4c7b9','9211650015020'),('672d1ed1-a043-474e-b012-d453a8b4c7b9','9211650015021'),('672d1ed1-a043-474e-b012-d453a8b4c7b9','9211650015022'),('672d1ed1-a043-474e-b012-d453a8b4c7b9','9211650015023'),('672d1ed1-a043-474e-b012-d453a8b4c7b9','9211650015024'),('672d1ed1-a043-474e-b012-d453a8b4c7b9','9211650015035'),('672d1ed1-a043-474e-b012-d453a8b4c7b9','9211650015039'),('672d1ed1-a043-474e-b012-d453a8b4c7b9','9211650015041'),('672d1ed1-a043-474e-b012-d453a8b4c7b9','9211650016001'),('672d1ed1-a043-474e-b012-d453a8b4c7b9','9211650016004'),('0c13de68-f43d-442c-a7e8-7181ad5b1033','9211650015001'),('0c13de68-f43d-442c-a7e8-7181ad5b1033','9211650015002'),('0c13de68-f43d-442c-a7e8-7181ad5b1033','9211650015004'),('0c13de68-f43d-442c-a7e8-7181ad5b1033','9211650015015'),('0c13de68-f43d-442c-a7e8-7181ad5b1033','9211650015018'),('0c13de68-f43d-442c-a7e8-7181ad5b1033','9211650015025'),('0c13de68-f43d-442c-a7e8-7181ad5b1033','9211650015026'),('0c13de68-f43d-442c-a7e8-7181ad5b1033','9211650015028'),('0c13de68-f43d-442c-a7e8-7181ad5b1033','9211650015030'),('0c13de68-f43d-442c-a7e8-7181ad5b1033','9211650015031'),('0c13de68-f43d-442c-a7e8-7181ad5b1033','9211650015032'),('0c13de68-f43d-442c-a7e8-7181ad5b1033','9211650015036'),('0c13de68-f43d-442c-a7e8-7181ad5b1033','9211650015038'),('0c13de68-f43d-442c-a7e8-7181ad5b1033','9211650015040'),('385d2448-96a6-4713-821a-68868377cbcc','9211750023002'),('385d2448-96a6-4713-821a-68868377cbcc','9211750025001'),('385d2448-96a6-4713-821a-68868377cbcc','9211750025002'),('385d2448-96a6-4713-821a-68868377cbcc','9211750025003'),('385d2448-96a6-4713-821a-68868377cbcc','9211750025004'),('385d2448-96a6-4713-821a-68868377cbcc','9211750025005'),('385d2448-96a6-4713-821a-68868377cbcc','9211750025007'),('385d2448-96a6-4713-821a-68868377cbcc','9211750025008'),('385d2448-96a6-4713-821a-68868377cbcc','9211750025009'),('385d2448-96a6-4713-821a-68868377cbcc','9211750025012'),('385d2448-96a6-4713-821a-68868377cbcc','9211750025013'),('385d2448-96a6-4713-821a-68868377cbcc','9211750025014'),('385d2448-96a6-4713-821a-68868377cbcc','9211750025016'),('385d2448-96a6-4713-821a-68868377cbcc','9211750025017'),('385d2448-96a6-4713-821a-68868377cbcc','9211750025018'),('385d2448-96a6-4713-821a-68868377cbcc','9211750025019'),('385d2448-96a6-4713-821a-68868377cbcc','9211750025020'),('385d2448-96a6-4713-821a-68868377cbcc','9211750025021'),('385d2448-96a6-4713-821a-68868377cbcc','9211750026041'),('a63ff7e5-dfcd-44f9-b830-ddd88089b46a','9211750023002'),('a63ff7e5-dfcd-44f9-b830-ddd88089b46a','9211750025001'),('a63ff7e5-dfcd-44f9-b830-ddd88089b46a','9211750025002'),('a63ff7e5-dfcd-44f9-b830-ddd88089b46a','9211750025003'),('a63ff7e5-dfcd-44f9-b830-ddd88089b46a','9211750025004'),('a63ff7e5-dfcd-44f9-b830-ddd88089b46a','9211750025005'),('a63ff7e5-dfcd-44f9-b830-ddd88089b46a','9211750025007'),('a63ff7e5-dfcd-44f9-b830-ddd88089b46a','9211750025008'),('a63ff7e5-dfcd-44f9-b830-ddd88089b46a','9211750025009'),('a63ff7e5-dfcd-44f9-b830-ddd88089b46a','9211750025012'),('a63ff7e5-dfcd-44f9-b830-ddd88089b46a','9211750025013'),('a63ff7e5-dfcd-44f9-b830-ddd88089b46a','9211750025014'),('a63ff7e5-dfcd-44f9-b830-ddd88089b46a','9211750025016'),('a63ff7e5-dfcd-44f9-b830-ddd88089b46a','9211750025017'),('a63ff7e5-dfcd-44f9-b830-ddd88089b46a','9211750025018'),('a63ff7e5-dfcd-44f9-b830-ddd88089b46a','9211750025019'),('a63ff7e5-dfcd-44f9-b830-ddd88089b46a','9211750025020'),('a63ff7e5-dfcd-44f9-b830-ddd88089b46a','9211750025021'),('a63ff7e5-dfcd-44f9-b830-ddd88089b46a','9211750026041'),('16099b04-188a-4bf5-b188-bb3e7dd1edcc','9211650015001'),('16099b04-188a-4bf5-b188-bb3e7dd1edcc','9211650015002'),('16099b04-188a-4bf5-b188-bb3e7dd1edcc','9211650015003'),('16099b04-188a-4bf5-b188-bb3e7dd1edcc','9211650015004'),('16099b04-188a-4bf5-b188-bb3e7dd1edcc','9211650015015'),('16099b04-188a-4bf5-b188-bb3e7dd1edcc','9211650015018'),('16099b04-188a-4bf5-b188-bb3e7dd1edcc','9211650015025'),('16099b04-188a-4bf5-b188-bb3e7dd1edcc','9211650015026'),('16099b04-188a-4bf5-b188-bb3e7dd1edcc','9211650015027'),('16099b04-188a-4bf5-b188-bb3e7dd1edcc','9211650015028'),('16099b04-188a-4bf5-b188-bb3e7dd1edcc','9211650015030'),('16099b04-188a-4bf5-b188-bb3e7dd1edcc','9211650015031'),('16099b04-188a-4bf5-b188-bb3e7dd1edcc','9211650015032'),('16099b04-188a-4bf5-b188-bb3e7dd1edcc','9211650015036'),('16099b04-188a-4bf5-b188-bb3e7dd1edcc','9211650015037'),('16099b04-188a-4bf5-b188-bb3e7dd1edcc','9211650015038'),('16099b04-188a-4bf5-b188-bb3e7dd1edcc','9211650015040'),('16099b04-188a-4bf5-b188-bb3e7dd1edcc','9211650016002'),('16099b04-188a-4bf5-b188-bb3e7dd1edcc','9211650016003'),('16099b04-188a-4bf5-b188-bb3e7dd1edcc','9211650016005'),('16099b04-188a-4bf5-b188-bb3e7dd1edcc','9211650016006'),('16099b04-188a-4bf5-b188-bb3e7dd1edcc','9211650016007'),('16099b04-188a-4bf5-b188-bb3e7dd1edcc','9211650016009'),('16099b04-188a-4bf5-b188-bb3e7dd1edcc','9211650016012'),('672d1ed1-a043-474e-b012-d453a8b4c7b9','9211650055001'),('672d1ed1-a043-474e-b012-d453a8b4c7b9','9211650055002'),('672d1ed1-a043-474e-b012-d453a8b4c7b9','9211650055003'),('672d1ed1-a043-474e-b012-d453a8b4c7b9','9211650055004'),('672d1ed1-a043-474e-b012-d453a8b4c7b9','9211650055005'),('672d1ed1-a043-474e-b012-d453a8b4c7b9','9211650055006'),('672d1ed1-a043-474e-b012-d453a8b4c7b9','9211650055007'),('672d1ed1-a043-474e-b012-d453a8b4c7b9','9211650055008'),('672d1ed1-a043-474e-b012-d453a8b4c7b9','9211650055011'),('672d1ed1-a043-474e-b012-d453a8b4c7b9','9211750053022'),('672d1ed1-a043-474e-b012-d453a8b4c7b9','9211750053025'),('4831319b-9d1e-4d4b-94de-84e257fc22d0','9211650055001'),('4831319b-9d1e-4d4b-94de-84e257fc22d0','9211650055002'),('4831319b-9d1e-4d4b-94de-84e257fc22d0','9211650055003'),('4831319b-9d1e-4d4b-94de-84e257fc22d0','9211650055004'),('4831319b-9d1e-4d4b-94de-84e257fc22d0','9211650055005'),('4831319b-9d1e-4d4b-94de-84e257fc22d0','9211650055006'),('4831319b-9d1e-4d4b-94de-84e257fc22d0','9211650055007'),('4831319b-9d1e-4d4b-94de-84e257fc22d0','9211650055008'),('4831319b-9d1e-4d4b-94de-84e257fc22d0','9211650055011'),('4831319b-9d1e-4d4b-94de-84e257fc22d0','9211750053022'),('4831319b-9d1e-4d4b-94de-84e257fc22d0','9211750053025'),('4831319b-9d1e-4d4b-94de-84e257fc22d0','9211650014011'),('4831319b-9d1e-4d4b-94de-84e257fc22d0','9211650014012'),('4831319b-9d1e-4d4b-94de-84e257fc22d0','9211650014014'),('50450468-bb37-4ae2-a44a-1e5d8ec8aaba','9211650013035'),('50450468-bb37-4ae2-a44a-1e5d8ec8aaba','9211750015001'),('50450468-bb37-4ae2-a44a-1e5d8ec8aaba','9211750015002'),('50450468-bb37-4ae2-a44a-1e5d8ec8aaba','9211750015003'),('50450468-bb37-4ae2-a44a-1e5d8ec8aaba','9211750015004'),('50450468-bb37-4ae2-a44a-1e5d8ec8aaba','9211750015005'),('50450468-bb37-4ae2-a44a-1e5d8ec8aaba','9211750015006'),('50450468-bb37-4ae2-a44a-1e5d8ec8aaba','9211750015007'),('50450468-bb37-4ae2-a44a-1e5d8ec8aaba','9211750015008'),('50450468-bb37-4ae2-a44a-1e5d8ec8aaba','9211750015009'),('50450468-bb37-4ae2-a44a-1e5d8ec8aaba','9211750015010'),('50450468-bb37-4ae2-a44a-1e5d8ec8aaba','9211750015011'),('50450468-bb37-4ae2-a44a-1e5d8ec8aaba','9211750015012'),('50450468-bb37-4ae2-a44a-1e5d8ec8aaba','9211750015013'),('50450468-bb37-4ae2-a44a-1e5d8ec8aaba','9211750015014'),('50450468-bb37-4ae2-a44a-1e5d8ec8aaba','9211750015015'),('50450468-bb37-4ae2-a44a-1e5d8ec8aaba','9211750015016'),('50450468-bb37-4ae2-a44a-1e5d8ec8aaba','9211750015018'),('50450468-bb37-4ae2-a44a-1e5d8ec8aaba','9211750015301'),('50450468-bb37-4ae2-a44a-1e5d8ec8aaba','9211750016041');
/*!40000 ALTER TABLE `ambilkelas` ENABLE KEYS */;
UNLOCK TABLES;

--
-- Table structure for table `dosen`
--

DROP TABLE IF EXISTS `dosen`;
/*!40101 SET @saved_cs_client     = @@character_set_client */;
/*!40101 SET character_set_client = utf8 */;
CREATE TABLE `dosen` (
  `nip` varchar(255) NOT NULL DEFAULT '',
  `user` varchar(255) DEFAULT NULL,
  `nama` varchar(1024) DEFAULT NULL,
  PRIMARY KEY (`nip`),
  KEY `user` (`user`),
  CONSTRAINT `dosen_ibfk_1` FOREIGN KEY (`user`) REFERENCES `users` (`id`) ON DELETE CASCADE ON UPDATE CASCADE
) ENGINE=InnoDB DEFAULT CHARSET=utf8;
/*!40101 SET character_set_client = @saved_cs_client */;

--
-- Dumping data for table `dosen`
--

LOCK TABLES `dosen` WRITE;
/*!40000 ALTER TABLE `dosen` DISABLE KEYS */;
INSERT INTO `dosen` VALUES ('1.94710261976031e17','b053c55f-1806-4e33-a1d5-0cde7c9ce719','Tontowi Ismail'),('1.94807101976031e17','580b76d0-79f3-49e2-a842-8e10a378d7a5','Suparno'),('1.95004021979011e17','4f587076-5f97-46f1-81ba-76fff1bdc3bb','Sekartedjo'),('1.95209191979011e17','93186deb-c89b-4257-ae5c-9fa8c94d2d9d','Haryono'),('1.95305021981031e17','478986b6-6b75-4215-acef-81a560ee47a4','Mohammad Razif'),('1.95305161978031e17','31713c83-7ee6-4f5e-b999-4ab6eff5eede','Bobby Oedy P. S'),('1.95307061984032e17','03929d76-4101-4a34-8858-66c4ded1d17b','Yulinah T.'),('1.95401131980101e17','0ecca464-7d3e-495c-882a-a78fe14f2a13','Nadjadji Anwar'),('1.95503081979031e17','0582e96f-370d-4bdb-abbf-65fb94c3b24e','Budisantoso Wirjodirdjo'),('1.95601191986012e17','930a144c-6311-4b0a-8ae6-e628f7981dfc','Ria Asih Soemitro'),('1.95806051986031e17','7867f266-fcb7-4968-bac7-92306349cbae','A. Setiabudi'),('1.95809161986011e17','2856a31b-728f-4c45-ae57-e84aa0424930','Mauridhi Hery P.'),('1.95810051986031e17','b6666ae2-1b91-4f00-aa5a-ca66feb95596','Arif Djunaidy'),('1.95903181987011e17','952d8882-3c47-458a-9eb7-3be3f54747a1','Udisubakti Ciptomulyono'),('1.95904301989031e17','bc6a40a3-d06f-453d-9fcb-adcc9ebdfa79','Bustanul Arifin Noer'),('1.95908031986011e17','17aee7f5-f48e-4ce8-9877-43787c19205a','Riyanarto Sarno'),('1.95908171987031e17','fd8c0336-4c8e-4e60-80f4-1bb3333e0a43','Moses Laksono Singgih'),('1.95909041986031e17','7f2f5d69-a390-4c5f-af9f-734804c3daaa','Tatang Akhmad Taufik'),('1.95911061985112e17','d4cdb542-587f-4db3-a166-5401303f645d','Retno Indryani'),('1.96107261989031e17','849f4997-2894-42ad-b455-d163091de03e','Eko Budi Santoso'),('1.96110211986031e17','3a5d2093-ff10-4731-a0a8-2da9618d9d0f','Tri Widjaja'),('1.96204081987011e17','887b341e-0ad8-4330-93aa-bba954480405','Moch. Mashuri'),('1.96210151988031e17','fd21ff48-7b38-4765-9f13-df8fb291aa5b','Nur Iriawan'),('1.96308051989032e17','99176aba-befe-444c-890a-93e54befe066','Niniek Fajar Puspita'),('1.96310081990021e17','1ac465cd-c30a-46de-8d80-0285a6b33ffa','Bambang Syairudin'),('1.96312251989031e17','7f24ba99-a329-4248-b4c2-acb20d7df0be','M. Isa Irawan'),('1.96404051990021e17','13bd1b72-46f7-4284-983e-af675d2606d5','Adi Soeprijanto'),('1.96404161989031e17','b1affdc8-d009-43fa-a7f0-90579a765e17','Heri Supomo'),('1.96407251989031e17','69b44ec8-d63d-4736-bba2-ed7d697e9491','Sony Sunaryo'),('1.96501101988031e17','352de5f3-6e2b-4277-8546-28e1a14c10aa','Tri Achmadi'),('1.96503101991021e17','431fa8b5-c515-4925-a8ce-3c3fb28c23d2','Aris Tjahyanto'),('1.96505181992031e17','80c26a93-6222-4b22-a294-e7e5d33f0c1d','R.V. Hari Ginardi'),('1.96506301990031e17','873ded69-bb2c-4b22-8239-8ccf02b562f9','Mokh. Suef'),('1.96510201996011e17','5c72934f-90cd-48a1-87f5-8fe40ea1c359','Setyo Nugroho'),('1.96604021989031e17','665f77fb-a522-468b-9c3d-1da9030cf9cf','Atok Setiyawan'),('1.96606021992031e17','25a7f33f-d092-4926-aa2e-9e7f455face5','Achmad Holil Noor Ali'),('1.96608131994021e17','ca0b3dd0-29e6-4aae-9e42-f2e94af3778c','Arman Hakim Nasution'),('1.96705021989031e17','f63e98af-fc5c-4e95-ada2-5fa6bd913742','Teguh Haryono'),('1.96707271992031e17','d0f49ff8-e2a2-45fe-83ba-e741cdb95cc9','Joko Lianto Buliali'),('1.96802181993031e17','d7043ea7-01cb-4c8c-bded-dad87bad75ab','I Ketut Gunarta'),('1.96806011995121e17','966bf33b-48f9-4d40-a5f6-202e63b45095','Eko Mulyanto Yuniarno'),('1.96811091995031e17','c6cf9235-de3a-4227-8e7e-1ab0157003ae','Ahmad Rusdiansyah'),('1.96902241995122e17','1846c797-c6ba-46db-be2f-33865a4e7992','Ervina Ahyudanari'),('1.96905121994021e17','73bc8868-685a-4d7a-9d1c-cfc71de48cb7','Budi Santosa'),('1.96906101995121e17','8a1193b2-559b-4cb3-b0d5-901c4f70058f','Firmanto Hadi'),('1.96906131997021e17','59425c56-51c7-4db5-bb3d-5a4b2fa119f8','Surya Sumpeno'),('1.96911251999031e17','0f04cd95-d555-423e-8952-57435e404e1b','I Putu Artama Wiguna'),('1.96912311994121e17','4867944a-5672-4694-bf10-1c95db9a5c9f','I Nyoman Pujawan'),('1.97002131994021e17','fee725c5-bb04-495c-995a-b70d35aa94cf','Rully Soelaiman'),('1.97004272005012e17','17445997-7fd5-46e4-b034-b971bcb625df','Erma Suryani'),('1.97005231996011e17','3e35484a-afcb-4b0e-a0d7-cf2e77d08082','Nurhadi Siswanto'),('1.97007211997021e17','f7c9ec76-5399-4714-a81b-460b2772ae3a','Imam Baihaqi'),('1.97009101997022e17','2ba7a6d9-cc35-45a2-b956-8d789f8d05a5','Vita Ratnasari'),('1.97010102003121e17','9c1ae1d8-347a-4e9b-aa3c-798b6520a2f5','Mudjahidin'),('1.97011201997032e17','2b112166-0eb5-4a98-8328-d367b45eb5da','Maria Anityasari'),('1.97103131997021e17','f258d292-1851-4b1a-95cf-5299e688f8fe','Sutikno'),('1.97106101995121e17','222e36b2-d719-4c6f-a55f-5a3f99fc3676','I Made Ariana'),('1.97107201995121e17','b4b10cb4-6c9f-4f86-a6b9-96d8d67d8b60','Raja Oloan Saut Gurning'),('1.97109271999031e17','4e545155-c95d-4f3d-b58d-c5522e2c4a62','Iwan Vanany'),('1.97109291995121e17','380b3851-d075-498f-a5e0-a76ccfc7726e','Suhartono'),('1.97202111998021e17','2a537cd9-6209-4394-a32d-269872a6f4bf','Tony Hanoraga'),('1.97207051998021e17','09a9d73b-fbf8-4d5b-9c47-08e100a98cde','Muhammad Sjahid Akbar'),('1.97208251998022e17','1e9e8c77-7838-4580-9281-99ae73d34c07','Dyah Santhi Dewi'),('1.97302191998021e17','975d87d6-baf9-4ad9-bb71-700d5252723e','Febriliyan Samopa'),('1.97307312002121e17','7e87d246-4fb4-430c-9c69-c9a3404e8245','Soedarso'),('1.97309142005011e17','9e2ef900-b48e-4352-9b77-d408aa2c3194','Machsus Fawzi'),('1.97403281998021e17','95d1f3d2-2629-443a-a515-22ec35c69066','Wahyu Wibowo'),('1.97404202002121e17','da7945b3-f4b5-4ab7-9fbe-efc5c92f61f6','Tri Joko Wahyu Adi'),('1.97405081999032e17','6ae2c804-2601-4c61-8805-27de3ccf5087','Putu Dana Karningsih'),('1.97411232006041e17','670b4da9-e5f8-4367-8fcd-6687bf683086','Daniel Oranova S.'),('1.97502121999032e17','a632daaf-97a8-40be-888f-8b0085ee3e58','IDAA Warmadhewanti'),('1.97504081998022e17','b227c793-a13a-4f58-b132-c36f38d8e769','Nani Kurniati'),('1.97605052008121e17','7dc035f0-12de-4a16-84ac-89c1d74417ac','Adhi Dharma Wibawa,'),('1.97610112006042e17','dfe731f6-fa83-4782-95fe-3a8fa4d5c70e','Mahendrawati'),('1.97705292014041e17','2ce9c91e-c26c-4a5a-8add-32c364a61a28','Gogor Arif Handiwibowo'),('1.97712082005011e17','137aba9c-151c-4c91-ba6f-a73e10c30884','Moh. Arif Rohman'),('1.98001132008122e17','bd4b9a79-6f52-473d-b999-056e313c77b8','Ratna Sari Dewi'),('1.98011232010121e17','1e5ae1c9-e62f-4280-bf09-777982025824','Deny Alamsyah'),('1.98201192005011e17','e75a5e89-25f5-4108-aa33-57d6062f0b79','Arie Dipareza Syafei'),('1.98202022014041e17','02da7400-5f92-4d7c-8801-84f407f4fab1','Choirul Mahfud'),('1.98203022009121e17','1554414b-4692-40eb-b339-a61b30fcb567','Ahmad Muklason,'),('1.98203262003121e17','3ed53e45-dec6-4500-9cf6-ed12d5762195','Heri Kuswanto'),('1.98407062009122e17','b326e146-e032-4ebb-a6ad-fdc7330b9dbd','Niniet Indah Arvitrida'),('1.98811182015042e17','f4e15c3f-707e-47cd-8e20-5fa6f721db4f','Lissa Rosdiana Noer'),('1.98812112014042e17','f2b55f81-0f55-4b59-9f4e-b93b775d7c1a','Gita Widi Bhawika'),('110024626','c19e1f73-d18f-4859-8ca8-8ca92c623d62','Yadi Siswadi'),('1111','2ca62f22-4cff-450a-b6e6-24e36c9d3e86','Adithya Sudiarno'),('130325766','a149ddce-efff-4605-9b69-6375bc3eef14','Pinardi Koestalam'),('130368599','a5ff97bb-f56d-419a-b1b0-167867623513','R. Sutjipto Tantyonimpuno'),('130532021','0d97fce3-96bd-49bc-954e-1894ebc07e89','Indrasurya B. Mochtar'),('130541829','942c7cbe-e8a1-4c71-988e-73dab84b34bd','Happy Ratna S.'),('130604245','9b09b693-91f0-41fe-91c1-66185cc1134a','Rachimoellah'),('130676232','b3136469-97c3-4898-916a-8bc847d9eb20','Sudiyono Kromodihardjo'),('130687428','1d06b79e-b46b-4fb5-9098-bddc27c03ee2','Bambang Daryanto'),('130687438','9010cd3e-8d8a-424a-93c7-e474123aafc1','Katjuk Astrowulan'),('130687439','30e4bb9b-e0d7-43c8-bc90-79e943d626e9','Yoyon Kusnendar Suprapto'),('130687440','a99dfa14-9142-41df-9e2d-bf6b51c56469','Renanto'),('130781347','34cf8df9-3ea4-4dd8-8a2e-cfe5b6211b95','Prof. Dr. Ir. Abdullah Shahab, M.Sc.'),('130805286','d9697d97-d130-48b8-bfdf-dd7041502b35','Wahyono Hadi'),('130877553','095ba577-1922-47b1-9241-71d91b4e449c','Dudung Purwadi'),('130936830','7277796a-627c-4b34-b022-86a8a19d4c26','M. Razif'),('131287542','2077e9a9-7e97-47bd-9722-ce6f90db16d3','M. Suyunus'),('131411100','fc870259-6f6b-4c02-925e-7f0cfe12b8f0','Muchammad Husni'),('13156939','eb1e089e-5d3a-4530-8499-6c91ad416e22','Fuad Cholisi'),('131570365','e804fbf4-17f4-453f-a6f6-5e7d7c11de94','Patdono Soewignjo'),('131577263','a5b9f2af-3b11-442a-ae24-97096b56a49f','Hitapriya Suprayitno'),('131633401','a9f6ee23-ea81-407b-9bba-64fea7690695','Endang Susilowati'),('131652050','8815a9e1-7f47-4e0b-8224-7a5f888b350e','Triwilaswandio W. P.'),('131773916','fd03c583-c71e-41d3-b700-6ffdc355b92f','Witantyo'),('131782034','31b262cc-2d4f-49ef-ac29-7345b936439f','R. Sjarief Widjaja'),('131796141','3a36a832-0740-46c5-89af-cb4e9b80edff','Joni Hermana'),('131842492','0b6f5f74-bc52-494c-a5b2-ab9746de9d33','Rachmat Basuki'),('131843378','0d3e4750-e98a-4ce6-a3bf-6c77468a9c49','Achmad Faiz Hadi Prajitno'),('131879394','0ee6bc47-2c79-4758-af53-655dde88f301','Achmad Affandi'),('131879399','3234adc0-e4b0-4a4d-beb0-e29df7febc8a','Totok Soehartanto'),('131933290','bc4a6bf2-47c8-4dad-bb27-121dd193f1fd','Ari Santoso'),('131964944','38fbb8f9-69ab-47e5-af3b-3b6bab509ccd','Nanang Setiawan'),('132085800','8825def4-cd51-4d79-93b0-238981172d9d','I Gusti Ngurah Sumanta Buana'),('132163514','1fb2dc07-d199-463d-bd48-2412fcb49e16','Janti Gunawan'),('132206860','d2377538-93e9-44f6-916b-d30df78ae9e7','Supani Hardjo Diputro'),('132216090','55ba30b0-7e59-4126-a558-96e0019350ee','Zainul Muhibbin'),('132230429','81054f32-dcf4-4565-b304-269a6586124a','Fajar Baskoro'),('132231644','e4527177-14c0-4eb2-8696-c86d4c04b3c4','Erwin Widodo'),('132303065','4ceac14e-f892-492d-9fb7-aaabd6452781','Wahyu Suadi'),('132303087','b1244631-25a3-425e-876a-f6229faa63d3','Christiono Utomo'),('132310442','d172e0da-62ea-4397-a879-0708381bd279','Bambang Setiawan'),('19211111122','1894b8a6-38c6-4b33-8acb-4aad41439308','Adhi Yuniarto'),('1987201711061','4cd10373-99e9-40eb-92f2-817f9a2198be','Satria Fadil Persada'),('1996207722518','84b28820-6ddd-407c-9a4d-81da66c57458','Mizati Dewi Wasdiana'),('3.57818540595e15','db647d26-9890-40cb-8f1f-fc6c55ffe918','Isti Adzah Putri Sendari'),('3.57822470595e15','54d8e36d-034d-44b4-8d7e-51e568223a6e','Nur Adli Amaliya'),('5200201301010','3dd42d7c-39c8-4222-b30c-bfc32c1b2400','Faizal Mahananto'),('910000000','fe1f57ea-3ff8-4540-9a54-65109e6b2a03','Adithya Sudiarno'),('91000001','da493e72-fdb3-4931-93fa-be778a14e017','Beni Dima'),('91000002','d1479803-de4f-4f7f-995d-8fbccda7b892','Rariya Budi Harta'),('91000003','c41f1d96-aa1d-408b-8590-33937618a38d','A. Zainul Abidin'),('91000004','08fe460c-a32b-4b76-aecd-a261b48cb3fa','Adi Dharma'),('91000005','228ec939-d192-4d06-ab87-c8a50a70fc73','Alimatus Sahrah'),('91000006','d57a31b7-b3c5-42ef-bb53-ffd27f90fce0','Anwar Salahuddin'),('91000007','acb1dabb-627f-4f30-ac41-9ca584c9e39f','Bambang Koestoyo'),('91000008','4d2ca7e1-3ee2-4b5e-8880-72ebe5cf2900','Bambang Tjahjadi'),('91000009','c842d48c-8594-4b53-b8c2-71afa834b4dc','Budi Siswantoro'),('91000010','e6569a6d-a6da-47cd-82da-436772b68835','Dadan Krisnandar'),('91000011','1ba8a1f3-e5b3-4d57-9277-ad5937db47d5','Danawati'),('91000012','cc629a9f-a811-4356-a4a7-fab3633f3d47','Dyah Erny Herwindiati'),('91000013','29a74397-df13-4dc6-abcd-940be0aebe5b','Dody Hartanto'),('91000014','ec430917-e923-4f4e-b820-341573dd5afd','Edwin Riksakomara'),('91000015','eecec2b3-e6cf-4926-aeeb-b06ce2bb8716','Endah Angreni'),('91000016','b31569f6-a885-44de-96f6-30d28fc552cc','Ellina S. P.'),('91000017','048c74c4-35d0-4dc0-a94b-fec3912278f7','Eduard T. Pauner'),('91000018','738eeef0-c91f-446e-9346-d9486da75c36','F. A. Handoko Sasmita'),('91000019','e3254a76-bb66-4136-a758-d2e5a3b2d1e1','Gembong Baskoro'),('91000020','67279500-0f8c-4b82-a708-bc39a55940e7','Gunawan Adji'),('91000021','545219c9-ae51-4883-86f5-699d1036d0e7','Hesti Nugrahani'),('91000022','3eaf8577-7ae1-4bde-b6f7-17149e95b0b3','Henky Eko S.'),('91000023','eed97472-7ec5-40ab-bec7-83347465660d','Herry Sinurat'),('91000024','23f73f68-e592-48f2-9894-53b79ca89d75','Heru Chrisdhianto'),('91000025','7107cc5f-918b-4303-9097-650418543e27','I Ketut Eddy Purnama'),('91000026','e74c36fb-fbe6-45a1-8109-83622b7905da','Jangkung Karyantoro'),('91000027','99d9d454-e929-4dd1-9865-aab90b61d696','J. E. Sutanto'),('91000028','aea968f7-8e2a-4e87-8f7e-f4a4e8f2b5dc','Sritomo Wignjosoebroto'),('91000029','5dbca5ff-380f-419f-93bd-c86a6d7bae04','Aris Armuninggar'),('91000030','848ec0ca-dee2-4768-b4b0-5b7f482f2d98','Ahmad Rizki Sridadi'),('91000031','a6f47171-92a2-4166-b824-d68957c93d02','Aditya Sutantio'),('91000032','70621ce3-56a5-4bdc-adc4-3a17d1275526','Basuki Rachmat'),('91000033','19005705-f96e-4495-8d5a-7db1c7a8da3f','Didik Wahjudi'),('91000034','d9d94a63-ac79-494c-bb57-2e9d4d74b020','Freddy'),('91000035','39ae620e-ec92-4424-939e-bd94f243356a','I Gede Agus Widyadana,'),('91000036','4170a272-1300-4ffb-a109-4737b4fa1561','Ispurwono Soemarno'),('91000037','383aa24a-d25a-4487-b9cc-0777eb552775','Indung Sudarso'),('91000038','d4759258-0c15-412c-8cca-05279243b62b','Maranatha Wijayaningtyas'),('91000039','be5bff00-ef4f-4829-95bc-71a97f923899','Doddy Prayogo,'),('91000040','595c4e06-b8c6-4200-9367-df13a34dd065','Rita Ambarwati Sukmono'),('91000041','fbf39499-43ef-471d-97b3-8fbe1c16017a','Tri Siwi Agustina'),('91000042','a6cbec42-3080-4614-a4c6-21aca5d4c9e9','Muhammad Alkirom Wildan,'),('91000043','c5dc01a1-27b8-41bc-8968-f6cc26407059','Jani Rahardjo'),('91000044','44acf4c6-435c-4a41-b9d3-bef0d263e394','Lubna Algadrie'),('91000045','1faa8fbb-5203-485e-b848-f835dc7ea66d','Nurita Andriani,'),('91000046','5505a53a-c534-431d-bf00-239a4afbcb4c','Rianto B. Adihardjo'),('91000047','4c4c195e-1b01-427d-a746-4afa248168c7','Buana Ma\'ruf'),('91000048','e7bd822e-3d3c-458e-9e4d-a640f12f0bc0','Budhi Satrio'),('91000049','c5ad022e-9f24-4b86-9c30-b176c65560cf','Fuad Achmadi'),('91000050','ae30443a-4d6c-42fa-9909-408d792d26af','Fitri Ismiyanti'),('91000051','63dbc5e3-c590-4b4b-8138-050b81864ba4','Rr. Iramani'),('91000052','7c7bf568-2af6-4d4a-9b6a-6f132093d90e','Wisudanto,'),('91000053','fc21c81b-2e4d-4ebf-8d8b-8c44c3a1a31d','I Made Sudana'),('91000054','4e711830-38ea-4913-b9b5-5bca8becf6e0','Muhammad Madyan'),('91000055','ba15037b-ef59-40f7-bf3c-3dccf0214ca3','Moch. Hariadi'),('91000056','b57f4aaa-0213-4e16-bdeb-d06f7f1bf39e','Moh. Ichsan'),('91000057','d332fca3-7feb-4ce1-9351-6e70c20727f3','Mas Agus Mardianto'),('91000058','2dee8b7c-3607-4979-8f0e-8f9fa372e27c','Abdur Rohim'),('91000059','930f7c8c-bd97-4171-8f82-ccf313ebc30d','Naning Aranti Wessiani'),('91000060','eb2ae969-005b-4a9f-ae4b-85bbfa6f090a','Nieke Karnaningroem'),('91000061','e92f7506-6499-47e6-a885-a077396c53f7','Nengah Karta'),('91000062','6e3782cf-ba6f-478f-bbc4-ea636b9c7f30','Pratomo Edhi'),('91000063','5bb2881f-7166-4b46-97ee-6e37ea09ad24','Putu Rudy'),('91000064','61847dc3-6e79-4ee1-b4e2-a3bb2d69bdfd','Pito Sumarno'),('91000065','6bb2df54-5ff2-4226-b011-373fd9d4da24','Rachmat Boedi Santoso'),('91000066','faa42865-5137-450c-89aa-9ae3ae0c9cae','Riza Meiyanto'),('91000067','9419d387-eb6b-49af-8327-f16a6d4c172f','Rozali Achmad'),('91000068','8a7e70f6-549a-4a39-9dd1-21a94a290945','R. Eko Indrajit'),('91000069','2b92f020-74bf-4343-b8ed-b22a134ec24b','Suminar Pratapa,'),('91000070','3bc3a802-f558-422a-bd6b-993b2f65ca30','Soebandi'),('91000071','696f482f-e23d-4698-85ba-f03bfe9011db','Sri Gunawan'),('91000072','7275a032-10d3-432d-9de3-be0247cb0ebf','Sri Wahyuni Astuti'),('91000073','360ba98b-5aa6-41ba-bcc8-073e42b85573','Soegeng Soetedjo'),('91000074','f5a97039-894c-47e7-94ff-2a44e3a3383c','Samsul Arifin'),('91000075','b93c3580-9474-4666-8221-c0d21c3840a5','Stefanus Eko Wiratno,'),('91000076','25299646-69e7-4819-af84-120530b363f1','Saktyanu P. S., Dermorejo'),('91000077','18d3ce1a-7a78-4d8d-ada7-ddd08a812074','Kaharuddin Djenod'),('91000078','b1e136c6-1a3d-401f-98b7-c1037a7d48b9','Sugeng Pristiwo'),('91000079','aa40bf3d-f2e9-4bb7-b656-377665cdb6b4','Tanadi Santoso'),('91000080','978628d0-7553-4bd0-b0af-60f781554511','Tatik Suryani'),('91000081','3595866c-6458-40ff-8e8d-09ec5819673a','Wan Juli'),('91000082','38f88ecc-aa6f-4d8f-afa8-7b79b42dbe3a','Yudha Prasetyawan'),('91000083','8175886c-e6b7-43fe-8af4-b3950bf67457','M. Yusak Anshori'),('91000084','65372fee-b5db-4e6e-9353-1b6571106fbc','Imanuel Didin'),('91000085','f6984706-99d0-447e-b795-7ab3bacfdb56','Marsetio'),('91000086','6d188149-5987-4b9d-81ed-184cf56b7d45','Mulyono'),('91000087','678d1fc1-8588-4190-82dc-ad1ada4132a4','Rudyanto'),('91000088','1039d337-2eb5-4618-bb36-a93b4e33498f','Sitta Izza Rosdaniah'),('91000089','a9ef3d1c-1b08-417d-8b9f-e85253c39da2','Yani Rahmawati'),('91000090','09857bb5-bf3c-49e9-92b7-a50f179a6503','Pratomo'),('91000091','e9f55222-b5d9-424b-a3ec-0699d8db66b6','Sri Gunani Partiwi'),('91000092','93ea222d-f1fe-4a11-98ba-2f10e498cec4','Agung Krisprimandoyo'),('92111115666336','9aebe9c7-467b-4127-ae53-fbe0ff052c4d','Eddy Setiadi Soedjono'),('BKI-BD','ed8ddbb7-f1f5-437f-8c9d-17d344abe2e1','Beni Dima'),('D00051','5ee97cb2-b940-4780-a270-8a7e10df522e','Rariya Budi Harta'),('DA0000','0ed1548c-5382-4aac-9240-2bbd527038f5','A. Zainul Abidin'),('DA0001','b6addbbb-9e82-48b8-9555-4cb8c9f1c450','Adi Dharma'),('DA001','e9945875-b54e-4ca6-8ed8-02af7a8cb52c','Alimatus Sahrah'),('DA003','8239cecb-3833-4c5d-9e30-f5a619969a22','Anwar Salahuddin'),('DB001','3adce1dd-8cea-4f8c-b44c-23161804f1e0','Bambang Koestoyo'),('DB002','1347460e-c71a-4029-aa26-84312e06feba','Bambang Tjahjadi'),('DB003','ea419825-b286-498f-880d-341f73bada0d','Budi Siswantoro'),('DD001','2a34accb-d997-4bbe-b3a0-506a89f5a65b','Dadan Krisnandar'),('DD002','065b5d4d-d912-4c5c-a8fa-813355800ace','Danawati'),('DD004','6289b108-7f89-4a3d-a4dd-5ba5abe3b1d6','Dyah Erny Herwindiati'),('DD005','eca3fb92-1361-41d6-af42-624afaee8074','Dody Hartanto'),('DE001','454295d7-387d-4ef8-a3db-0830442034ac','Edwin Riksakomara'),('DE002','04d9b64c-d438-4207-92aa-f7bd8a2646a3','Endah Angreni'),('DE003','17f69d6b-2e6c-441c-b624-b221104f258f','Ellina S. P.'),('DE005','5f1ff96b-c787-4a8e-b60c-9190086b29b9','Eduard T. Pauner'),('DF001','36ed9309-795e-4a88-a011-613de808e1d4','F. A. Handoko Sasmita'),('DG001','570828ee-bc8b-40e7-93be-e3d1f9620a52','Gembong Baskoro'),('DG002','0a9bc7fe-6e3b-4ab1-a16a-559a559f3e74','Gunawan Adji'),('DH007','218bc059-dd8d-4ba4-be06-620c295299ea','Hesti Nugrahani'),('DH008','0ed56f43-7dd6-4dd1-a65a-aceddc00d4b7','Henky Eko S.'),('DH009','c9ac7838-1c48-4737-99ca-bed34309e148','Herry Sinurat'),('DH010','4ecd89c5-0a37-4ab9-8d85-d0b2f8006eb6','Heru Chrisdhianto'),('DI003','76d6f0b5-de43-4531-9ed9-84919f897290','I Ketut Eddy Purnama'),('DJ001','6e726c94-db79-4487-88ca-e7ac25a1e1db','Jangkung Karyantoro'),('DJ002','b45e815f-7fd7-4133-99c0-49b24a15dc04','J. E. Sutanto'),('DL 00000','05194567-768e-4265-9c88-f1fe77481d51','Sritomo Wignjosoebroto'),('DL-AA','7c5f1ffb-913f-4bb7-a314-0b4c91c8edfc','Aris Armuninggar'),('DL-Adit','8f82edea-6959-4681-9915-f446a6ae1f7e','Aditya Sutantio'),('DL-ARS','50116779-0146-4acd-ae04-3ebeb408b31c','Ahmad Rizki Sridadi'),('DL-BR','12bab229-92aa-421e-b886-698213968f79','Basuki Rachmat'),('DL-DW','6d868089-cc0a-4493-b510-a18a47aafd51','Didik Wahjudi'),('DL-FREDDY','ab131030-4e6f-444b-aa1e-d95cf0be4bc6','Freddy'),('DL-IGAW','9062d58e-8795-4a65-83c7-5b4aadd63938','I Gede Agus Widyadana,'),('DL-Ind','7e5db09a-b2d4-47a5-8777-5ea255d706b8','Indung Sudarso'),('DL-ITS','e62d6a68-35b6-4825-9391-c17cf617b43f','Ispurwono Soemarno'),('DL-MW','54f5f45d-266c-49c2-b474-9e29c47fdd53','Maranatha Wijayaningtyas'),('DL-Petra','8d8d5aac-43a7-4ba2-9f91-c67153f73392','Doddy Prayogo,'),('DL-RAS','eb18cb4b-b2ca-4e48-bc5b-bdcfaba5ba52','Rita Ambarwati Sukmono'),('DL-TSA','f9da9e84-2869-4ca2-8520-dd42b4a219ff','Tri Siwi Agustina'),('DL-UTem','49332e10-7130-4cf3-9e93-472217c8f318','Muhammad Alkirom Wildan,'),('DL-YRP','40fdacad-bc9f-4311-a121-5ea862450a4e','Jani Rahardjo'),('DL001','83ddf858-14b8-4c45-a7ce-c2e51a444342','Lubna Algadrie'),('DL1-Utem','fcc2fc18-1578-436b-b1a7-889f5eadde31','Nurita Andriani,'),('DLB','549ac6f5-cf9e-4066-af58-07c0b652c8b1','Rianto B. Adihardjo'),('DLB-BUA','6efeccd5-6a96-495b-aeb7-c213cfacbb0b','Buana Ma\'ruf'),('DLBud1','12bdbfbc-0e69-47da-8fc3-1f8f2a5ce348','Budhi Satrio'),('DLFUA','c2c1a692-02e1-47cf-809c-7796c25ba734','Fuad Achmadi'),('DLFUnair','bc1a4185-9121-41f8-8aab-5843032bcbcd','Fitri Ismiyanti'),('DLIr','690f9ac3-7cdd-4d76-91b4-ba1d7d4c920c','Rr. Iramani'),('DLWUnair','db3524e2-5a05-431e-9191-5260f94ae3f6','Wisudanto,'),('DM001','a88023de-ecc9-4831-9259-c8792ee010fe','I Made Sudana'),('DM002','ae89ec85-66b8-4878-b4ec-f124d0a747ea','Muhammad Madyan'),('DM003','fcb15817-f8c1-4878-b968-6e66bb672a33','Moch. Hariadi'),('DM004','f51e615f-20e4-4a05-a7b4-deafb90d66b5','Moh. Ichsan'),('DM005','267fc303-e50c-4fd9-9ec5-eef3c5a0dd56','Mas Agus Mardianto'),('DM008','563e2a63-dcb1-4cff-94da-a1af62d83290','Abdur Rohim'),('DN002','12080a34-e501-4b4d-a3e4-302a666dd507','Naning Aranti Wessiani'),('DN003','7a673142-bff3-4b72-9873-f3ecdb4fcd3e','Nieke Karnaningroem'),('DN004','9d0c3dbf-abb1-45d0-9ddc-45da80e98ffc','Nengah Karta'),('DP001','409562bd-07e8-488d-8d62-3422f578a0af','Pratomo Edhi'),('DP002','4e841b48-b4af-4dbc-bd3c-b198afc648aa','Putu Rudy'),('DP003','c1baf117-e087-4277-b8ad-db9e0a0ad777','Pito Sumarno'),('DR001','a240ee62-b059-4760-9ea9-32eeb7c155f0','Rachmat Boedi Santoso'),('DR002','828ef03d-ac9a-458b-8beb-19e024b58cb9','Riza Meiyanto'),('DR004','adf4795e-e43d-47d6-9879-f68f5b8a28a1','Rozali Achmad'),('DR005','7aaae4c6-9da0-4b02-b614-b3f3377e5634','R. Eko Indrajit'),('DS','8f55819f-5a88-4921-b12f-99a93e7d30da','Suminar Pratapa,'),('DS001','276cefe8-3e17-4f2f-8f2d-96de553559a4','Soebandi'),('DS002','c15b4afc-be8a-4ce2-985d-e71d8317e4b4','Sri Gunawan'),('DS003','2912c5d7-8b00-48d1-b2ce-fd1f93a3d55b','Sri Wahyuni Astuti'),('DS004','f6583c6b-0503-451e-b093-c749d084de2e','Soegeng Soetedjo'),('DS006','c13db250-aa8a-4e32-8ee5-063fd24e5ed3','Samsul Arifin'),('DS007','8d7cbf4f-3a69-4f1c-aa14-2e0409f46572','Stefanus Eko Wiratno,'),('DS008','5f46ec79-2c0c-45d0-b28b-3c00acf27664','Saktyanu P. S., Dermorejo'),('DS1001','328bbd97-a4a7-48e4-adb5-19d320d7d391','Kaharuddin Djenod'),('DS103','11d4f983-d05e-4cd4-abce-28203c43ea44','Sugeng Pristiwo'),('DT001','e2a991f2-2f5d-45cd-ba76-c8e086e33056','Tanadi Santoso'),('DT007','a96b3375-b41e-40d1-9c88-0915195798dc','Tatik Suryani'),('DW 002','ae32a007-ca2e-4344-9799-e1e2b703b135','Wan Juli'),('DY001','89921dec-6238-40bf-b717-97a5e7ccded3','Yudha Prasetyawan'),('DY003','0a2ff3ea-7f9d-45df-b764-744bcca0d6fb','M. Yusak Anshori'),('LB-ID','d3aa8440-5451-470d-ac01-9f1e6177a4a2','Imanuel Didin'),('LB-MARSE','216c5be3-826e-4d24-8cf0-2c6714f52327','Marsetio'),('LB-MULY','002b1a27-020a-47f2-906e-79d54778f5d4','Mulyono'),('LB-RUD','9c2a1fea-9163-46d8-b20d-d585469b74a3','Rudyanto'),('LB-SIR','c602fe6f-6286-4ecd-b0fd-4dec9748e90e','Sitta Izza Rosdaniah'),('LB002','c7110fde-2143-44b1-bf98-09a9e0ff9e55','Yani Rahmawati'),('LBBKI1','b13297dc-d81e-4b8a-a071-6220bfdd4961','Pratomo'),('NIPPPPPPITS199','774da90a-a2d8-4387-afe6-6f8e605dd5af','Sri Gunani Partiwi');
/*!40000 ALTER TABLE `dosen` ENABLE KEYS */;
UNLOCK TABLES;

--
-- Table structure for table `dosenambilkelas`
--

DROP TABLE IF EXISTS `dosenambilkelas`;
/*!40101 SET @saved_cs_client     = @@character_set_client */;
/*!40101 SET character_set_client = utf8 */;
CREATE TABLE `dosenambilkelas` (
  `id_kelas_matkul` varchar(255) CHARACTER SET utf8 NOT NULL DEFAULT '',
  `nip` varchar(255) CHARACTER SET utf8 NOT NULL DEFAULT '',
  KEY `id_kelas_matkul` (`id_kelas_matkul`),
  KEY `nip` (`nip`),
  CONSTRAINT `dosenambilkelas_ibfk_1` FOREIGN KEY (`id_kelas_matkul`) REFERENCES `kelasmatkul` (`id_kelas_matkul`) ON DELETE CASCADE ON UPDATE CASCADE,
  CONSTRAINT `dosenambilkelas_ibfk_2` FOREIGN KEY (`nip`) REFERENCES `dosen` (`nip`) ON DELETE CASCADE ON UPDATE CASCADE
) ENGINE=InnoDB DEFAULT CHARSET=latin1;
/*!40101 SET character_set_client = @saved_cs_client */;

--
-- Dumping data for table `dosenambilkelas`
--

LOCK TABLES `dosenambilkelas` WRITE;
/*!40000 ALTER TABLE `dosenambilkelas` DISABLE KEYS */;
INSERT INTO `dosenambilkelas` VALUES ('7b491361-7fce-459d-83a6-2fd0441fd23c','130781347'),('7b491361-7fce-459d-83a6-2fd0441fd23c','1.95305161978031e17'),('418a5577-cf2a-4d9b-a2ca-3a93f01c6559','91000037'),('418a5577-cf2a-4d9b-a2ca-3a93f01c6559','91000080'),('41962999-fd14-4539-b575-b13fcdeb0470','91000049'),('41962999-fd14-4539-b575-b13fcdeb0470','91000048'),('ae61d7c7-ba22-45ba-b190-8977f4f9d29a','1.95908171987031e17'),('ae61d7c7-ba22-45ba-b190-8977f4f9d29a','1.96506301990031e17'),('c0aea459-88a9-44a6-a7d2-969d63d4f4db','1.97712082005011e17'),('c0aea459-88a9-44a6-a7d2-969d63d4f4db','91000036'),('b5651af9-d3f9-4693-9080-bbc74ecd7e6d','1.96506301990031e17'),('b5651af9-d3f9-4693-9080-bbc74ecd7e6d','1.95908171987031e17'),('9abd44ef-8cb4-4898-bb9e-8100b05ecfda','1.95908171987031e17'),('9abd44ef-8cb4-4898-bb9e-8100b05ecfda','1.96506301990031e17'),('c878096e-c342-4dac-91b5-546948a6e5dc','1.97208251998022e17'),('c878096e-c342-4dac-91b5-546948a6e5dc','1.97405081999032e17'),('bbaa9826-4acf-416e-b4de-b34980f4ad9c','1.96802181993031e17'),('1ec49fb0-6bd1-4a9e-8eec-bce3e37515b2','1.96308051989032e17'),('0129abd1-2f0c-44e8-8567-045e213d8d7a','1.97007211997021e17'),('eb80408b-87b0-4db9-822c-d6c377dd73f6','91000052'),('751f81dd-6be6-4197-9dc9-f928b3b43b14','1.97302191998021e17'),('b803edd4-7862-4a0a-a731-33f8b2bc124a','91000047'),('6ef3ccc0-a673-4c1a-8789-207048b3436d','1.96312251989031e17'),('51c904eb-de19-4fcf-812b-45510e134120','1.94807101976031e17'),('7522f50c-527f-43b8-b39e-98facf847df0','1.97307312002121e17'),('6bf7d64a-1966-4cc4-8872-8b5ed8697ccf','91000032'),('5e32d87f-f3af-4b65-86db-da605d10b1b4','1.95305021981031e17'),('d5c63ce9-9eba-42dd-a29d-f8814dd96b19','1.97109271999031e17'),('09f8aa81-da53-4ae6-bba2-66d7ad59fc31','91000030'),('c7c0ced4-eab0-4162-aae1-4ba3c4d10685','1.96505181992031e17'),('286a7f86-7cb4-4031-80d7-fef511cbb9b8','130781347'),('286a7f86-7cb4-4031-80d7-fef511cbb9b8','1.95305161978031e17'),('2e499228-e02e-4df2-8ca9-eb819d27c7e0','1.96107261989031e17'),('3b65f3d3-7d85-4a09-89ab-dfc87dbead19','1.96107261989031e17'),('ebb15312-2238-453c-bd5b-07d22f45a23c','1.95903181987011e17'),('2e499228-e02e-4df2-8ca9-eb819d27c7e0','1.95305021981031e17'),('f57ba6cc-7411-4b68-b275-9615b5260665','1.97403281998021e17'),('dcaaecfc-b12c-449b-9ba2-5591b4d958e4','91000037'),('672d1ed1-a043-474e-b012-d453a8b4c7b9','1.95305021981031e17'),('0c13de68-f43d-442c-a7e8-7181ad5b1033','1.95305021981031e17'),('385d2448-96a6-4713-821a-68868377cbcc','1.97712082005011e17'),('a63ff7e5-dfcd-44f9-b830-ddd88089b46a','91000038'),('9abd44ef-8cb4-4898-bb9e-8100b05ecfda','1.98001132008122e17'),('c878096e-c342-4dac-91b5-546948a6e5dc','1.96905121994021e17'),('0129abd1-2f0c-44e8-8567-045e213d8d7a','1.95004021979011e17'),('eb80408b-87b0-4db9-822c-d6c377dd73f6','1.96310081990021e17'),('41962999-fd14-4539-b575-b13fcdeb0470','1.96107261989031e17'),('b803edd4-7862-4a0a-a731-33f8b2bc124a','1.96107261989031e17'),('6ef3ccc0-a673-4c1a-8789-207048b3436d','1.96707271992031e17'),('6bf7d64a-1966-4cc4-8872-8b5ed8697ccf','1987201711061'),('7522f50c-527f-43b8-b39e-98facf847df0','1.98201192005011e17'),('5e32d87f-f3af-4b65-86db-da605d10b1b4','1.97202111998021e17'),('2e499228-e02e-4df2-8ca9-eb819d27c7e0','1.98202022014041e17'),('e054a7f4-45f7-471e-a160-01c0320ffc7a','91000047'),('3b65f3d3-7d85-4a09-89ab-dfc87dbead19','91000047'),('385d2448-96a6-4713-821a-68868377cbcc','91000015'),('a63ff7e5-dfcd-44f9-b830-ddd88089b46a','132303087'),('672d1ed1-a043-474e-b012-d453a8b4c7b9','1.97202111998021e17'),('16099b04-188a-4bf5-b188-bb3e7dd1edcc','91000045'),('0c13de68-f43d-442c-a7e8-7181ad5b1033','1.98202022014041e17'),('672d1ed1-a043-474e-b012-d453a8b4c7b9','91000045'),('4831319b-9d1e-4d4b-94de-84e257fc22d0','91000045'),('50450468-bb37-4ae2-a44a-1e5d8ec8aaba','1.97007211997021e17'),('50450468-bb37-4ae2-a44a-1e5d8ec8aaba','1.95904301989031e17'),('bbaa9826-4acf-416e-b4de-b34980f4ad9c','91000050'),('751f81dd-6be6-4197-9dc9-f928b3b43b14','5200201301010');
/*!40000 ALTER TABLE `dosenambilkelas` ENABLE KEYS */;
UNLOCK TABLES;

--
-- Table structure for table `jadwal`
--

DROP TABLE IF EXISTS `jadwal`;
/*!40101 SET @saved_cs_client     = @@character_set_client */;
/*!40101 SET character_set_client = utf8 */;
CREATE TABLE `jadwal` (
  `id_jadwal` varchar(255) NOT NULL,
  `id_kelas` varchar(255) DEFAULT NULL,
  `id_kelas_matkul` varchar(255) DEFAULT NULL,
  `tanggal` date DEFAULT NULL,
  `jam_mulai` time DEFAULT NULL,
  `jam_selesai` time DEFAULT NULL,
  `nip` varchar(255) DEFAULT NULL,
  PRIMARY KEY (`id_jadwal`),
  KEY `fk_relationship_11` (`id_kelas_matkul`),
  KEY `fk_ruangan` (`id_kelas`),
  KEY `nip` (`nip`),
  CONSTRAINT `fk_kelas_matkul` FOREIGN KEY (`id_kelas_matkul`) REFERENCES `kelasmatkul` (`id_kelas_matkul`) ON DELETE CASCADE ON UPDATE CASCADE,
  CONSTRAINT `fk_ruangan` FOREIGN KEY (`id_kelas`) REFERENCES `kelas` (`id_kelas`) ON DELETE CASCADE ON UPDATE CASCADE,
  CONSTRAINT `jadwal_ibfk_1` FOREIGN KEY (`nip`) REFERENCES `dosen` (`nip`) ON DELETE SET NULL ON UPDATE SET NULL
) ENGINE=InnoDB DEFAULT CHARSET=utf8;
/*!40101 SET character_set_client = @saved_cs_client */;

--
-- Dumping data for table `jadwal`
--

LOCK TABLES `jadwal` WRITE;
/*!40000 ALTER TABLE `jadwal` DISABLE KEYS */;
INSERT INTO `jadwal` VALUES ('0373c976-76d8-4748-9152-cdadeb13def5','215','9abd44ef-8cb4-4898-bb9e-8100b05ecfda','2018-03-12','18:30:00','20:10:00','1.95908171987031e17'),('07639ad5-d8e7-45f6-aa97-ec81ebac28d4','208','3b65f3d3-7d85-4a09-89ab-dfc87dbead19','2018-04-06','20:30:00','22:10:00','91000047'),('07c57871-1298-496a-83b0-18041c2ec39b','207','286a7f86-7cb4-4031-80d7-fef511cbb9b8','2018-04-02','18:30:00','20:10:00','130781347'),('083601aa-4aef-41c2-97d8-ecf00894dba6','215','751f81dd-6be6-4197-9dc9-f928b3b43b14','2018-03-20','20:30:00','22:10:00','1.97302191998021e17'),('08fa5a71-346d-4fca-a171-3cf337ad061f','214','0c13de68-f43d-442c-a7e8-7181ad5b1033','2018-04-07','11:30:00','13:10:00','1.95305021981031e17'),('0c0b303d-3f83-4d0f-b8a5-1de903e3e187','215','c0aea459-88a9-44a6-a7d2-969d63d4f4db','2018-03-12','20:30:00','22:10:00','1.97712082005011e17'),('0cf35669-5b86-4c50-8dda-c3c9ede22326','KOMPUTER_D','b803edd4-7862-4a0a-a731-33f8b2bc124a','2018-03-13','20:30:00','22:10:00','91000047'),('10752c35-4050-4c4a-9202-a77a6c153acb','215','6ef3ccc0-a673-4c1a-8789-207048b3436d','2018-03-14','18:30:00','20:10:00','1.96312251989031e17'),('113c3203-ebe5-48c0-b5a2-cee2a12e5e96','208','ae61d7c7-ba22-45ba-b190-8977f4f9d29a','2018-03-26','20:30:00','22:10:00','1.95908171987031e17'),('11ac5bab-63fc-45ca-971a-206c8aba5029','208','41962999-fd14-4539-b575-b13fcdeb0470','2018-04-09','18:30:00','20:10:00','91000048'),('17be016b-e8d5-4c4f-a09d-ae007b4d77dc','215','6ef3ccc0-a673-4c1a-8789-207048b3436d','2018-03-21','18:30:00','20:10:00','1.96312251989031e17'),('1b61decb-5c97-48f5-9924-c3dd650ee0ce','214','0c13de68-f43d-442c-a7e8-7181ad5b1033','2018-03-24','11:30:00','13:10:00','1.95305021981031e17'),('215b9a85-2222-424d-95c6-2817184f0d3f','214','16099b04-188a-4bf5-b188-bb3e7dd1edcc','2018-04-07','08:00:00','10:40:00','91000045'),('220f5084-879b-4741-a9d5-f71b88e188ed','208','41962999-fd14-4539-b575-b13fcdeb0470','2018-04-02','18:30:00','20:10:00','91000049'),('26f9d960-4000-4152-873a-f066f64da26b','207','b803edd4-7862-4a0a-a731-33f8b2bc124a','2018-03-27','18:30:00','20:10:00','91000047'),('2bd0a391-67ac-419d-8947-1ba62f7be0e1','208','1ec49fb0-6bd1-4a9e-8eec-bce3e37515b2','2018-03-27','18:30:00','20:10:00','1.96308051989032e17'),('2e151e11-6f5d-4737-9dd7-68f90bbef9f8','207','418a5577-cf2a-4d9b-a2ca-3a93f01c6559','2018-04-09','20:30:00','22:10:00','91000080'),('3b2648fb-7f54-41f8-83b3-9e87008b4c63','215','6ef3ccc0-a673-4c1a-8789-207048b3436d','2018-03-28','18:30:00','20:10:00','1.96312251989031e17'),('3d0814ad-a827-43d1-af45-baf6f77c929a','208','09f8aa81-da53-4ae6-bba2-66d7ad59fc31','2018-03-22','18:30:00','20:10:00','91000030'),('3d183bea-716c-49c9-accc-b8ee10c95bfb','214','0129abd1-2f0c-44e8-8567-045e213d8d7a','2018-03-20','18:30:00','20:10:00','1.97007211997021e17'),('40b1593a-d0d4-44d5-a5cd-8b3bcc7d22d5','207','286a7f86-7cb4-4031-80d7-fef511cbb9b8','2018-03-16','18:30:00','20:10:00','130781347'),('41235f6a-2ad0-4642-9d6f-f78aca007ab8','214','eb80408b-87b0-4db9-822c-d6c377dd73f6','2018-03-27','20:30:00','22:10:00','91000052'),('4300e328-3f0d-4ec3-9df1-c171ed103c69','215','51c904eb-de19-4fcf-812b-45510e134120','2018-04-04','20:30:00','22:10:00','1.94807101976031e17'),('43ba2e33-4748-491f-8006-7e4eabab8bfc','207','5e32d87f-f3af-4b65-86db-da605d10b1b4','2018-04-04','18:30:00','20:10:00','1.97202111998021e17'),('4618442a-5b51-4f4a-80bf-cc6df493d67b','215','c878096e-c342-4dac-91b5-546948a6e5dc','2018-04-03','18:30:00','20:10:00','1.96905121994021e17'),('4ab83d6a-8f59-44f3-870a-2e69417407e5','215','ebb15312-2238-453c-bd5b-07d22f45a23c','2018-03-16','18:30:00','20:10:00','1.95903181987011e17'),('4f10d841-e8a3-4a67-8f10-d57a0a4b8afd','215','c0aea459-88a9-44a6-a7d2-969d63d4f4db','2018-04-09','20:30:00','22:10:00','91000036'),('4fa1b157-a9ff-4591-a881-a2b254ce7454','207','1ec49fb0-6bd1-4a9e-8eec-bce3e37515b2','2018-04-03','20:30:00','22:10:00','1.96308051989032e17'),('532fe45a-5e63-4c13-a215-4e145bbbbafb','208','7522f50c-527f-43b8-b39e-98facf847df0','2018-04-04','18:30:00','20:10:00','1.98201192005011e17'),('533fb9d3-b0ae-4b5a-b4b3-a980ce1fa8e9','207','5e32d87f-f3af-4b65-86db-da605d10b1b4','2018-03-21','18:30:00','20:10:00','1.95305021981031e17'),('558ddcc9-4b3f-4881-9012-1562a570bfbd','207','b803edd4-7862-4a0a-a731-33f8b2bc124a','2018-03-20','18:30:00','20:10:00','91000047'),('5b5e229f-363b-4b59-8052-86ee4407baa2','214','eb80408b-87b0-4db9-822c-d6c377dd73f6','2018-03-13','20:30:00','22:10:00','91000052'),('5c87f9d2-4027-4ff5-aa03-209b9c4ad1fd','207','1ec49fb0-6bd1-4a9e-8eec-bce3e37515b2','2018-03-13','20:30:00','22:10:00','1.96308051989032e17'),('5e20a61e-05a0-4453-b548-a9cf138f4586','208','2e499228-e02e-4df2-8ca9-eb819d27c7e0','2018-03-16','18:30:00','20:10:00','1.95305021981031e17'),('623aac6d-86d9-4b5e-ad65-fec1b8cd83a6','214','bbaa9826-4acf-416e-b4de-b34980f4ad9c','2018-03-28','18:30:00','20:10:00','1.96802181993031e17'),('6387875e-9440-4c75-8bdb-e1ae2471060c','214','c7c0ced4-eab0-4162-aae1-4ba3c4d10685','2018-03-15','18:30:00','20:10:00','1.96505181992031e17'),('6479f1ca-46e8-421a-b7ac-19316c572f99','208','1ec49fb0-6bd1-4a9e-8eec-bce3e37515b2','2018-03-27','20:30:00','22:10:00','1.96308051989032e17'),('64906579-7ed5-4e4c-adcd-480a660b5417','215','c878096e-c342-4dac-91b5-546948a6e5dc','2018-04-10','18:30:00','20:10:00','1.96905121994021e17'),('64f3235c-65c5-4f4d-bbe5-693bc4674008','215','51c904eb-de19-4fcf-812b-45510e134120','2018-03-14','20:30:00','22:10:00','1.94807101976031e17'),('6a23d1c4-e210-42b1-9d9e-849a787e33d4','214','0129abd1-2f0c-44e8-8567-045e213d8d7a','2018-04-10','18:30:00','20:10:00','1.95004021979011e17'),('6b88ef43-a2af-41ab-b111-888392faa174','215','9abd44ef-8cb4-4898-bb9e-8100b05ecfda','2018-03-19','18:30:00','20:10:00','1.95908171987031e17'),('6cb2e48c-8070-4cf4-9204-29c9b683c21b','208','7522f50c-527f-43b8-b39e-98facf847df0','2018-03-28','18:30:00','20:10:00','1.97307312002121e17'),('6ce57fc7-c2a1-4895-bc8f-09482a9d526c','208','bbaa9826-4acf-416e-b4de-b34980f4ad9c','2018-03-13','18:30:00','20:10:00','1.96802181993031e17'),('6ce96290-8eb2-4bb7-a29d-a50e43deb482','207','1ec49fb0-6bd1-4a9e-8eec-bce3e37515b2','2018-03-20','20:30:00','22:10:00','1.96308051989032e17'),('6d202b90-e04c-473a-aa89-31560f340603','215','a63ff7e5-dfcd-44f9-b830-ddd88089b46a','2018-04-07','12:30:00','14:10:00','132303087'),('6e68d292-4f86-40db-a969-e7d83125249a','214','b5651af9-d3f9-4693-9080-bbc74ecd7e6d','2018-03-26','18:30:00','20:10:00','1.96506301990031e17'),('6e6d7737-b184-486a-ac5f-9f1b133c10a6','215','751f81dd-6be6-4197-9dc9-f928b3b43b14','2018-03-27','20:30:00','22:10:00','1.97302191998021e17'),('7362b652-fcd3-431a-97ff-2c1a48ba1c89','208','3b65f3d3-7d85-4a09-89ab-dfc87dbead19','2018-03-23','20:30:00','22:10:00','1.96107261989031e17'),('797b40a4-f468-4e84-98d7-a9b5c0bb0cff','215','751f81dd-6be6-4197-9dc9-f928b3b43b14','2018-03-13','20:30:00','22:10:00','1.97302191998021e17'),('7ab669a8-c05b-4c50-9c22-3bc7ddcc01e0','208','2e499228-e02e-4df2-8ca9-eb819d27c7e0','2018-04-06','18:30:00','20:10:00','1.98202022014041e17'),('7e43655a-a1ab-4e50-aac9-1c6203546e25','207','b803edd4-7862-4a0a-a731-33f8b2bc124a','2018-04-03','18:30:00','20:10:00','1.96107261989031e17'),('7f26c369-66ab-4313-a8b0-8d32e6241854','207','672d1ed1-a043-474e-b012-d453a8b4c7b9','2018-04-07','09:00:00','10:40:00','1.97202111998021e17'),('7fed246f-96dd-4cc6-9208-882ebe34a6f7','214','bbaa9826-4acf-416e-b4de-b34980f4ad9c','2018-03-28','20:30:00','22:10:00','1.96802181993031e17'),('8007c586-9521-41a9-98d8-9ed427e447ea','215','385d2448-96a6-4713-821a-68868377cbcc','2018-04-07','09:00:00','11:30:00','1.97712082005011e17'),('85ba3132-cfc0-46ca-86f9-4e82cf4bc068','214','eb80408b-87b0-4db9-822c-d6c377dd73f6','2018-03-20','20:30:00','22:10:00','91000052'),('85f99bf0-7b37-4d98-a074-3c360fe01cdb','214','0129abd1-2f0c-44e8-8567-045e213d8d7a','2018-03-13','18:30:00','20:10:00','1.97007211997021e17'),('8694952e-9fc7-4196-82d6-a0522b2bc178','214','0129abd1-2f0c-44e8-8567-045e213d8d7a','2018-04-03','18:30:00','20:10:00','1.95004021979011e17'),('89f7e7be-f243-4575-ba70-fa2db561d8fa','214','eb80408b-87b0-4db9-822c-d6c377dd73f6','2018-04-03','20:30:00','22:10:00','1.96310081990021e17'),('8b4a527e-c068-46f7-a251-f8815f44c98f','215','9abd44ef-8cb4-4898-bb9e-8100b05ecfda','2018-04-09','18:30:00','20:10:00','1.98001132008122e17'),('8beb35b3-62b5-4e79-9ea6-73713b1e3e5f','207','d5c63ce9-9eba-42dd-a29d-f8814dd96b19','2018-03-22','18:30:00','21:00:00','1.97109271999031e17'),('91ebc906-c348-480e-8ac0-c5b3adb8aeaf','207','2e499228-e02e-4df2-8ca9-eb819d27c7e0','2018-03-23','18:30:00','20:10:00','1.95305021981031e17'),('92e1eafd-4b46-4461-b6db-8a6312910c09','215','6ef3ccc0-a673-4c1a-8789-207048b3436d','2018-04-04','18:30:00','20:10:00','1.96707271992031e17'),('92e3b694-8568-458c-80ff-b8a7555b83da','208','3b65f3d3-7d85-4a09-89ab-dfc87dbead19','2018-03-16','20:30:00','22:10:00','1.96107261989031e17'),('942f8653-e00a-4830-8955-d9c29a149947','207','672d1ed1-a043-474e-b012-d453a8b4c7b9','2018-03-24','07:20:00','09:00:00','1.95305021981031e17'),('96807716-bced-4908-b44c-7fea372e16be','207','1ec49fb0-6bd1-4a9e-8eec-bce3e37515b2','2018-04-10','20:30:00','22:10:00','1.96308051989032e17'),('96d989f0-8bcd-41d2-b322-4fb27b05890b','208','7522f50c-527f-43b8-b39e-98facf847df0','2018-03-14','18:30:00','20:10:00','1.97307312002121e17'),('9761a9c6-60b2-4478-97cd-3f3b4e197a9e','207','7b491361-7fce-459d-83a6-2fd0441fd23c','2018-03-26','18:30:00','20:10:00','130781347'),('9abe020c-eb20-446a-bae9-8d38db7a7198','208','09f8aa81-da53-4ae6-bba2-66d7ad59fc31','2018-03-15','18:30:00','20:10:00','91000030'),('9cf112f0-e5a1-4da6-ba8e-df554ca16a3d','208','bbaa9826-4acf-416e-b4de-b34980f4ad9c','2018-03-20','18:30:00','20:10:00','1.96802181993031e17'),('9edde0dd-d78d-49be-b3d7-edc27c28d144','215','c0aea459-88a9-44a6-a7d2-969d63d4f4db','2018-03-26','20:30:00','22:10:00','1.97712082005011e17'),('a1a0926b-b16b-4af1-9376-db3f67fa39cf','215','751f81dd-6be6-4197-9dc9-f928b3b43b14','2018-04-10','20:30:00','22:10:00','5200201301010'),('a2bde72c-17ce-4a8e-8786-6ee3719634e2','215','50450468-bb37-4ae2-a44a-1e5d8ec8aaba','2018-04-07','14:10:00','15:50:00','1.97007211997021e17'),('a2c8423c-27f8-4167-8c09-c16e759cc728','207','418a5577-cf2a-4d9b-a2ca-3a93f01c6559','2018-03-19','20:30:00','22:10:00','91000037'),('a4ed757e-2e8f-41aa-9529-35b06e4601b4','207','a63ff7e5-dfcd-44f9-b830-ddd88089b46a','2018-03-24','12:30:00','14:10:00','91000038'),('a71df026-3d1e-4c4c-9396-77e6e73de70d','214','b5651af9-d3f9-4693-9080-bbc74ecd7e6d','2018-04-09','18:30:00','20:10:00','1.96506301990031e17'),('ad414112-8f91-40e8-942f-6cd245ba230d','208','ae61d7c7-ba22-45ba-b190-8977f4f9d29a','2018-04-02','20:30:00','22:10:00','1.96506301990031e17'),('b3263093-6e1e-4c3b-85a3-9a29395ab951','215','c0aea459-88a9-44a6-a7d2-969d63d4f4db','2018-04-02','20:30:00','22:10:00','91000036'),('b5f5c878-82b5-4bb7-b3f4-89b0cbfe527c','208','41962999-fd14-4539-b575-b13fcdeb0470','2018-03-19','18:30:00','20:10:00','91000049'),('b6771ad5-d167-4b11-bbbf-e6042cc0f6d0','215','c878096e-c342-4dac-91b5-546948a6e5dc','2018-03-13','18:30:00','20:10:00','1.97208251998022e17'),('b79c68de-5458-415c-ae7d-3196d96c395b','215','385d2448-96a6-4713-821a-68868377cbcc','2018-03-24','09:00:00','11:30:00','1.97712082005011e17'),('b7ca1144-a023-4577-b04b-1f4672a6f369','208','6bf7d64a-1966-4cc4-8872-8b5ed8697ccf','2018-03-14','20:30:00','22:10:00','91000032'),('b98e5803-41a0-44aa-980d-fb0fade516e6','214','b5651af9-d3f9-4693-9080-bbc74ecd7e6d','2018-04-02','18:30:00','20:10:00','1.96506301990031e17'),('bb3757a9-6c0a-44e2-978a-1505523e0fa6','207','d5c63ce9-9eba-42dd-a29d-f8814dd96b19','2018-03-15','18:30:00','21:00:00','1.97109271999031e17'),('bdda65ce-7105-4e8a-976b-73a71d03ae0e','207','418a5577-cf2a-4d9b-a2ca-3a93f01c6559','2018-04-02','20:30:00','22:10:00','91000080'),('bea0cd78-de04-4d62-938f-0721e53532d1','215','51c904eb-de19-4fcf-812b-45510e134120','2018-03-28','20:30:00','21:00:00','1.94807101976031e17'),('bf693716-0b62-4d8f-b400-ed0b38dcf636','215','c878096e-c342-4dac-91b5-546948a6e5dc','2018-03-20','18:30:00','20:10:00','1.97208251998022e17'),('c0b36dda-bc23-487a-932c-7859c1d17844','207','6bf7d64a-1966-4cc4-8872-8b5ed8697ccf','2018-03-14','20:30:00','22:10:00','91000032'),('c0bd77b5-0b6b-4d2f-b0be-32bafbb27039','207','b803edd4-7862-4a0a-a731-33f8b2bc124a','2018-03-13','18:30:00','20:10:00','91000047'),('c4e54594-9351-4701-bf09-b29c43c87f66','208','6bf7d64a-1966-4cc4-8872-8b5ed8697ccf','2018-04-04','20:30:00','22:10:00','1987201711061'),('c79b0bab-acec-4ce3-9138-4c4233da8ebb','207','672d1ed1-a043-474e-b012-d453a8b4c7b9','2018-03-24','09:00:00','10:40:00','1.95305021981031e17'),('c7a1394a-7ea3-4419-ba10-40ece0bb90c8','215','51c904eb-de19-4fcf-812b-45510e134120','2018-03-21','20:30:00','22:10:00','1.94807101976031e17'),('c84eb11c-f54c-4877-8dd6-aeca20297961','208','7522f50c-527f-43b8-b39e-98facf847df0','2018-03-21','18:30:00','20:10:00','1.97307312002121e17'),('c8e8750b-580c-47fc-bb1f-08fe8895c735','208','41962999-fd14-4539-b575-b13fcdeb0470','2018-03-26','18:30:00','20:10:00','91000049'),('cb269eae-0b44-40f5-a937-45139342c5d4','214','b5651af9-d3f9-4693-9080-bbc74ecd7e6d','2018-03-19','18:30:00','20:10:00','1.96506301990031e17'),('cd59c2ee-171b-4c46-b283-ab0893db61ba','215','c0aea459-88a9-44a6-a7d2-969d63d4f4db','2018-03-19','20:30:00','22:10:00','1.97712082005011e17'),('cd98b36b-f3ff-4605-bfa8-aadd34078916','215','dcaaecfc-b12c-449b-9ba2-5591b4d958e4','2018-03-23','20:30:00','22:10:00','91000037'),('d02f1bf9-c803-46a4-879c-0f063cddea33','215','751f81dd-6be6-4197-9dc9-f928b3b43b14','2018-04-03','20:30:00','22:10:00','1.97302191998021e17'),('d15a35bf-80a8-49fc-a9ce-1397f1cce2fc','208','ae61d7c7-ba22-45ba-b190-8977f4f9d29a','2018-03-19','20:30:00','22:10:00','1.95908171987031e17'),('d1f4fad9-6c58-4384-b33c-e84e9dd71750','214','b5651af9-d3f9-4693-9080-bbc74ecd7e6d','2018-03-12','18:30:00','20:10:00','1.96506301990031e17'),('d47fced7-64eb-4c96-8991-11a26751d7ed','208','6bf7d64a-1966-4cc4-8872-8b5ed8697ccf','2018-03-28','20:30:00','22:10:00','91000032'),('d6f709b2-2910-4542-98db-dc37b6bc5854','215','9abd44ef-8cb4-4898-bb9e-8100b05ecfda','2018-03-26','18:30:00','20:10:00','1.95908171987031e17'),('d8a4452b-2401-43f8-8c4a-db10ac58f348','207','418a5577-cf2a-4d9b-a2ca-3a93f01c6559','2018-03-12','20:30:00','22:10:00','91000037'),('daa5ef80-b57b-4162-b9b0-52c99ecc21cd','207','418a5577-cf2a-4d9b-a2ca-3a93f01c6559','2018-03-26','20:30:00','22:10:00','91000037'),('e02ba3c2-2b47-4d4a-8d31-7f8520379eda','215','ebb15312-2238-453c-bd5b-07d22f45a23c','2018-04-06','20:30:00','22:10:00','1.95903181987011e17'),('e0c7a3de-38ea-4869-b9fa-6876bd56090f','215','ebb15312-2238-453c-bd5b-07d22f45a23c','2018-03-16','20:30:00','22:10:00','1.95903181987011e17'),('e0f851b0-a3fb-4607-bb7f-8988eede54bb','207','5e32d87f-f3af-4b65-86db-da605d10b1b4','2018-03-14','18:30:00','20:10:00','1.95305021981031e17'),('e286ae33-a137-4ba5-81fc-619cfa079e76','208','6bf7d64a-1966-4cc4-8872-8b5ed8697ccf','2018-03-21','20:30:00','22:10:00','91000032'),('e3cddaa1-a98d-427d-a67d-212e62a0d7b0','207','4831319b-9d1e-4d4b-94de-84e257fc22d0','2018-04-07','11:30:00','14:50:00','91000045'),('e437ea0a-c661-4d50-abfc-54c0f36ae89c','207','5e32d87f-f3af-4b65-86db-da605d10b1b4','2018-03-28','18:30:00','20:10:00','1.95305021981031e17'),('e900eb9c-9bef-4501-8c91-9d3381359185','215','dcaaecfc-b12c-449b-9ba2-5591b4d958e4','2018-03-23','18:30:00','20:10:00','91000037'),('ea1cfb5b-eb89-45cb-8f46-856f8c41d70d','207','7b491361-7fce-459d-83a6-2fd0441fd23c','2018-03-12','18:30:00','20:10:00','130781347'),('ea552fae-1235-4a79-9158-bd7729e0dc77','215','9abd44ef-8cb4-4898-bb9e-8100b05ecfda','2018-04-02','18:30:00','20:10:00','1.98001132008122e17'),('eed4c404-1639-478d-a93d-d7449b66af7c','214','eb80408b-87b0-4db9-822c-d6c377dd73f6','2018-04-10','20:30:00','22:10:00','1.96310081990021e17'),('ef011e3d-065c-4ea3-8760-07ae894e77e2','207','b803edd4-7862-4a0a-a731-33f8b2bc124a','2018-04-10','18:30:00','20:10:00','1.96107261989031e17'),('f102ba5b-fc91-4ea1-8f8d-dd7a41cde087','207','286a7f86-7cb4-4031-80d7-fef511cbb9b8','2018-03-19','18:30:00','20:10:00','130781347'),('f126463a-a501-4a11-bc30-f5dc1931ec4e','208','ae61d7c7-ba22-45ba-b190-8977f4f9d29a','2018-03-12','20:30:00','22:10:00','1.95908171987031e17'),('f367456b-cc19-4174-8fdd-73f80b2b51bb','208','bbaa9826-4acf-416e-b4de-b34980f4ad9c','2018-04-10','18:30:00','20:10:00','1.96802181993031e17'),('f56eac68-d678-4467-801b-7f608d52102a','214','0129abd1-2f0c-44e8-8567-045e213d8d7a','2018-03-27','18:30:00','20:10:00','1.97007211997021e17'),('fb5e97cb-5fa6-4eff-bd0b-b9c47ccc92d7','208','41962999-fd14-4539-b575-b13fcdeb0470','2018-03-12','18:30:00','20:10:00','91000049'),('fb7492a7-b10f-4065-91e3-2eca97ea34ec','KOMPUTER_D','286a7f86-7cb4-4031-80d7-fef511cbb9b8','2018-03-19','20:30:00','22:10:00','1.95305161978031e17');
/*!40000 ALTER TABLE `jadwal` ENABLE KEYS */;
UNLOCK TABLES;

--
-- Table structure for table `kartu`
--

DROP TABLE IF EXISTS `kartu`;
/*!40101 SET @saved_cs_client     = @@character_set_client */;
/*!40101 SET character_set_client = utf8 */;
CREATE TABLE `kartu` (
  `id_kartu` varchar(255) NOT NULL,
  `nrp` varchar(255) DEFAULT NULL,
  PRIMARY KEY (`id_kartu`),
  KEY `fk_relationship_1` (`nrp`),
  CONSTRAINT `fk_relationship_1` FOREIGN KEY (`nrp`) REFERENCES `mahasiswa` (`nrp`) ON DELETE CASCADE ON UPDATE CASCADE
) ENGINE=InnoDB DEFAULT CHARSET=utf8;
/*!40101 SET character_set_client = @saved_cs_client */;

--
-- Dumping data for table `kartu`
--

LOCK TABLES `kartu` WRITE;
/*!40000 ALTER TABLE `kartu` DISABLE KEYS */;
INSERT INTO `kartu` VALUES ('03  44  04  50  51  2a  4e  44  80  20  78  b3  c4  02  65  4b  54  50  30  44  32  65  4b  54  50','9211550023003'),('00  04  6f  e5  71  dc  28  38  f7  b1  4a  43  4f  50  42  4d  30  31','9211650013007'),('00  04  4f  30  6f  dc  28  38  f7  b1  4a  43  4f  50  42  4d  30  31','9211650013010'),('00  04  0f  3a  6f  dc  28  38  f7  b1  4a  43  4f  50  42  4d  30  31','9211650013016'),('00  04  59  64  53  98  28  78  80  e0  02  73  c8  40  13  00  90  00','9211650013022'),('03  44  04  96  4e  7a  17  2c  80  20  78  b3  c4  02  65  4b  54  50  30  44  32  65  4b  54  50','9211650013027'),('00  04  69  46  53  98  28  78  80  e0  02  73  c8  40  13  00  90  00','9211650013030'),('00  04  79  65  53  98  28  78  80  e0  02  73  c8  40  13  00  90  00','9211650013033'),('03  44  04  3b  4e  8a  cf  40  80  20  75  77  81  02  80','9211650013039'),('00  04  8f  4e  b0  13  28  38  f7  b1  4a  43  4f  50  42  4d  30  31','9211650013044'),('00  04  49  43  3b  f6  28  78  80  72  02  80  31  80  66  b1  84  0c  01  6e  01  83  00  90  00','9211650013045'),('00  04  4f  35  6f  dc  28  38  f7  b1  4a  43  4f  50  42  4d  30  31','9211650013047'),('00  04  e9  52  5f  98  28  78  80  e0  02  73  c8  40  13  00  90  00','9211650013049'),('00  04  99  c0  4d  98  28  78  80  e0  02  73  c8  40  13  00  90  00','9211650013053'),('00  04  d9  ce  52  98  28  78  80  e0  02  73  c8  40  13  00  90  00','9211650013054'),('00  04  27  5b  61  95  28  78  80  e0  02  73  c8  40  13  00  90  00','9211650014001'),('00  04  2f  19  c6  09  28  38  f7  b1  4a  43  4f  50  42  4d  30  31','9211650014002'),('00  04  0f  35  34  a8  28  38  f7  b1  4a  43  4f  50  42  4d  30  31','9211650014003'),('00  04  09  d1  52  98  28  78  80  e0  02  73  c8  40  13  00  90  00','9211650014005'),('00  04  69  b2  5f  98  28  78  80  e0  02  73  c8  40  13  00  90  00','9211650014007'),('00  04  2f  35  34  a8  28  38  f7  b1  4a  43  4f  50  42  4d  30  31','9211650014008'),('03  44  04  3b  75  2a  38  58  80  20  78  b3  c4  02  65  4b  54  50  30  44  32  65  4b  54  50','9211650014011'),('00  04  4f  35  34  a8  28  38  f7  b1  4a  43  4f  50  42  4d  30  31','9211650014012'),('00  04  39  9a  51  98  28  78  80  e0  02  73  c8  40  13  00  90  00','9211650014013'),('00  04  59  65  52  98  28  78  80  e0  02  73  c8  40  13  00  90  00','9211650014014'),('03  44  04  4c  4d  8a  cf  40  80  20  75  77  81  02  80','9211650014015'),('00  04  89  64  52  98  28  78  80  e0  02  73  c8  40  13  00  90  00','9211650014016'),('00  04  6f  4c  32  a8  28  38  f7  b1  4a  43  4f  50  42  4d  30  31','9211650014019'),('00  04  ef  a3  33  a8  28  38  f7  b1  4a  43  4f  50  42  4d  30  31','9211650014022'),('00  04  99  f6  52  98  28  78  80  e0  02  73  c8  40  13  00  90  00','9211650014023'),('00  04  af  2f  c6  09  28  38  f7  b1  4a  43  4f  50  42  4d  30  31','9211650014024'),('00  04  89  b2  5f  98  28  78  80  e0  02  73  c8  40  13  00  90  00','9211650014025'),('00  04  b9  b2  5f  98  28  78  80  e0  02  73  c8  40  13  00  90  00','9211650014027'),('00  04  05  f0  3a  da  28  78  80  72  02  80  31  80  66  b1  84  0c  01  6e  01  83  00  90  00','9211650014030'),('00  04  cf  a8  e4  55  28  78  f7  70  02  4a  43  4f  50  42  4d  42  32','9211650014030'),('00  04  b9  4a  5f  98  28  78  80  e0  02  73  c8  40  13  00  90  00','9211650014031'),('00  04  4f  d1  31  a8  28  38  f7  b1  4a  43  4f  50  42  4d  30  31','9211650014033'),('03  44  04  55  4d  8a  cf  40  80  20  75  77  81  02  80','9211650014034'),('00  04  c9  80  52  98  28  78  80  e0  02  73  c8  40  13  00  90  00','9211650014035'),('00  04  0f  27  c6  09  28  38  f7  b1  4a  43  4f  50  42  4d  30  31','9211650014036'),('00  04  15  58  02  be  28  78  80  e0  02  73  c8  40  13  00  90  00','9211650014037'),('00  04  09  0a  54  98  28  78  80  e0  02  73  c8  40  13  00  90  00','9211650015001'),('00  04  f9  bb  4d  98  28  78  80  e0  02  73  c8  40  13  00  90  00','9211650015002'),('00  04  89  bb  4d  98  28  78  80  e0  02  73  c8  40  13  00  90  00','9211650015003'),('00  04  f9  48  54  98  28  78  80  e0  02  73  c8  40  13  00  90  00','9211650015007'),('00  04  59  75  52  98  28  78  80  e0  02  73  c8  40  13  00  90  00','9211650015008'),('00  04  19  3f  53  98  28  78  80  e0  02  73  c8  40  13  00  90  00','9211650015010'),('00  04  f5  06  3c  90  28  78  80  e0  02  73  c8  40  13  00  90  00','9211650015012'),('00  04  59  49  54  98  28  78  80  e0  02  73  c8  40  13  00  90  00','9211650015015'),('00  04  6f  84  6f  dc  28  38  f7  b1  4a  43  4f  50  42  4d  30  31','9211650015016'),('00  04  0f  86  6f  dc  28  38  f7  b1  4a  43  4f  50  42  4d  30  31','9211650015017'),('00  48  04  0c  3b  ea  c1  56  80  20  78  f7  b1  02  00  73  c8  40  13  00  90  00','9211650015018'),('03  44  04  3b  6e  d2  4b  57  80  20  78  b3  c4  02  65  4b  54  50  30  44  32  65  4b  54  50','9211650015018'),('00  04  4f  93  6f  dc  28  38  f7  b1  4a  43  4f  50  42  4d  30  31','9211650015020'),('00  04  4f  92  6f  dc  28  38  f7  b1  4a  43  4f  50  42  4d  30  31','9211650015021'),('00  04  59  bb  4d  98  28  78  80  e0  02  73  c8  40  13  00  90  00','9211650015023'),('00  04  69  38  4e  98  28  78  80  e0  02  73  c8  40  13  00  90  00','9211650015026'),('00  04  0f  a1  6f  dc  28  38  f7  b1  4a  43  4f  50  42  4d  30  31','9211650015027'),('00  04  d9  64  53  98  28  78  80  e0  02  73  c8  40  13  00  90  00','9211650015028'),('03  44  04  9b  48  ca  7f  2b  80  20  78  b3  c4  02  65  4b  54  50  30  44  32  65  4b  54  50','9211650015030'),('03  44  04  4d  4e  8a  cf  40  80  20  75  77  81  02  80','9211650015033'),('00  04  99  bc  4d  98  28  78  80  e0  02  73  c8  40  13  00  90  00','9211650015035'),('00  04  79  92  51  98  28  78  80  e0  02  73  c8  40  13  00  90  00','9211650015036'),('00  04  b9  0f  55  98  28  78  80  e0  02  73  c8  40  13  00  90  00','9211650015037'),('00  04  c9  0f  55  98  28  78  80  e0  02  73  c8  40  13  00  90  00','9211650015038'),('00  04  c9  c0  4d  98  28  78  80  e0  02  73  c8  40  13  00  90  00','9211650015041'),('00  04  e9  80  52  98  28  78  80  e0  02  73  c8  40  13  00  90  00','9211650016003'),('03  44  04  36  3c  2a  dc  2f  80  20  78  b3  c4  02  65  4b  54  50  30  44  32  65  4b  54  50','9211650016011'),('03  44  04  2e  43  8a  cf  40  80  20  75  77  81  02  80','9211650023001'),('03  44  04  24  43  8a  cf  40  80  20  75  77  81  02  80','9211650023003'),('03  44  04  3b  34  c2  1d  29  80  20  78  b3  c4  02  50  33  30  38  47  30  50  33  5f  31  30','9211650023005'),('03  44  04  23  43  8a  cf  40  80  20  75  77  81  02  80','9211650023007'),('00  04  0f  87  6f  dc  28  38  f7  b1  4a  43  4f  50  42  4d  30  31','9211650023008'),('03  44  04  26  4e  8a  cf  40  80  20  75  77  81  02  80','9211650023009'),('00  04  ef  a4  6f  dc  28  38  f7  b1  4a  43  4f  50  42  4d  30  31','9211650023020'),('00  04  a9  cd  52  98  28  78  80  e0  02  73  c8  40  13  00  90  00','9211650023021'),('00  04  d9  4b  50  98  28  78  80  e0  02  73  c8  40  13  00  90  00','9211650024001'),('03  44  04  8f  5a  aa  c2  2e  80  20  78  b3  c4  02  65  4b  54  50  30  44  32  65  4b  54  50','9211650024003'),('00  04  99  71  52  98  28  78  80  e0  02  73  c8  40  13  00  90  00','9211650024004'),('00  04  a9  a9  54  98  28  78  80  e0  02  73  c8  40  13  00  90  00','9211650024005'),('00  04  49  60  4f  98  28  78  80  e0  02  73  c8  40  13  00  90  00','9211650024007'),('00  04  6f  35  34  a8  28  38  f7  b1  4a  43  4f  50  42  4d  30  31','9211650024011'),('03  44  04  05  3f  9a  7e  4c  80  20  78  b3  c4  02  65  4b  54  50  30  44  32  65  4b  54  50','9211650024012'),('03  44  04  2d  8b  fa  14  2c  80  20  78  b3  c4  02  65  4b  54  50  30  44  32  65  4b  54  50','9211650024013'),('03  44  04  54  47  8a  cf  40  80  20  75  77  81  02  80','9211650024015'),('00  04  b9  5f  4f  98  28  78  80  e0  02  73  c8  40  13  00  90  00','9211650024016'),('00  04  95  ec  c8  75  08  MT-SmartCampus/frontend/getats uses libnfc libnfc-1.7.1-189-g2869a','9211650024017'),('00  04  ef  a3  6f  dc  28  38  f7  b1  4a  43  4f  50  42  4d  30  31','9211650025001'),('00  04  af  89  6f  dc  28  38  f7  b1  4a  43  4f  50  42  4d  30  31','9211650025007'),('03  44  04  55  28  a2  04  25  80  20  78  b3  c4  02  65  4b  54  50  30  44  32  65  4b  54  50','9211650053001'),('00  04  af  8a  6f  dc  28  38  f7  b1  4a  43  4f  50  42  4d  30  31','9211650053002'),('00  04  8f  8b  6f  dc  28  38  f7  b1  4a  43  4f  50  42  4d  30  31','9211650053003'),('00  04  af  ef  e6  49  28  78  f7  70  02  4a  43  4f  50  42  4d  42  32','9211650053004'),('00  04  4f  99  6f  dc  28  38  f7  b1  4a  43  4f  50  42  4d  30  31','9211650053005'),('00  04  4f  98  6f  dc  28  38  f7  b1  4a  43  4f  50  42  4d  30  31','9211650053006'),('00  04  09  ad  52  98  28  78  80  e0  02  73  c8  40  13  00  90  00','9211650053008'),('00  04  8f  8e  6f  dc  28  38  f7  b1  4a  43  4f  50  42  4d  30  31','9211650053011'),('00  04  6f  8f  6f  dc  28  38  f7  b1  4a  43  4f  50  42  4d  30  31','9211650053012'),('00  04  6f  e6  71  dc  28  38  f7  b1  4a  43  4f  50  42  4d  30  31','9211650053014'),('00  04  ef  ef  71  dc  28  38  f7  b1  4a  43  4f  50  42  4d  30  31','9211650053015'),('03  44  04  84  2f  12  c9  2a  80  20  78  b3  c4  02  65  4b  54  50  30  44  32  65  4b  54  50','9211650053016'),('00  04  ef  ee  71  dc  28  38  f7  b1  4a  43  4f  50  42  4d  30  31','9211650053017'),('00  04  2f  ed  71  dc  28  38  f7  b1  4a  43  4f  50  42  4d  30  31','9211650053018'),('00  04  99  04  4e  98  28  78  80  e0  02  73  c8  40  13  00  90  00','9211650053019'),('00  04  8f  e7  71  dc  28  38  f7  b1  4a  43  4f  50  42  4d  30  31','9211650053020'),('03  44  04  30  43  8a  cf  40  80  20  75  77  81  02  80','9211650053021'),('00  04  8f  e6  71  dc  28  38  f7  b1  4a  43  4f  50  42  4d  30  31','9211650053022'),('00  04  af  e3  71  dc  28  38  f7  b1  4a  43  4f  50  42  4d  30  31','9211650053024'),('03  44  04  2f  43  8a  cf  40  80  20  75  77  81  02  80','9211650053025'),('00  04  cf  e2  71  dc  28  38  f7  b1  4a  43  4f  50  42  4d  30  31','9211650053026'),('03  44  04  27  43  8a  cf  40  80  20  75  77  81  02  80','9211650053028'),('00  04  cf  e1  71  dc  28  38  f7  b1  4a  43  4f  50  42  4d  30  31','9211650053030'),('03  44  04  09  59  e2  76  28  80  20  78  b3  c4  02  65  4b  54  50  30  44  32  65  4b  54  50','9211650053031'),('00  04  c9  73  52  98  28  78  80  e0  02  73  c8  40  13  00  90  00','9211650053032'),('03  44  04  58  6a  da  3a  58  80  20  78  b3  c4  02  65  4b  54  50  30  44  32  65  4b  54  50','9211650053032'),('00  04  29  c1  4d  98  28  78  80  e0  02  73  c8  40  13  00  90  00','9211650053034'),('03  44  04  88  6f  9a  8a  26  80  20  78  b3  c4  02  65  4b  54  50  30  44  32  65  4b  54  50','9211650054012'),('00  04  ef  4c  32  a8  28  38  f7  b1  4a  43  4f  50  42  4d  30  31','9211650054015'),('00  04  79  80  52  98  28  78  80  e0  02  73  c8  40  13  00  90  00','9211650054017'),('00  04  ef  d1  31  a8  28  38  f7  b1  4a  43  4f  50  42  4d  30  31','9211650054020'),('00  04  09  4d  50  98  28  78  80  e0  02  73  c8  40  13  00  90  00','9211650054022'),('00  04  39  79  52  98  28  78  80  e0  02  73  c8  40  13  00  90  00','9211650054025'),('00  04  09  d2  52  98  28  78  80  e0  02  73  c8  40  13  00  90  00','9211650054026'),('00  04  45  dc  03  be  28  78  80  e0  02  73  c8  40  13  00  90  00','9211750013002'),('00  04  2f  6b  1b  e9  28  78  f7  70  02  4a  43  4f  50  42  4d  42  32','9211750013003'),('00  04  a7  32  5e  95  28  78  80  e0  02  73  c8  40  13  00  90  00','9211750013004'),('00  04  e5  06  0b  be  28  78  80  e0  02  73  c8  40  13  00  90  00','9211750013005'),('00  04  67  55  65  95  28  78  80  e0  02  73  c8  40  13  00  90  00','9211750013006'),('00  04  ef  1f  a5  c4  28  78  f7  70  02  4a  43  4f  50  42  4d  42  32','9211750013008'),('03  44  04  60  42  8a  cf  40  80  20  75  77  81  02  80','9211750013009'),('00  04  d5  d3  3b  90  28  78  80  e0  02  73  c8  40  13  00  90  00','9211750013012'),('00  04  07  74  5e  95  28  78  80  e0  02  73  c8  40  13  00  90  00','9211750013015'),('00  04  af  9c  fb  71  28  78  f7  70  02  4a  43  4f  50  42  4d  42  32','9211750013016'),('03  44  04  73  50  8a  cf  40  80  20  75  77  81  02  80','9211750013017'),('00  04  d7  95  5b  95  28  78  80  e0  02  73  c8  40  13  00  90  00','9211750013018'),('00  04  35  c6  03  be  28  78  80  e0  02  73  c8  40  13  00  90  00','9211750013019'),('03  44  04  72  3d  52  5a  2a  80  20  78  b3  c4  02  65  4b  54  50  30  44  32  65  4b  54  50','9211750013020'),('00  04  e5  a0  3b  90  28  78  80  e0  02  73  c8  40  13  00  90  00','9211750013022'),('00  04  a5  26  03  be  28  78  80  e0  02  73  c8  40  13  00  90  00','9211750013023'),('00  04  97  40  65  95  28  78  80  e0  02  73  c8  40  13  00  90  00','9211750013024'),('00  04  2f  d4  a1  51  28  78  f7  70  02  4a  43  4f  50  42  4d  42  32','9211750013025'),('03  44  04  12  4a  8a  cf  40  80  20  75  77  81  02  80','9211750013026'),('00  04  af  b4  0c  90  28  38  33  b1  4a  43  4f  50  33  31  56  32  33  32','9211750014004'),('03  44  04  87  42  8a  cf  40  80  20  75  77  81  02  80','9211750014005'),('03  44  04  7d  42  8a  cf  40  80  20  75  77  81  02  80','9211750014006'),('03  44  04  86  42  8a  cf  40  80  20  75  77  81  02  80','9211750014007'),('03  44  04  5b  0d  6a  27  29  80  20  78  b3  c4  02  65  4b  54  50  30  44  32  65  4b  54  50','9211750014008'),('00  04  6f  d0  21  50  28  78  f7  70  02  4a  43  4f  50  42  4d  42  32','9211750014010'),('00  04  f5  71  ad  ce  28  78  80  72  02  80  31  80  66  b1  84  0c  01  6e  01  83  00  90  00','9211750014011'),('03  44  04  71  1a  62  8f  29  80  20  78  b3  c4  02  65  4b  54  50  30  44  32  65  4b  54  50','9211750014012'),('03  44  04  7e  28  6a  84  3c  80  20  75  77  81  02  80','9211750014013'),('00  04  cf  4c  be  de  28  78  f7  70  02  4a  43  4f  50  42  4d  42  32','9211750014015'),('03  44  04  8c  3e  da  8a  26  80  20  78  b3  c4  02  65  4b  54  50  30  44  32  65  4b  54  50','9211750014020'),('03  44  04  23  17  32  dc  2f  80  20  78  b3  c4  02  65  4b  54  50  30  44  32  65  4b  54  50','9211750014022'),('03  44  04  73  1a  aa  27  29  80  20  78  b3  c4  02  65  4b  54  50  30  44  32  65  4b  54  50','9211750014023'),('00  04  f7  0a  65  95  28  78  80  e0  02  73  c8  40  13  00  90  00','9211750015001'),('00  04  b5  6b  3c  90  28  78  80  e0  02  73  c8  40  13  00  90  00','9211750015002'),('00  04  45  20  02  be  28  78  80  e0  02  73  c8  40  13  00  90  00','9211750015003'),('03  44  04  5a  5a  7a  88  26  80  20  78  b3  c4  02  65  4b  54  50  30  44  32  65  4b  54  50','9211750015004'),('03  44  04  96  3f  9a  fc  28  80  20  78  b3  c4  02  65  4b  54  50  30  44  32  65  4b  54  50','9211750015005'),('03  44  04  32  1d  92  d6  2a  80  20  78  b3  c4  02  65  4b  54  50  30  44  32  65  4b  54  50','9211750015006'),('00  04  a7  6c  5a  95  28  78  80  e0  02  73  c8  40  13  00  90  00','9211750015007'),('00  04  e5  6a  3c  90  28  78  80  e0  02  73  c8  40  13  00  90  00','9211750015008'),('00  04  d7  cc  64  95  28  78  80  e0  02  73  c8  40  13  00  90  00','9211750015009'),('03  44  04  5e  16  82  c6  24  80  20  78  b3  c4  02  50  33  30  38  47  30  50  33  5f  31  30','9211750015010'),('03  44  04  29  82  2a  99  2a  80  20  78  b3  c4  02  65  4b  54  50  30  44  32  65  4b  54  50','9211750015011'),('00  04  6f  95  08  88  28  78  f7  70  02  4a  43  4f  50  42  4d  42  32','9211750015012'),('00  04  6f  67  11  2b  28  78  f7  70  02  4a  43  4f  50  42  4d  42  32','9211750015013'),('00  04  0f  22  87  50  28  78  f7  70  02  4a  43  4f  50  42  4d  42  32','9211750015014'),('03  44  04  33  57  f2  ee  2c  80  20  78  b3  c4  02  65  4b  54  50  30  44  32  65  4b  54  50','9211750015015'),('00  04  75  ad  3b  90  28  78  80  e0  02  73  c8  40  13  00  90  00','9211750015016'),('00  04  45  cc  3b  90  28  78  80  e0  02  73  c8  40  13  00  90  00','9211750015017'),('00  04  ef  d5  ed  ac  28  78  f7  70  02  4a  43  4f  50  42  4d  42  32','9211750015018'),('00  04  f5  c4  3a  90  28  78  80  e0  02  73  c8  40  13  00  90  00','9211750015301'),('03  44  04  5f  50  b2  02  2b  80  20  78  b3  c4  02  65  4b  54  50  30  44  32  65  4b  54  50','9211750016001'),('03  44  04  15  30  9a  3a  58  80  20  78  b3  c4  02  65  4b  54  50  30  44  32  65  4b  54  50','9211750016002'),('03  44  04  37  3c  52  1b  51  80  20  78  b3  c4  02  65  4b  54  50  30  44  32  65  4b  54  50','9211750016004'),('00  04  cf  53  71  27  28  38  f7  b1  4a  43  4f  50  42  4d  30  31','9211750016005'),('03  44  04  59  6d  02  13  2c  80  20  78  b3  c4  02  65  4b  54  50  30  44  32  65  4b  54  50','9211750016006'),('03  44  04  7d  4e  ca  9d  26  80  20  78  b3  c4  02  65  4b  54  50  30  44  32  65  4b  54  50','9211750016007'),('03  44  04  1e  76  8a  9b  53  80  20  78  b3  c4  02  65  4b  54  50  30  44  32  65  4b  54  50','9211750016008'),('03  44  04  46  32  f2  d2  2c  80  20  78  b3  c4  02  65  4b  54  50  30  44  32  65  4b  54  50','9211750016009'),('00  04  f7  2f  65  95  28  78  80  e0  02  73  c8  40  13  00  90  00','9211750016041'),('00  04  8f  c7  42  b5  28  78  f7  70  02  4a  43  4f  50  42  4d  42  32','9211750023006'),('00  04  ef  5c  e6  e8  28  78  f7  70  02  4a  43  4f  50  42  4d  42  32','9211750023007'),('00  04  f5  65  3c  90  28  78  80  e0  02  73  c8  40  13  00  90  00','9211750023010'),('00  04  35  ca  fc  bd  28  78  80  e0  02  73  c8  40  13  00  90  00','9211750023011'),('00  04  2f  38  2e  dc  28  78  f7  70  02  4a  43  4f  50  42  4d  42  32','9211750023012'),('00  04  27  9a  5e  95  28  78  80  e0  02  73  c8  40  13  00  90  00','9211750023013'),('00  04  c5  60  3b  90  28  78  80  e0  02  73  c8  40  13  00  90  00','9211750023015'),('00  04  45  8f  fe  bd  28  78  80  e0  02  73  c8  40  13  00  90  00','9211750023018'),('03  44  04  86  51  8a  cf  40  80  20  75  77  81  02  80','9211750023019'),('03  44  04  47  6a  02  74  2b  80  20  78  b3  c4  02  65  4b  54  50  30  44  32  65  4b  54  50','9211750024001'),('03  44  04  2f  55  a2  0e  52  80  20  75  77  81  02  80','9211750024003'),('03  44  04  20  38  52  18  52  80  20  78  b3  c4  02  65  4b  54  50  30  44  32  65  4b  54  50','9211750024004'),('03  44  04  3c  37  4a  8a  26  80  20  78  b3  c4  02  65  4b  54  50  30  44  32  65  4b  54  50','9211750024005'),('00  04  ef  b7  03  17  28  78  f7  70  02  4a  43  4f  50  42  4d  42  32','9211750024006'),('03  44  04  4f  37  5a  bd  53  80  20  78  b3  c4  02  65  4b  54  50  30  44  32  65  4b  54  50','9211750024007'),('03  44  04  41  50  5a  27  29  80  20  78  b3  c4  02  65  4b  54  50  30  44  32  65  4b  54  50','9211750024009'),('03  44  04  6f  5c  12  00  2a  80  20  78  b3  c4  02  65  4b  54  50  30  44  32  65  4b  54  50','9211750024010'),('03  44  04  16  1f  8a  4a  57  80  20  78  b3  c4  02  65  4b  54  50  30  44  32  65  4b  54  50','9211750024011'),('03  44  04  5e  57  aa  05  25  80  20  78  b3  c4  02  65  4b  54  50  30  44  32  65  4b  54  50','9211750024012'),('03  44  04  81  7a  3a  64  57  80  20  75  77  81  02  80','9211750024014'),('00  04  cf  21  46  52  28  38  33  b1  4a  43  4f  50  33  31  56  32  33  32','9211750024015'),('03  44  04  67  52  ca  6a  28  80  20  78  b3  c4  02  50  33  30  38  47  30  50  33  5f  31  30','9211750024017'),('03  44  04  49  05  b2  4a  57  80  20  78  b3  c4  02  65  4b  54  50  30  44  32  65  4b  54  50','9211750025005'),('00  04  cf  c7  fb  24  28  78  f7  70  02  4a  43  4f  50  42  4d  42  32','9211750025007'),('03  44  04  95  3f  52  8a  29  80  20  78  b3  c4  02  65  4b  54  50  30  44  32  65  4b  54  50','9211750026001'),('03  44  04  17  32  5a  9f  4f  80  20  78  b3  c4  02  65  4b  54  50  30  44  32  65  4b  54  50','9211750026002'),('03  44  04  3e  15  aa  33  25  80  20  78  b3  c4  02  65  4b  54  50  30  44  32  65  4b  54  50','9211750026003'),('03  44  04  2b  45  72  84  29  80  20  78  b3  c4  02  65  4b  54  50  30  44  32  65  4b  54  50','9211750026004'),('03  44  04  15  55  1a  e0  29  80  20  78  b3  c4  02  65  4b  54  50  30  44  32  65  4b  54  50','9211750026005'),('03  44  04  57  4f  52  18  52  80  20  78  b3  c4  02  65  4b  54  50  30  44  32  65  4b  54  50','9211750026006'),('03  44  04  2f  5e  42  14  25  80  20  78  b3  c4  02  65  4b  54  50  30  44  32  65  4b  54  50','9211750026007'),('00  04  29  7a  5b  03  28  78  80  72  02  80  31  80  66  b1  84  0c  01  6e  01  83  00  90  00','9211750026008'),('00  04  85  ef  3a  90  28  78  80  e0  02  73  c8  40  13  00  90  00','9211750053002'),('00  04  e5  db  03  be  28  78  80  e0  02  73  c8  40  13  00  90  00','9211750053003'),('00  04  ef  dd  52  a8  28  78  f7  70  02  4a  43  4f  50  42  4d  42  32','9211750053004'),('00  04  05  a6  3b  90  28  78  80  e0  02  73  c8  40  13  00  90  00','9211750053005'),('00  04  57  ed  5d  95  28  78  80  e0  02  73  c8  40  13  00  90  00','9211750053006'),('00  04  4f  0e  15  44  28  78  f7  70  02  4a  43  4f  50  42  4d  42  32','9211750053007'),('00  04  af  f9  7f  b8  28  78  f7  70  02  4a  43  4f  50  42  4d  42  32','9211750053008'),('00  04  35  e6  3b  90  28  78  80  e0  02  73  c8  40  13  00  90  00','9211750053009'),('00  04  c5  0c  02  be  28  78  80  e0  02  73  c8  40  13  00  90  00','9211750053010'),('00  04  8f  62  62  74  28  78  f7  70  02  4a  43  4f  50  42  4d  42  32','9211750053011'),('00  04  e7  46  59  95  28  78  80  e0  02  73  c8  40  13  00  90  00','9211750053013'),('00  04  8f  eb  69  30  28  78  f7  70  02  4a  43  4f  50  42  4d  42  32','9211750053014'),('00  04  cf  46  4f  64  28  78  f7  70  02  4a  43  4f  50  42  4d  42  32','9211750053015'),('00  04  85  15  3c  90  28  78  80  e0  02  73  c8  40  13  00  90  00','9211750053016'),('00  04  27  51  5b  95  28  78  80  e0  02  73  c8  40  13  00  90  00','9211750053017'),('00  04  c7  3f  5b  95  28  78  80  e0  02  73  c8  40  13  00  90  00','9211750053018'),('00  04  d5  e4  03  be  28  78  80  e0  02  73  c8  40  13  00  90  00','9211750053019'),('03  44  04  30  4b  8a  cf  40  80  20  75  77  81  02  80','9211750053020'),('00  04  95  02  3c  90  28  78  80  e0  02  73  c8  40  13  00  90  00','9211750053022'),('00  04  e5  5c  3a  90  28  78  80  e0  02  73  c8  40  13  00  90  00','9211750053023'),('00  04  47  be  64  95  28  78  80  e0  02  73  c8  40  13  00  90  00','9211750053024'),('00  04  35  20  02  be  28  78  80  e0  02  73  c8  40  13  00  90  00','9211750053025'),('00  04  8f  a6  cd  b5  28  78  f7  70  02  4a  43  4f  50  42  4d  42  32','9211750053028'),('03  44  04  54  13  02  90  28  80  20  78  b3  c4  02  65  4b  54  50  30  44  32  65  4b  54  50','9211750054001'),('00  04  af  8e  73  0e  28  38  f7  b1  4a  43  4f  50  42  4d  30  31','9211750054002'),('00  04  2f  a8  ee  a6  28  38  33  b1  4a  43  4f  50  33  31  56  32  33  32','9211750054003'),('00  02  cf  a3  3b  df  20  78  f7  71  02  00  31  c1  73  c8  40  00  00  90  00','9211750054004'),('00  04  6f  ad  a1  d8  28  78  f7  70  02  4a  43  4f  50  42  4d  42  32','9211750054005'),('00  04  0f  2e  78  77  28  78  f7  70  02  4a  43  4f  50  42  4d  42  32','9211750054006'),('03  44  04  64  4c  62  9c  53  80  20  78  b3  c4  02  65  4b  54  50  30  44  32  65  4b  54  50','9211750054007'),('00  04  d0  cc  3e  1b  08  MT-SmartCampus/frontend/getats uses libnfc libnfc-1.7.1-189-g2869a','9211750054008'),('00  04  59  8f  4c  f5  28  78  80  72  02  80  31  80  66  b1  84  0c  01  6e  01  83  00  90  00','9211750054009'),('03  44  04  6f  71  5a  3b  58  80  20  78  b3  c4  02  65  4b  54  50  30  44  32  65  4b  54  50','9211750054011'),('00  04  af  33  88  27  28  38  f7  b1  4a  43  4f  50  42  4d  30  31','9211750054012'),('03  44  04  29  40  f2  95  4c  80  20  78  b3  c4  02  65  4b  54  50  30  44  32  65  4b  54  50','9211750054014'),('00  04  cf  2a  cc  3e  28  78  80  70  02  00  31  c0  64  1f  27  01  00  00  90  00','9211750054015');
/*!40000 ALTER TABLE `kartu` ENABLE KEYS */;
UNLOCK TABLES;

--
-- Table structure for table `kelas`
--

DROP TABLE IF EXISTS `kelas`;
/*!40101 SET @saved_cs_client     = @@character_set_client */;
/*!40101 SET character_set_client = utf8 */;
CREATE TABLE `kelas` (
  `id_kelas` varchar(255) NOT NULL,
  `nama_kelas` varchar(1024) DEFAULT NULL,
  PRIMARY KEY (`id_kelas`),
  UNIQUE KEY `nama_unik` (`nama_kelas`)
) ENGINE=InnoDB DEFAULT CHARSET=utf8;
/*!40101 SET character_set_client = @saved_cs_client */;

--
-- Dumping data for table `kelas`
--

LOCK TABLES `kelas` WRITE;
/*!40000 ALTER TABLE `kelas` DISABLE KEYS */;
INSERT INTO `kelas` VALUES ('207','207'),('208','208'),('213','213'),('214','214'),('215','215'),('216','216'),('A1','A1'),('AUDITORIUM','AUDITORIUM'),('KOMPUTER_A','KOMPUTER A'),('KOMPUTER_B','KOMPUTER B'),('KOMPUTER_C','KOMPUTER C'),('KOMPUTER_D','KOMPUTER D'),('PELATIHAN','PELATIHAN');
/*!40000 ALTER TABLE `kelas` ENABLE KEYS */;
UNLOCK TABLES;

--
-- Table structure for table `kelasmatkul`
--

DROP TABLE IF EXISTS `kelasmatkul`;
/*!40101 SET @saved_cs_client     = @@character_set_client */;
/*!40101 SET character_set_client = utf8 */;
CREATE TABLE `kelasmatkul` (
  `id_kelas_matkul` varchar(255) NOT NULL,
  `id_kode_kelas` varchar(255) DEFAULT NULL,
  `id_matkul` varchar(255) DEFAULT NULL,
  `tahun_ajaran` varchar(1024) DEFAULT NULL,
  `dosen` varchar(255) DEFAULT NULL,
  `semester` varchar(255) DEFAULT NULL,
  PRIMARY KEY (`id_kelas_matkul`),
  KEY `fk_relationship_3` (`id_matkul`),
  KEY `fk_relationship_7` (`id_kode_kelas`),
  KEY `dosen` (`dosen`),
  CONSTRAINT `fk_relationship_3` FOREIGN KEY (`id_matkul`) REFERENCES `matakuliah` (`id_matkul`) ON DELETE CASCADE ON UPDATE CASCADE,
  CONSTRAINT `fk_relationship_7` FOREIGN KEY (`id_kode_kelas`) REFERENCES `kode_kelas` (`id_kode_kelas`) ON DELETE CASCADE ON UPDATE CASCADE
) ENGINE=InnoDB DEFAULT CHARSET=utf8;
/*!40101 SET character_set_client = @saved_cs_client */;

--
-- Dumping data for table `kelasmatkul`
--

LOCK TABLES `kelasmatkul` WRITE;
/*!40000 ALTER TABLE `kelasmatkul` DISABLE KEYS */;
INSERT INTO `kelasmatkul` VALUES ('0129abd1-2f0c-44e8-8567-045e213d8d7a','B','PM147501','2017/2018',NULL,'Genap'),('09f8aa81-da53-4ae6-bba2-66d7ad59fc31','D','PM147302','2017/2018',NULL,'Genap'),('0c13de68-f43d-442c-a7e8-7181ad5b1033','P','PM147205','2017/2018',NULL,'Genap'),('1547063d-36b5-4fbd-9779-e9e5962e54da','C','PM147202','2017/2018',NULL,NULL),('16099b04-188a-4bf5-b188-bb3e7dd1edcc','P','PM147305','2017/2018',NULL,'Genap'),('1ec49fb0-6bd1-4a9e-8eec-bce3e37515b2','A','PM147203','2017/2018',NULL,'Genap'),('286a7f86-7cb4-4031-80d7-fef511cbb9b8','A','PM147411','2017/2018',NULL,'Genap'),('2e499228-e02e-4df2-8ca9-eb819d27c7e0','C','PM147205','2017/2018',NULL,'Genap'),('33cb67c1-9911-4bfe-9ce9-d1f9c7faf707','D','PM147452','2017/2018',NULL,'Genap'),('3460fb55-684d-437a-a6fd-5a79524b0b9e','C','PM147204','2017/2018',NULL,'Genap'),('385d2448-96a6-4713-821a-68868377cbcc','Y','PM147423','2017/2018',NULL,'Genap'),('3b65f3d3-7d85-4a09-89ab-dfc87dbead19','C','PM147305','2017/2018',NULL,'Genap'),('418a5577-cf2a-4d9b-a2ca-3a93f01c6559','A','PM147302','2017/2018',NULL,'Genap'),('41962999-fd14-4539-b575-b13fcdeb0470','A','PM147305','2017/2018',NULL,'Genap'),('4831319b-9d1e-4d4b-94de-84e257fc22d0','X','PM147305','2017/2018',NULL,'Genap'),('50450468-bb37-4ae2-a44a-1e5d8ec8aaba','B','PM147305','2017/2018',NULL,'Genap'),('51c904eb-de19-4fcf-812b-45510e134120','A','PM147204','2017/2018',NULL,'Genap'),('570d4c32-bb8e-4450-a566-defb891200fc','D','PM147204','2017/2018',NULL,'Genap'),('5d854651-5fd6-4420-9036-879eb340eca5','D','PM147301','2017/2018',NULL,'Genap'),('5e32d87f-f3af-4b65-86db-da605d10b1b4','D','PM147205','2017/2018',NULL,'Genap'),('672d1ed1-a043-474e-b012-d453a8b4c7b9','X','PM147205','2017/2018',NULL,'Genap'),('6bf7d64a-1966-4cc4-8872-8b5ed8697ccf','B','PM147304','2017/2018',NULL,'Genap'),('6ef3ccc0-a673-4c1a-8789-207048b3436d','A','PM147201','2017/2018',NULL,'Genap'),('751f81dd-6be6-4197-9dc9-f928b3b43b14','D','PM147451','2017/2018',NULL,'Genap'),('7522f50c-527f-43b8-b39e-98facf847df0','B','PM147205','2017/2018',NULL,'Genap'),('798836a8-94fc-442a-ae1b-5b7906f5e9c7','A','PM147304','2017/2018',NULL,'Genap'),('7b491361-7fce-459d-83a6-2fd0441fd23c','A','PM147413','2017/2018',NULL,NULL),('7bda64c1-febe-4369-bfe3-02069de9b1ee','C','PM147421','2017/2018',NULL,'Genap'),('81ebcba2-548b-48fc-8d31-dc8dd898004a','C','PM147301','2017/2018',NULL,NULL),('991def46-05d7-4a8a-b86d-e27d7dc2a2c0','D','PM147203','2017/2018',NULL,'Genap'),('9abd44ef-8cb4-4898-bb9e-8100b05ecfda','A','PM147414','2017/2018',NULL,'Genap'),('a63ff7e5-dfcd-44f9-b830-ddd88089b46a','Y','PM147422','2017/2018',NULL,'Genap'),('ae61d7c7-ba22-45ba-b190-8977f4f9d29a','A','PM147501','2017/2018',NULL,'Genap'),('b5651af9-d3f9-4693-9080-bbc74ecd7e6d','B','PM147414','2017/2018',NULL,'Genap'),('b803edd4-7862-4a0a-a731-33f8b2bc124a','D','PM147305','2017/2018',NULL,'Genap'),('bbaa9826-4acf-416e-b4de-b34980f4ad9c','A','PM147303','2017/2018',NULL,'Genap'),('c0aea459-88a9-44a6-a7d2-969d63d4f4db','C','PM147501','2017/2018',NULL,'Genap'),('c7c0ced4-eab0-4162-aae1-4ba3c4d10685','D','PM147454','2017/2018',NULL,'Genap'),('c878096e-c342-4dac-91b5-546948a6e5dc','A','PM147301','2017/2018',NULL,'Genap'),('d5c63ce9-9eba-42dd-a29d-f8814dd96b19','A','PM147412','2017/2018',NULL,'Genap'),('dcaaecfc-b12c-449b-9ba2-5591b4d958e4','X','PM147302','2017/2018',NULL,'Genap'),('e054a7f4-45f7-471e-a160-01c0320ffc7a','C','PM147203','2017/2018',NULL,'Genap'),('eae15c8e-0134-4ce9-a59a-c2106ddb9743','C','PM147302','2017/2018',NULL,NULL),('eb80408b-87b0-4db9-822c-d6c377dd73f6','B','PM147303','2017/2018',NULL,'Genap'),('ebb15312-2238-453c-bd5b-07d22f45a23c','X','PM147203','2017/2018',NULL,'Genap'),('ed5b796d-5627-44bf-b07a-2bca5dcf54d5','D','PM147303','2017/2018',NULL,'Genap'),('f57ba6cc-7411-4b68-b275-9615b5260665','A','PM147202','2017/2018',NULL,'Genap');
/*!40000 ALTER TABLE `kelasmatkul` ENABLE KEYS */;
UNLOCK TABLES;

--
-- Table structure for table `kode_kelas`
--

DROP TABLE IF EXISTS `kode_kelas`;
/*!40101 SET @saved_cs_client     = @@character_set_client */;
/*!40101 SET character_set_client = utf8 */;
CREATE TABLE `kode_kelas` (
  `id_kode_kelas` varchar(255) NOT NULL,
  `kode_kelas` varchar(1024) DEFAULT NULL,
  `created_at` timestamp NULL DEFAULT NULL,
  `updated_at` timestamp NULL DEFAULT NULL,
  PRIMARY KEY (`id_kode_kelas`)
) ENGINE=InnoDB DEFAULT CHARSET=utf8;
/*!40101 SET character_set_client = @saved_cs_client */;

--
-- Dumping data for table `kode_kelas`
--

LOCK TABLES `kode_kelas` WRITE;
/*!40000 ALTER TABLE `kode_kelas` DISABLE KEYS */;
INSERT INTO `kode_kelas` VALUES ('A','A',NULL,NULL),('B','B',NULL,NULL),('C','C',NULL,NULL),('D','D',NULL,NULL),('E','E',NULL,NULL),('P','P',NULL,NULL),('T','T',NULL,NULL),('X','X',NULL,NULL),('Y','Y',NULL,NULL),('Z','Z',NULL,NULL);
/*!40000 ALTER TABLE `kode_kelas` ENABLE KEYS */;
UNLOCK TABLES;

--
-- Table structure for table `mahasiswa`
--

DROP TABLE IF EXISTS `mahasiswa`;
/*!40101 SET @saved_cs_client     = @@character_set_client */;
/*!40101 SET character_set_client = utf8 */;
CREATE TABLE `mahasiswa` (
  `nrp` varchar(255) NOT NULL,
  `nama` varchar(1024) DEFAULT NULL,
  `user` varchar(255) DEFAULT NULL,
  `created_at` timestamp NULL DEFAULT NULL,
  `updated_at` timestamp NULL DEFAULT NULL,
  `kelamin` int(1) DEFAULT NULL,
  `alamat` varchar(1024) DEFAULT NULL,
  `kota` varchar(64) DEFAULT NULL,
  `pos` int(11) DEFAULT NULL,
  `telp` varchar(30) DEFAULT NULL,
  `email` varchar(128) DEFAULT NULL,
  `lahir` date DEFAULT NULL,
  `agama` int(1) DEFAULT NULL,
  `nikah` int(1) DEFAULT NULL,
  `warga` int(1) DEFAULT NULL,
  PRIMARY KEY (`nrp`),
  KEY `user` (`user`),
  CONSTRAINT `mahasiswa_ibfk_1` FOREIGN KEY (`user`) REFERENCES `users` (`id`) ON DELETE CASCADE ON UPDATE CASCADE
) ENGINE=InnoDB DEFAULT CHARSET=utf8;
/*!40101 SET character_set_client = @saved_cs_client */;

--
-- Dumping data for table `mahasiswa`
--

LOCK TABLES `mahasiswa` WRITE;
/*!40000 ALTER TABLE `mahasiswa` DISABLE KEYS */;
INSERT INTO `mahasiswa` VALUES ('9211550013001','WAHYU WIYATI','5a325c03-f80f-4685-8f88-89618fef7d4f','2018-02-10 11:13:03','2018-02-10 11:13:03',NULL,NULL,NULL,NULL,NULL,NULL,NULL,NULL,NULL,NULL),('9211550013003','VANDA PIRANTY VISCARINI','5675ceac-6aa2-4b90-81c6-3639d8bf1fef','2018-02-10 11:13:03','2018-02-10 11:13:03',NULL,NULL,NULL,NULL,NULL,NULL,NULL,NULL,NULL,NULL),('9211550013005','LAKSANA WIDYA PERYOGA','d3f7b917-b1dd-46e1-b725-021df39963b0','2018-02-10 11:13:03','2018-02-10 11:13:03',NULL,NULL,NULL,NULL,NULL,NULL,NULL,NULL,NULL,NULL),('9211550013008','ARNO PRIMADITYA','9bd39d4e-5069-42c5-9f5f-31ac0ce00c60','2018-02-10 11:13:03','2018-02-10 11:13:03',NULL,NULL,NULL,NULL,NULL,NULL,NULL,NULL,NULL,NULL),('9211550013010','MOCH RIZKY ANUGRAH','e6af177b-a408-4d26-9474-0a1b6e9b0733','2018-02-10 11:13:03','2018-02-10 11:13:03',NULL,NULL,NULL,NULL,NULL,NULL,NULL,NULL,NULL,NULL),('9211550013013','DEA NATHISA MULIAWATI','c7f73090-d92e-4656-8f4c-e52d10624ad1','2018-02-10 11:13:03','2018-02-10 11:13:03',NULL,NULL,NULL,NULL,NULL,NULL,NULL,NULL,NULL,NULL),('9211550013015','FINIA WIRMA','ed7718cd-f076-4f12-9f92-84b3e2d8e768','2018-02-10 11:13:03','2018-02-10 11:13:03',NULL,NULL,NULL,NULL,NULL,NULL,NULL,NULL,NULL,NULL),('9211550013017','YULYANI DEWI','85086911-a5ba-47f8-9b40-f9cffa1d1234','2018-02-10 11:13:03','2018-02-10 11:13:03',NULL,NULL,NULL,NULL,NULL,NULL,NULL,NULL,NULL,NULL),('9211550013018','BAMBANG SUTOMO','e55cd6a3-f207-41bc-90b7-4ddf636310cc','2018-02-10 11:13:03','2018-02-10 11:13:03',NULL,NULL,NULL,NULL,NULL,NULL,NULL,NULL,NULL,NULL),('9211550013020','MUHAMMAD SYAIFUDDIN ZUHDI','2f6476db-c943-43a9-8155-1c9753d075db','2018-02-10 11:13:03','2018-02-10 11:13:03',NULL,NULL,NULL,NULL,NULL,NULL,NULL,NULL,NULL,NULL),('9211550017001','OCTOVIANO PERMATA SURA','c42c97d3-84a1-473e-abbd-927839ea2295','2018-02-10 11:13:03','2018-02-10 11:13:03',NULL,NULL,NULL,NULL,NULL,NULL,NULL,NULL,NULL,NULL),('9211550017002','SEPTIAN DWI CAHYA','db72f342-3852-4e0c-8a6c-5a20122a581c','2018-02-10 11:13:03','2018-02-10 11:13:03',NULL,NULL,NULL,NULL,NULL,NULL,NULL,NULL,NULL,NULL),('9211550017008','BUDHI REFA ANJANI','e5de6dc3-de20-4316-98a3-9c4778537210','2018-02-10 11:13:03','2018-02-10 11:13:03',NULL,NULL,NULL,NULL,NULL,NULL,NULL,NULL,NULL,NULL),('9211550017012','JIMMY JULIANDHIKA TARLIM SAMARA','53ad4932-f9a8-46fa-bf65-a69a6fd5eb8a','2018-02-10 11:13:03','2018-02-10 11:13:03',NULL,NULL,NULL,NULL,NULL,NULL,NULL,NULL,NULL,NULL),('9211550017015','HENGKI IRDIANSYAH','5a5bda63-c388-4adc-947c-7cb6c98e0c9e','2018-02-10 11:13:03','2018-02-10 11:13:03',NULL,NULL,NULL,NULL,NULL,NULL,NULL,NULL,NULL,NULL),('9211550017016','BENYAMIN BUNGARAN','28bd8118-b7d2-4489-9c99-57ad38862620','2018-02-10 11:13:03','2018-02-10 11:13:03',NULL,NULL,NULL,NULL,NULL,NULL,NULL,NULL,NULL,NULL),('9211550017017','EVAN AZAMI','be6c30e5-6f10-49c6-8209-a01ddef8edc4','2018-02-10 11:13:03','2018-02-10 11:13:03',NULL,NULL,NULL,NULL,NULL,NULL,NULL,NULL,NULL,NULL),('9211550017018','R INDRA DARMAWAN','215d0e22-9cf1-4c96-ac03-d20f598ec5fc','2018-02-10 11:13:03','2018-02-10 11:13:03',NULL,NULL,NULL,NULL,NULL,NULL,NULL,NULL,NULL,NULL),('9211550017019','AGUS PONCO KARTIKO','b0cc03e1-8f3e-431c-be15-919143c889c0','2018-02-10 11:13:03','2018-02-10 11:13:03',NULL,NULL,NULL,NULL,NULL,NULL,NULL,NULL,NULL,NULL),('9211550017020','AGIOS SEVENTINO','da3022ad-9ebe-4b5b-aff2-bba620db94dc','2018-02-10 11:13:03','2018-02-10 11:13:03',NULL,NULL,NULL,NULL,NULL,NULL,NULL,NULL,NULL,NULL),('9211550017022','RUDY GUNAWAN SYARFI','e565130f-6d21-4d77-ba14-3b5031a65e31','2018-02-10 11:13:03','2018-02-10 11:13:03',NULL,NULL,NULL,NULL,NULL,NULL,NULL,NULL,NULL,NULL),('9211550023003','YOSUA KUSUMA TAMPUBOLON','c58372e6-26c4-4714-9986-7b5b2daa043d','2018-02-10 11:13:03','2018-02-10 11:13:03',NULL,NULL,NULL,NULL,NULL,NULL,NULL,NULL,NULL,NULL),('9211650013001','AJENG RETNA MAHARANI','f7e050cb-4319-46b3-9246-d123c59557c3','2018-02-09 14:29:37','2018-02-09 14:29:37',NULL,NULL,NULL,NULL,NULL,NULL,NULL,NULL,NULL,NULL),('9211650013002','FAJAR ALAM YUDHA','d9acc047-6bde-4147-b00f-1a1f0b9872d6','2018-02-09 14:29:37','2018-02-09 14:29:37',NULL,NULL,NULL,NULL,NULL,NULL,NULL,NULL,NULL,NULL),('9211650013004','INDAH MAHARANI MIRASAPUTRI','c63d3c77-e139-4b0c-a505-a1d46af1cf19','2018-02-09 14:29:37','2018-02-09 14:29:37',NULL,NULL,NULL,NULL,NULL,NULL,NULL,NULL,NULL,NULL),('9211650013005','JAROT KUSUMO WIBOWO','9f16b6ce-40e6-4480-be8f-75b3e08615a0','2018-02-09 14:29:37','2018-02-09 14:29:37',NULL,NULL,NULL,NULL,NULL,NULL,NULL,NULL,NULL,NULL),('9211650013006','CICI MINARWATI','fb3fb284-e303-4cc1-a146-fd27ae7df598','2018-02-09 14:29:37','2018-02-09 14:29:37',NULL,NULL,NULL,NULL,NULL,NULL,NULL,NULL,NULL,NULL),('9211650013007','HARYOKO HENDRAWAN','f5b6f21b-44cd-44d3-bcd7-fe0f6b2bb248','2018-02-09 14:29:37','2018-02-09 14:29:37',NULL,NULL,NULL,NULL,NULL,NULL,NULL,NULL,NULL,NULL),('9211650013010','FACHRUL HIDAYAT HUSEIN','05b14696-bee2-4247-a6a6-883f1ae8e21e','2018-02-09 14:29:37','2018-02-09 14:29:37',NULL,NULL,NULL,NULL,NULL,NULL,NULL,NULL,NULL,NULL),('9211650013011','ABDIL HAFIIZH ZHAFRAN','002741b8-58f2-40cc-8373-9b40fda914e4','2018-02-09 14:29:37','2018-02-09 14:29:37',NULL,NULL,NULL,NULL,NULL,NULL,NULL,NULL,NULL,NULL),('9211650013012','YELESTYA AANVAL','5fdce054-0efb-4830-805d-1018c81e2090','2018-02-09 14:29:37','2018-02-09 14:29:37',NULL,NULL,NULL,NULL,NULL,NULL,NULL,NULL,NULL,NULL),('9211650013013','OKTAVIANUS KRISWIDANTO','4cf1b9b0-dbb3-4163-bbc7-fef89e714538','2018-02-09 14:29:37','2018-02-09 14:29:37',NULL,NULL,NULL,NULL,NULL,NULL,NULL,NULL,NULL,NULL),('9211650013014','ZAIN AMARTA','ba410874-656a-4f92-870b-56629c107e3e','2018-02-09 14:29:37','2018-02-09 14:29:37',NULL,NULL,NULL,NULL,NULL,NULL,NULL,NULL,NULL,NULL),('9211650013015','RACHMAN BAGUS SUJIATMOKO','ade892cb-03ef-40bb-8038-9e0f70693873','2018-02-09 14:29:37','2018-02-09 14:29:37',NULL,NULL,NULL,NULL,NULL,NULL,NULL,NULL,NULL,NULL),('9211650013016','NAUFAL ARDIANYSAH','9e47881f-4c4e-4ecb-8521-4cea0cce80bf','2018-02-09 14:29:37','2018-02-09 14:29:37',NULL,NULL,NULL,NULL,NULL,NULL,NULL,NULL,NULL,NULL),('9211650013017','DIAH LAKSMI NUGRAHA','a7c41daf-4851-4ecb-b57a-02fd289937ed','2018-02-09 14:29:37','2018-02-09 14:29:37',NULL,NULL,NULL,NULL,NULL,NULL,NULL,NULL,NULL,NULL),('9211650013018','ERLANGGA PRIO UTOMO','28cc6490-2e52-4909-bfff-748b18f6e862','2018-02-09 14:29:37','2018-02-09 14:29:37',NULL,NULL,NULL,NULL,NULL,NULL,NULL,NULL,NULL,NULL),('9211650013019','ANNISA DEVI BRILLIANTINI','1f36a6ed-a2ef-4fe5-b8a2-70a7cb93c8d4','2018-02-09 14:29:37','2018-02-09 14:29:37',NULL,NULL,NULL,NULL,NULL,NULL,NULL,NULL,NULL,NULL),('9211650013020','ELLEN SAFITIR','9a6aab08-bbde-4dcb-b1af-79bc97dd16c1','2018-02-09 14:29:37','2018-02-09 14:29:37',NULL,NULL,NULL,NULL,NULL,NULL,NULL,NULL,NULL,NULL),('9211650013021','VIVIN VIOLITA','091fc0a4-e03f-4102-af06-544eca82b1dc','2018-02-09 14:29:37','2018-02-09 14:29:37',NULL,NULL,NULL,NULL,NULL,NULL,NULL,NULL,NULL,NULL),('9211650013022','HARDIMUKO SETO AJI','931738a6-5ab8-477b-9374-6012d92df09b','2018-02-09 14:29:37','2018-02-09 14:29:37',NULL,NULL,NULL,NULL,NULL,NULL,NULL,NULL,NULL,NULL),('9211650013023','RILLYA YULYARDHITA','80e9d5a0-5840-4ec3-9105-bc2cdb792bba','2018-02-09 14:29:37','2018-02-09 14:29:37',NULL,NULL,NULL,NULL,NULL,NULL,NULL,NULL,NULL,NULL),('9211650013024','JASTINE KOH','6a27e554-0e0c-4506-836d-e179ab674870','2018-02-09 14:29:37','2018-02-09 14:29:37',NULL,NULL,NULL,NULL,NULL,NULL,NULL,NULL,NULL,NULL),('9211650013025','ARFA NAJMY','833b5f43-cfb3-49dd-a531-41e2590f2a96','2018-02-09 14:29:37','2018-02-09 14:29:37',NULL,NULL,NULL,NULL,NULL,NULL,NULL,NULL,NULL,NULL),('9211650013026','ERVAN ADE PRATAMA','e214c1e3-ef65-43a5-8db7-4c250cce87a1','2018-02-09 14:29:37','2018-02-09 14:29:37',NULL,NULL,NULL,NULL,NULL,NULL,NULL,NULL,NULL,NULL),('9211650013027','GILANG MEGANTARA','71d91916-5ae2-4d06-9daf-0355d46d9b61','2018-02-09 14:29:37','2018-02-09 14:29:37',NULL,NULL,NULL,NULL,NULL,NULL,NULL,NULL,NULL,NULL),('9211650013030','MUHAMMAD DWI BAGUS AURIJANTO','c306acfa-d878-4ac4-a2ae-0627756ff57e','2018-02-09 14:29:37','2018-02-09 14:29:37',NULL,NULL,NULL,NULL,NULL,NULL,NULL,NULL,NULL,NULL),('9211650013031','GUNARKO ARYANTO','a269155c-9cde-4959-a1e1-eda69023e475','2018-02-09 14:29:37','2018-02-09 14:29:37',NULL,NULL,NULL,NULL,NULL,NULL,NULL,NULL,NULL,NULL),('9211650013032','TOMMY ANANDRA SUNARDI','794f06ad-4c4e-47a7-8df0-8f98db8c0caa','2018-02-09 14:29:37','2018-02-09 14:29:37',NULL,NULL,NULL,NULL,NULL,NULL,NULL,NULL,NULL,NULL),('9211650013033','BAYU WIJAYA','8a86f247-9de1-4bb9-a658-db390da7d63b','2018-02-09 14:29:37','2018-02-09 14:29:37',NULL,NULL,NULL,NULL,NULL,NULL,NULL,NULL,NULL,NULL),('9211650013034','GARDHANU KINASIH','8f4422c4-a944-46cf-9613-58656d2691f6','2018-02-09 14:29:37','2018-02-09 14:29:37',NULL,NULL,NULL,NULL,NULL,NULL,NULL,NULL,NULL,NULL),('9211650013035','HENRY PRIBADI','d8827b10-3aec-4835-9a27-4914f33d60bf','2018-02-09 14:29:37','2018-02-09 14:29:37',NULL,NULL,NULL,NULL,NULL,NULL,NULL,NULL,NULL,NULL),('9211650013037','INTAN PERMATA SARI','5aaf7433-6db8-48a5-b770-1d7b5fc14460','2018-02-09 14:29:37','2018-02-09 14:29:37',NULL,NULL,NULL,NULL,NULL,NULL,NULL,NULL,NULL,NULL),('9211650013038','BASTIAN AHMAD MALADI','9a6687c7-3ac7-43b0-a94d-ae4b98e1b1fe','2018-02-09 14:29:37','2018-02-09 14:29:37',NULL,NULL,NULL,NULL,NULL,NULL,NULL,NULL,NULL,NULL),('9211650013039','LION FERDINAND MARINI','7d951570-dfd0-4055-b3b5-b316b1a8cd6c','2018-02-09 14:29:37','2018-02-09 14:29:37',NULL,NULL,NULL,NULL,NULL,NULL,NULL,NULL,NULL,NULL),('9211650013041','AGATHA LIANY HADI','77049158-64e3-4aae-9b7d-6bf34ea0d383','2018-02-09 14:29:37','2018-02-09 14:29:37',NULL,NULL,NULL,NULL,NULL,NULL,NULL,NULL,NULL,NULL),('9211650013042','VIVY BRILLIANI PUTRI','4034e6b0-9eb8-4715-a995-8f1e76024ed7','2018-02-09 14:29:37','2018-02-09 14:29:37',NULL,NULL,NULL,NULL,NULL,NULL,NULL,NULL,NULL,NULL),('9211650013043','ASADIAN PUJA ENGGITA','17e210c2-770c-4232-9aa1-1243dbaee686','2018-02-09 14:29:37','2018-02-09 14:29:37',NULL,NULL,NULL,NULL,NULL,NULL,NULL,NULL,NULL,NULL),('9211650013044','Hairunnas','42746675-2c42-4185-8663-97dd3a5e400a','2018-03-14 16:16:18','2018-03-14 16:16:18',NULL,NULL,NULL,NULL,NULL,NULL,NULL,NULL,NULL,NULL),('9211650013045','ILHAM NURYADIN WARDHANA','26899eb0-9076-4a5e-a364-a2d03ddb4587','2018-02-09 14:29:37','2018-02-09 14:29:37',NULL,NULL,NULL,NULL,NULL,NULL,NULL,NULL,NULL,NULL),('9211650013047','AMELIA RAMADHANI','f072e20b-fcc7-452a-99ba-7954f1d6645f','2018-02-09 14:29:37','2018-02-09 14:29:37',NULL,NULL,NULL,NULL,NULL,NULL,NULL,NULL,NULL,NULL),('9211650013048','AFIFA YAUMIL IKRIMA','efd69ff3-c088-4ccf-81a5-312d5b0a1d7e','2018-02-09 14:29:37','2018-02-09 14:29:37',NULL,NULL,NULL,NULL,NULL,NULL,NULL,NULL,NULL,NULL),('9211650013049','LIFRANDI AGAN','715683d3-33b8-4c1a-adef-d83a2498bf97','2018-02-09 14:29:37','2018-02-09 14:29:37',NULL,NULL,NULL,NULL,NULL,NULL,NULL,NULL,NULL,NULL),('9211650013051','ADI SURYADARMA','521b011a-073c-473f-b95b-c11ad2d30ec1','2018-02-09 14:29:37','2018-02-09 14:29:37',NULL,NULL,NULL,NULL,NULL,NULL,NULL,NULL,NULL,NULL),('9211650013052','REVAN ARWISI PRATAMA','33980f82-3a09-495d-a944-06cacf2e3def','2018-02-09 14:29:37','2018-02-09 14:29:37',NULL,NULL,NULL,NULL,NULL,NULL,NULL,NULL,NULL,NULL),('9211650013053','FANDY BESTARIO HARLAN','fbe4d67f-0264-4c55-af6e-789fe7d9f663','2018-02-09 14:29:37','2018-02-09 14:29:37',NULL,NULL,NULL,NULL,NULL,NULL,NULL,NULL,NULL,NULL),('9211650013054','SUKISNO','d55e78c9-6289-47bc-94fa-ea7ce6186e8b','2018-02-09 14:29:37','2018-02-09 14:29:37',NULL,NULL,NULL,NULL,NULL,NULL,NULL,NULL,NULL,NULL),('9211650014001','MUHAMMAD IQBAL MUTTAQIN','8b95a01b-9007-46f8-ac7f-845619b11fd5','2018-02-09 14:29:37','2018-02-09 14:29:37',NULL,NULL,NULL,NULL,NULL,NULL,NULL,NULL,NULL,NULL),('9211650014002','BIMBI SUHARYANTI','de2fe1ff-734c-4d09-a84d-2a39110ab81c','2018-02-09 14:29:37','2018-02-09 14:29:37',NULL,NULL,NULL,NULL,NULL,NULL,NULL,NULL,NULL,NULL),('9211650014003','REZHA ISYRAQI QASTALANO','f0a58b1f-fe56-4b27-b549-4d7fd0f92ccb','2018-02-09 14:29:37','2018-02-09 14:29:37',NULL,NULL,NULL,NULL,NULL,NULL,NULL,NULL,NULL,NULL),('9211650014004','GLADIS NUR SHIYAMA','c0bf296d-baf8-447a-b19c-4b32ba67ec8e','2018-02-09 14:29:37','2018-02-09 14:29:37',NULL,NULL,NULL,NULL,NULL,NULL,NULL,NULL,NULL,NULL),('9211650014005','HENRY HAFIDZ ANBIYA','f23bdfb1-da28-43ff-89cc-612bf7b82f33','2018-02-09 14:29:37','2018-02-09 14:29:37',NULL,NULL,NULL,NULL,NULL,NULL,NULL,NULL,NULL,NULL),('9211650014006','MUCHAMMAD RIZA FAUZY','44e7eda8-3b5d-4acf-a3d7-92061e3b875e','2018-02-09 14:29:37','2018-02-09 14:29:37',NULL,NULL,NULL,NULL,NULL,NULL,NULL,NULL,NULL,NULL),('9211650014007','HERMAN RIZKY PRASETYO','9c2ae14d-48d7-472d-b6ad-a3348224d9a0','2018-02-09 14:29:37','2018-02-09 14:29:37',NULL,NULL,NULL,NULL,NULL,NULL,NULL,NULL,NULL,NULL),('9211650014008','ADINDA SUKMA NOVELIA','0dfa7c46-ebdd-4b67-a345-8c267d3f6a48','2018-02-09 14:29:37','2018-02-09 14:29:37',NULL,NULL,NULL,NULL,NULL,NULL,NULL,NULL,NULL,NULL),('9211650014010','HARVE VANANDI','7f9e5217-cca5-4646-85ec-8bc2a57de9f3','2018-02-09 14:29:37','2018-02-09 14:29:37',NULL,NULL,NULL,NULL,NULL,NULL,NULL,NULL,NULL,NULL),('9211650014011','SAFRIL TAUFIQ HIDAYAT','ca5eacfe-dbb5-4d4f-b8e3-c574e177c435','2018-02-09 14:29:37','2018-02-09 14:29:37',NULL,NULL,NULL,NULL,NULL,NULL,NULL,NULL,NULL,NULL),('9211650014012','M. ARCHAM UBAIDILLAH','2ca8bae3-d2f6-47ab-8968-1dabd6f376d9','2018-02-09 14:29:37','2018-02-09 14:29:37',NULL,NULL,NULL,NULL,NULL,NULL,NULL,NULL,NULL,NULL),('9211650014013','YULIANTI MURPRAYANA','9c651644-aeb5-4903-83f3-26c80048b663','2018-02-09 14:29:37','2018-02-09 14:29:37',NULL,NULL,NULL,NULL,NULL,NULL,NULL,NULL,NULL,NULL),('9211650014014','ANISSA PUTRI HARWIYANI','96ad0962-7629-41a3-8091-7e96947b8373','2018-02-09 14:29:37','2018-02-09 14:29:37',NULL,NULL,NULL,NULL,NULL,NULL,NULL,NULL,NULL,NULL),('9211650014015','RIDWAN WIDOYOKO','24ea4f16-6032-4031-bb38-c2277214af85','2018-02-09 14:29:37','2018-02-09 14:29:37',NULL,NULL,NULL,NULL,NULL,NULL,NULL,NULL,NULL,NULL),('9211650014016','SIDIQ AUDA','4c271613-52c1-4b03-b3e9-a3f713563030','2018-02-09 14:29:37','2018-02-09 14:29:37',NULL,NULL,NULL,NULL,NULL,NULL,NULL,NULL,NULL,NULL),('9211650014017','KOKO NURDIONO','e4a13977-b726-4623-8ace-a74c8d086299','2018-02-09 14:29:37','2018-02-09 14:29:37',NULL,NULL,NULL,NULL,NULL,NULL,NULL,NULL,NULL,NULL),('9211650014019','ANDRE RIDHO SAPUTRO','ca626239-cef2-4455-94c0-177e0de6e65e','2018-02-09 14:29:37','2018-02-09 14:29:37',NULL,NULL,NULL,NULL,NULL,NULL,NULL,NULL,NULL,NULL),('9211650014022','ADITYA DITO BAGASKORO','4b938557-ad01-4997-a1f1-8fc13ea25352','2018-02-09 14:29:37','2018-02-09 14:29:37',NULL,NULL,NULL,NULL,NULL,NULL,NULL,NULL,NULL,NULL),('9211650014023','ANNISA NUR FARIDA','35be4ce8-5fb5-48e6-bc2e-dd34fdaaad44','2018-02-09 14:29:37','2018-02-09 14:29:37',NULL,NULL,NULL,NULL,NULL,NULL,NULL,NULL,NULL,NULL),('9211650014024','INDAKA PRADNYA RITYATAMA','ff2783c9-f6e9-4aa6-ae5c-fbb8e4e15017','2018-02-09 14:29:37','2018-02-09 14:29:37',NULL,NULL,NULL,NULL,NULL,NULL,NULL,NULL,NULL,NULL),('9211650014025','AHMAD NUR RIZKY FAUZY','0ad09379-e33e-46df-b37d-921db21874e3','2018-02-09 14:29:37','2018-02-09 14:29:37',NULL,NULL,NULL,NULL,NULL,NULL,NULL,NULL,NULL,NULL),('9211650014026','AGUS PUJIANTORO','9ca2efae-7b75-4d37-a98d-5fae884d7112','2018-02-09 14:29:37','2018-02-09 14:29:37',NULL,NULL,NULL,NULL,NULL,NULL,NULL,NULL,NULL,NULL),('9211650014027','URANIO HARIO BIMO PRATOMO','bcfc24c5-1df6-407c-a928-e54e00732b27','2018-02-09 14:29:37','2018-02-09 14:29:37',NULL,NULL,NULL,NULL,NULL,NULL,NULL,NULL,NULL,NULL),('9211650014028','EKO DARMAWAN JATMIKO','b3eef5ff-f64d-4d29-bf52-f1c93b385223','2018-02-09 14:29:37','2018-02-09 14:29:37',NULL,NULL,NULL,NULL,NULL,NULL,NULL,NULL,NULL,NULL),('9211650014029','PURWASITO','a8fd50aa-3cc5-44de-b3d8-336167b9627b','2018-02-09 14:29:37','2018-02-09 14:29:37',NULL,NULL,NULL,NULL,NULL,NULL,NULL,NULL,NULL,NULL),('9211650014030','RIO APERTA','7bfcc19c-fe74-4521-bdce-4dfe2bca265c','2018-02-09 14:29:37','2018-02-09 14:29:37',NULL,NULL,NULL,NULL,NULL,NULL,NULL,NULL,NULL,NULL),('9211650014031','DIMAS ENGGAL ABDHIDAMA','ded67f2b-b7d4-4df8-aa60-02820d6b5728','2018-02-09 14:29:37','2018-02-09 14:29:37',NULL,NULL,NULL,NULL,NULL,NULL,NULL,NULL,NULL,NULL),('9211650014032','BAGUS HADI PRASTYA','6bdad0db-74de-437d-b156-3f6c293e7bde','2018-02-09 14:29:37','2018-02-09 14:29:37',NULL,NULL,NULL,NULL,NULL,NULL,NULL,NULL,NULL,NULL),('9211650014033','WILDAN MANGGARA HIDAYATULLAH','b0a030aa-7cbe-4444-a5e6-961afec36fa6','2018-02-09 14:29:37','2018-02-09 14:29:37',NULL,NULL,NULL,NULL,NULL,NULL,NULL,NULL,NULL,NULL),('9211650014034','ARYANI FABIANY','725ee868-3adf-4712-bd65-d45c434aebaf','2018-02-09 14:29:37','2018-02-09 14:29:37',NULL,NULL,NULL,NULL,NULL,NULL,NULL,NULL,NULL,NULL),('9211650014035','FEBY DIANA ASIA MULIA PERDANA','afc4d87e-2918-4914-a0bb-a8905e4ea4b0','2018-02-09 14:29:37','2018-02-09 14:29:37',NULL,NULL,NULL,NULL,NULL,NULL,NULL,NULL,NULL,NULL),('9211650014036','ADE PUTRI AULIA WIJHARNASIR','4bdcb470-aa9e-48dc-9801-3c735699f4e0','2018-02-09 14:29:37','2018-02-09 14:29:37',NULL,NULL,NULL,NULL,NULL,NULL,NULL,NULL,NULL,NULL),('9211650014037','WIDYAWATI','c80e0e85-6a80-416e-b44b-fbaeb7533319','2018-02-09 14:29:37','2018-02-09 14:29:37',NULL,NULL,NULL,NULL,NULL,NULL,NULL,NULL,NULL,NULL),('9211650014038','WISNU PRAMONO','b333d85f-1f1c-4c53-85ba-8902ddda0666','2018-02-09 14:29:37','2018-02-09 14:29:37',NULL,NULL,NULL,NULL,NULL,NULL,NULL,NULL,NULL,NULL),('9211650015001','YUNI EKO FERIYANTO','bc83d077-9d93-4988-aeee-56f7b3bd4d1b','2018-02-09 14:29:37','2018-02-09 14:29:37',NULL,NULL,NULL,NULL,NULL,NULL,NULL,NULL,NULL,NULL),('9211650015002','HERY SETIYAWAN','b3b3d527-da02-45cd-9751-2a35d381c99a','2018-02-09 14:29:37','2018-02-09 14:29:37',NULL,NULL,NULL,NULL,NULL,NULL,NULL,NULL,NULL,NULL),('9211650015003','AKHMAD AL FATTAH','90a876f9-8886-481b-a1ce-39218475a061','2018-02-09 14:29:37','2018-02-09 14:29:37',NULL,NULL,NULL,NULL,NULL,NULL,NULL,NULL,NULL,NULL),('9211650015004','ZULFIKAR SURYA PUTRA','7a66e65d-2cd5-4bae-9170-ecd028d3b5b0','2018-02-09 14:29:37','2018-02-09 14:29:37',NULL,NULL,NULL,NULL,NULL,NULL,NULL,NULL,NULL,NULL),('9211650015005','SHOVELLA SANTY ALROSJID','d6d4db31-f40f-44ed-8d5c-bfbf163d8b12','2018-02-09 14:29:37','2018-02-09 14:29:37',NULL,NULL,NULL,NULL,NULL,NULL,NULL,NULL,NULL,NULL),('9211650015006','MARAMIS SETIAWAN','9a20d9e1-75c8-4843-98ec-dc9a215443c1','2018-02-09 14:29:37','2018-02-09 14:29:37',NULL,NULL,NULL,NULL,NULL,NULL,NULL,NULL,NULL,NULL),('9211650015007','IMAM RIDO RIARSO','0dfa648d-f5a2-449b-8ef6-302fa4f8792c','2018-02-09 14:29:37','2018-02-09 14:29:37',NULL,NULL,NULL,NULL,NULL,NULL,NULL,NULL,NULL,NULL),('9211650015008','FREDY AGUNG PRABOWO','9716a2e5-ec54-40de-8e93-1fe3b82673f8','2018-02-09 14:29:37','2018-02-09 14:29:37',NULL,NULL,NULL,NULL,NULL,NULL,NULL,NULL,NULL,NULL),('9211650015009','GUNADI WIJOYO','a1c40be8-8bea-4f6b-9b34-2740b51fb48b','2018-02-09 14:29:37','2018-02-09 14:29:37',NULL,NULL,NULL,NULL,NULL,NULL,NULL,NULL,NULL,NULL),('9211650015010','RAKHMA FEBRIANI','79482dd2-5ca1-443c-a042-35024c4ac2d1','2018-02-09 14:29:37','2018-02-09 14:29:37',NULL,NULL,NULL,NULL,NULL,NULL,NULL,NULL,NULL,NULL),('9211650015011','ERIZA NIRA RISMIA','62792b38-a92b-4705-9be0-d4040bef342b','2018-02-09 14:29:37','2018-02-09 14:29:37',NULL,NULL,NULL,NULL,NULL,NULL,NULL,NULL,NULL,NULL),('9211650015012','FEBRIANTO SARAGIH SIDABUTAR','16ded9e3-46a5-4610-8f78-dea70ba53da6','2018-02-09 14:29:37','2018-02-09 14:29:37',NULL,NULL,NULL,NULL,NULL,NULL,NULL,NULL,NULL,NULL),('9211650015014','BRIAN DAMARA','adebec56-20dc-46cb-a74b-39f98542d2e8','2018-02-09 14:29:37','2018-02-09 14:29:37',NULL,NULL,NULL,NULL,NULL,NULL,NULL,NULL,NULL,NULL),('9211650015015','I NYOMAN NGURAH WIDIYATNYA','a6be05ef-9c08-4a38-995c-b8dc0d07e509','2018-02-09 14:29:37','2018-02-09 14:29:37',NULL,NULL,NULL,NULL,NULL,NULL,NULL,NULL,NULL,NULL),('9211650015016','INAMULLAH ALFIAN NUGRAHA','97a4affa-cb72-4404-98e0-4b0855e5fb10','2018-02-09 14:29:37','2018-02-09 14:29:37',NULL,NULL,NULL,NULL,NULL,NULL,NULL,NULL,NULL,NULL),('9211650015017','SHABRINA DYAH MUTIARA','493dd8b1-b367-4554-8fa1-f3e0bd276ede','2018-02-09 14:29:37','2018-02-09 14:29:37',NULL,NULL,NULL,NULL,NULL,NULL,NULL,NULL,NULL,NULL),('9211650015018','BUDI SISWANTO','1cbcef9b-9a02-4a39-a240-0576977748b9','2018-02-09 14:29:37','2018-02-09 14:29:37',NULL,NULL,NULL,NULL,NULL,NULL,NULL,NULL,NULL,NULL),('9211650015019','ACHMAD BURHANUDDIN','b7fe8e34-4f53-4836-9ee6-6ba57fa8470a','2018-02-09 14:29:37','2018-02-09 14:29:37',NULL,NULL,NULL,NULL,NULL,NULL,NULL,NULL,NULL,NULL),('9211650015020','ISMAIL','c420f6bc-9b6b-42cc-8828-21bf301fb8d9','2018-02-09 14:29:37','2018-02-09 14:29:37',NULL,NULL,NULL,NULL,NULL,NULL,NULL,NULL,NULL,NULL),('9211650015021','INDRA BUDHI KURNIAWAN','f796df4f-b236-4926-aa1e-6652c878ca61','2018-02-09 14:29:37','2018-02-09 14:29:37',NULL,NULL,NULL,NULL,NULL,NULL,NULL,NULL,NULL,NULL),('9211650015022','YULIANA WULANDARI','bb515341-a979-4d46-af1c-c7423c5faf7e','2018-02-09 14:29:37','2018-02-09 14:29:37',NULL,NULL,NULL,NULL,NULL,NULL,NULL,NULL,NULL,NULL),('9211650015023','RIZKI ADIPRATAMA','e1011837-b523-4c7c-8d04-08a735290089','2018-02-09 14:29:37','2018-02-09 14:29:37',NULL,NULL,NULL,NULL,NULL,NULL,NULL,NULL,NULL,NULL),('9211650015024','RIAMITASARI GUYANDI','1b9c9b89-1203-4358-92ba-6bfb7e1eb469','2018-02-09 14:29:37','2018-02-09 14:29:37',NULL,NULL,NULL,NULL,NULL,NULL,NULL,NULL,NULL,NULL),('9211650015025','IDE BAGUS HAPSARA','997972bd-6ca3-4665-a3e6-470724a4a551','2018-02-09 14:29:37','2018-02-09 14:29:37',NULL,NULL,NULL,NULL,NULL,NULL,NULL,NULL,NULL,NULL),('9211650015026','HANI WIBIEANTO','ad4122c7-61ce-4935-883a-deaad10d6041','2018-02-09 14:29:37','2018-02-09 14:29:37',NULL,NULL,NULL,NULL,NULL,NULL,NULL,NULL,NULL,NULL),('9211650015027','DODY AWIN PURJANTO','a93fd930-ca5f-48ad-b8b5-8e8873a85dcf','2018-02-09 14:29:37','2018-02-09 14:29:37',NULL,NULL,NULL,NULL,NULL,NULL,NULL,NULL,NULL,NULL),('9211650015028','SUDARYONO','8e2ae0a4-709d-4c72-8f00-b5c130645eb5','2018-02-09 14:29:37','2018-02-09 14:29:37',NULL,NULL,NULL,NULL,NULL,NULL,NULL,NULL,NULL,NULL),('9211650015029','KANAPI SUBUR DWIYANTO','45288750-66cd-4ed3-8eb5-5cbe3a5793a5','2018-02-09 14:29:37','2018-02-09 14:29:37',NULL,NULL,NULL,NULL,NULL,NULL,NULL,NULL,NULL,NULL),('9211650015030','AJRUN KARIM','6a1d4bbd-6750-40ee-81ca-fe32460df996','2018-02-09 14:29:37','2018-02-09 14:29:37',NULL,NULL,NULL,NULL,NULL,NULL,NULL,NULL,NULL,NULL),('9211650015031','MARYONO','826e1b4a-e099-4b70-8078-2ab7a14521f8','2018-02-09 14:29:37','2018-02-09 14:29:37',NULL,NULL,NULL,NULL,NULL,NULL,NULL,NULL,NULL,NULL),('9211650015032','DEDY ST','883460b8-2012-4900-9097-64ddb43863f1','2018-02-09 14:29:37','2018-02-09 14:29:37',NULL,NULL,NULL,NULL,NULL,NULL,NULL,NULL,NULL,NULL),('9211650015033','ANDI ROYHAN ALBY','65fe16dd-6cad-4dfe-993c-d623bcc26901','2018-02-09 14:29:37','2018-02-09 14:29:37',NULL,NULL,NULL,NULL,NULL,NULL,NULL,NULL,NULL,NULL),('9211650015034','IKA SYARAH FIRMANSYAH','c2b7e31b-012e-4b99-b868-dbfdf9ef5571','2018-02-09 14:29:37','2018-02-09 14:29:37',NULL,NULL,NULL,NULL,NULL,NULL,NULL,NULL,NULL,NULL),('9211650015035','ARIEF PRIYONO','bca13fb4-7ab3-4cc8-b92e-f70965328c9b','2018-02-09 14:29:37','2018-02-09 14:29:37',NULL,NULL,NULL,NULL,NULL,NULL,NULL,NULL,NULL,NULL),('9211650015036','DIMAS HADIANSYAH HAMKA','2095ba98-4364-461b-b21b-6b2065882f28','2018-02-09 14:29:37','2018-02-09 14:29:37',NULL,NULL,NULL,NULL,NULL,NULL,NULL,NULL,NULL,NULL),('9211650015037','ANDIK SANTOSO','63cb3d2d-2620-4270-abb9-7afa0970108d','2018-02-09 14:29:37','2018-02-09 14:29:37',NULL,NULL,NULL,NULL,NULL,NULL,NULL,NULL,NULL,NULL),('9211650015038','WAHYU ROCHMANSYAH','a03f05c9-2a65-421b-a87a-defd89d1128c','2018-02-09 14:29:37','2018-02-09 14:29:37',NULL,NULL,NULL,NULL,NULL,NULL,NULL,NULL,NULL,NULL),('9211650015039','DEDI MARIADI','a405528e-993a-4866-a814-781d8f6e565f','2018-02-09 14:29:37','2018-02-09 14:29:37',NULL,NULL,NULL,NULL,NULL,NULL,NULL,NULL,NULL,NULL),('9211650015040','LALU BRAMANTIAS GUTAMA','b1dbc0d6-a0fe-49a4-8794-fc6ecc9a1da1','2018-02-09 14:29:37','2018-02-09 14:29:37',NULL,NULL,NULL,NULL,NULL,NULL,NULL,NULL,NULL,NULL),('9211650015041','HILMY SURYADINATA','50e4cf90-712f-4fef-b6a3-22aee151bf05','2018-02-09 14:29:37','2018-02-09 14:29:37',NULL,NULL,NULL,NULL,NULL,NULL,NULL,NULL,NULL,NULL),('9211650016001','IVAN PARTANA','785b4554-7494-44da-bc80-35778452b948','2018-02-09 14:29:37','2018-02-09 14:29:37',NULL,NULL,NULL,NULL,NULL,NULL,NULL,NULL,NULL,NULL),('9211650016002','RURID DWI ANGGRAENY','5c8a5f79-edf7-475c-b6df-88b6bbf2ba48','2018-02-09 14:29:37','2018-02-09 14:29:37',NULL,NULL,NULL,NULL,NULL,NULL,NULL,NULL,NULL,NULL),('9211650016003','REYNILDA JOAN ELLIZABETH SUPRAPTO','5e7988f0-01a8-40aa-ab92-f472eeb09ec1','2018-02-09 14:29:37','2018-02-09 14:29:37',NULL,NULL,NULL,NULL,NULL,NULL,NULL,NULL,NULL,NULL),('9211650016004','MUHAMMAD NIRWAN ANDRIAWAN','542b875a-d6e5-4e27-a75a-75a57791400c','2018-02-09 14:29:37','2018-02-09 14:29:37',NULL,NULL,NULL,NULL,NULL,NULL,NULL,NULL,NULL,NULL),('9211650016005','ISMI ZAHRIA','0c18c9f1-f6d1-4b63-8687-d4f623d80333','2018-02-09 14:29:37','2018-02-09 14:29:37',NULL,NULL,NULL,NULL,NULL,NULL,NULL,NULL,NULL,NULL),('9211650016006','SEPTIAN SURYA PRADANA','ca5371f0-9b27-459f-baee-8e660886abbe','2018-02-09 14:29:37','2018-02-09 14:29:37',NULL,NULL,NULL,NULL,NULL,NULL,NULL,NULL,NULL,NULL),('9211650016007','WAHYU ISA ARIFIN','c59fd91c-600a-4e4a-9d63-cd3e00b31c8f','2018-02-09 14:29:37','2018-02-09 14:29:37',NULL,NULL,NULL,NULL,NULL,NULL,NULL,NULL,NULL,NULL),('9211650016008','GANGSAR FAJAR LAJALADISA','ac022f9d-5ea9-4b22-a3ce-298466f146fb','2018-02-09 14:29:37','2018-02-09 14:29:37',NULL,NULL,NULL,NULL,NULL,NULL,NULL,NULL,NULL,NULL),('9211650016009','DIDIK MUJAYADI','746ce99a-b31c-435b-8ed4-92f1c1ed88ce','2018-02-09 14:29:37','2018-02-09 14:29:37',NULL,NULL,NULL,NULL,NULL,NULL,NULL,NULL,NULL,NULL),('9211650016010','AMALIAFANY INTAN PURNAMASARI','ecde44a8-6dfb-4bc0-9ea1-d23d54633ddb','2018-02-09 14:29:37','2018-02-09 14:29:37',NULL,NULL,NULL,NULL,NULL,NULL,NULL,NULL,NULL,NULL),('9211650016011','IMAN FEBRIAN','c0c0d42d-6a6e-4d84-a81f-73d352e2eb8e','2018-02-09 14:29:37','2018-02-09 14:29:37',NULL,NULL,NULL,NULL,NULL,NULL,NULL,NULL,NULL,NULL),('9211650016012','UANDA FILANIKA','6137ba88-25d5-4ad4-a3b3-ec2dcae98dfa','2018-02-09 14:29:37','2018-02-09 14:29:37',NULL,NULL,NULL,NULL,NULL,NULL,NULL,NULL,NULL,NULL),('9211650016013','VIRGASENA NABHAN GHAZIYAD','68bdc23c-eaf3-42e0-8182-ea42102070c3','2018-02-09 14:29:37','2018-02-09 14:29:37',NULL,NULL,NULL,NULL,NULL,NULL,NULL,NULL,NULL,NULL),('9211650016014','NAILA ALFI NABILA','49e6332d-f4e9-4323-b302-aedc8a2bf994','2018-02-09 14:29:37','2018-02-09 14:29:37',NULL,NULL,NULL,NULL,NULL,NULL,NULL,NULL,NULL,NULL),('9211650016015','I PUTU ADE AMBARA PUTRA','662d022f-9d30-4011-a325-629453e70a5c','2018-02-09 14:29:37','2018-02-09 14:29:37',NULL,NULL,NULL,NULL,NULL,NULL,NULL,NULL,NULL,NULL),('9211650017001','FERMI DWI WICAKSONO','39181b81-ce85-442f-a96d-f98c13914ba2','2018-02-09 14:29:37','2018-02-09 14:29:37',NULL,NULL,NULL,NULL,NULL,NULL,NULL,NULL,NULL,NULL),('9211650017002','GITA EVELINA','70a66d4e-1c29-4a5c-9d94-2c12bde56da4','2018-02-09 14:29:37','2018-02-09 14:29:37',NULL,NULL,NULL,NULL,NULL,NULL,NULL,NULL,NULL,NULL),('9211650017003','RIZAL FERNANDY','9f9ac47c-552c-46bf-b23e-0fb690c20f93','2018-02-09 14:29:37','2018-02-09 14:29:37',NULL,NULL,NULL,NULL,NULL,NULL,NULL,NULL,NULL,NULL),('9211650017004','ANGGORO SUJATMIKO','3b28e32e-4a1e-4c10-a691-f3b43edac02d','2018-02-09 14:29:37','2018-02-09 14:29:37',NULL,NULL,NULL,NULL,NULL,NULL,NULL,NULL,NULL,NULL),('9211650017005','RADYA SENOPUTRA','e67353b0-c2ca-4b9f-9ecd-62fc4334e163','2018-02-09 14:29:37','2018-02-09 14:29:37',NULL,NULL,NULL,NULL,NULL,NULL,NULL,NULL,NULL,NULL),('9211650017006','MUHAMMAD GINANJAR NOOR','3db28522-363f-4330-94c2-1015d1cdad4f','2018-02-09 14:29:37','2018-02-09 14:29:37',NULL,NULL,NULL,NULL,NULL,NULL,NULL,NULL,NULL,NULL),('9211650017007','FAJAR SENO JATI','ff3c88c2-9f6d-4363-8891-954cc45a72de','2018-02-09 14:29:37','2018-02-09 14:29:37',NULL,NULL,NULL,NULL,NULL,NULL,NULL,NULL,NULL,NULL),('9211650017008','MOKO PRIJAMBODO','ff5eeba6-2c88-46c5-9f91-ea8a7a65e795','2018-02-09 14:29:37','2018-02-09 14:29:37',NULL,NULL,NULL,NULL,NULL,NULL,NULL,NULL,NULL,NULL),('9211650017009','FERI SUSANTI','493f88b2-9567-4e6b-bd7b-18b25f6f3eb4','2018-02-09 14:29:37','2018-02-09 14:29:37',NULL,NULL,NULL,NULL,NULL,NULL,NULL,NULL,NULL,NULL),('9211650017010','FITROH FAIZAL','64d659ed-e202-41ab-8693-b239aa8faa25','2018-02-09 14:29:37','2018-02-09 14:29:37',NULL,NULL,NULL,NULL,NULL,NULL,NULL,NULL,NULL,NULL),('9211650017011','RAHMAD EVANS','bb522720-d081-4bbd-8cb6-67f92d88997a','2018-02-09 14:29:37','2018-02-09 14:29:37',NULL,NULL,NULL,NULL,NULL,NULL,NULL,NULL,NULL,NULL),('9211650017012','HUSEN MAQ DESI','ba60f2cc-943d-4f43-adfc-85a7d213b690','2018-02-09 14:29:37','2018-02-09 14:29:37',NULL,NULL,NULL,NULL,NULL,NULL,NULL,NULL,NULL,NULL),('9211650017013','YAN MUHAZIR','ad20e233-1076-47cc-b3dd-144235736a6d','2018-02-09 14:29:37','2018-02-09 14:29:37',NULL,NULL,NULL,NULL,NULL,NULL,NULL,NULL,NULL,NULL),('9211650023001','ACHMAD SAIFUDDIN ZUHRI','6c9063be-a962-4f7e-97ea-716afd1b1222','2018-02-10 11:13:03','2018-02-10 11:13:03',NULL,NULL,NULL,NULL,NULL,NULL,NULL,NULL,NULL,NULL),('9211650023002','HERDIANI SINATRYA','ede376cc-487d-4ab0-812a-6df9301e3283','2018-02-10 11:13:03','2018-02-10 11:13:03',NULL,NULL,NULL,NULL,NULL,NULL,NULL,NULL,NULL,NULL),('9211650023003','JEFFRY DWI SAPUTRA','b12d7196-414f-4dfc-bd85-77d5c9aae7ec','2018-02-10 11:13:03','2018-02-10 11:13:03',NULL,NULL,NULL,NULL,NULL,NULL,NULL,NULL,NULL,NULL),('9211650023004','ASTRID ARDYANTI','d9245829-fe6e-4e28-94be-edb50cf7f54a','2018-02-10 11:13:03','2018-02-10 11:13:03',NULL,NULL,NULL,NULL,NULL,NULL,NULL,NULL,NULL,NULL),('9211650023005','BERLIAN FATIKH MUBAAROK','c261ece1-6d34-4e2e-9198-d427223d0074','2018-02-10 11:13:03','2018-02-10 11:13:03',NULL,NULL,NULL,NULL,NULL,NULL,NULL,NULL,NULL,NULL),('9211650023006','IFAN SUSANTO','ef2149ef-0f30-43f4-ac43-32a3bec30700','2018-02-10 11:13:03','2018-02-10 11:13:03',NULL,NULL,NULL,NULL,NULL,NULL,NULL,NULL,NULL,NULL),('9211650023007','ARIF ABADIL GHULLAM','0bb1baa9-1641-478d-beb7-c382c4724238','2018-02-10 11:13:03','2018-02-10 11:13:03',NULL,NULL,NULL,NULL,NULL,NULL,NULL,NULL,NULL,NULL),('9211650023008','BETANIA MAHENDRAYU','0c911bfe-5e99-4352-af10-1b034704d038','2018-02-10 11:13:03','2018-02-10 11:13:03',NULL,NULL,NULL,NULL,NULL,NULL,NULL,NULL,NULL,NULL),('9211650023009','DANANG SUKMO GUWINDO','0a739850-4a23-4e1e-a1ee-755114ceb82f','2018-02-10 11:13:03','2018-02-10 11:13:03',NULL,NULL,NULL,NULL,NULL,NULL,NULL,NULL,NULL,NULL),('9211650023010','MUHAMMAD ALI AFFANDI','ec2c3ef4-4ee6-43fd-96c8-20f9e9c9b6ff','2018-02-10 11:13:03','2018-02-10 11:13:03',NULL,NULL,NULL,NULL,NULL,NULL,NULL,NULL,NULL,NULL),('9211650023011','WAWAN KRISTANTO','c087e047-43a4-4ced-925d-c68cd80fea1b','2018-02-10 11:13:03','2018-02-10 11:13:03',NULL,NULL,NULL,NULL,NULL,NULL,NULL,NULL,NULL,NULL),('9211650023012','DODDY FIRMAN RAHMADI','ad7211d4-40dd-4892-928e-be8cb07eae09','2018-02-10 11:13:03','2018-02-10 11:13:03',NULL,NULL,NULL,NULL,NULL,NULL,NULL,NULL,NULL,NULL),('9211650023013','IDA ROSITASARI','52158ee2-2136-4340-aabd-47a1ce941988','2018-02-10 11:13:03','2018-02-10 11:13:03',NULL,NULL,NULL,NULL,NULL,NULL,NULL,NULL,NULL,NULL),('9211650023014','HELMI PERDANA KUSUMA','5b276a7d-45ea-48aa-9c3f-02689be38dc5','2018-02-10 11:13:03','2018-02-10 11:13:03',NULL,NULL,NULL,NULL,NULL,NULL,NULL,NULL,NULL,NULL),('9211650023016','ADE ROCHMANU','d3029ec6-6cfe-482a-8e69-a359c9d7d23a','2018-02-10 11:13:03','2018-02-10 11:13:03',NULL,NULL,NULL,NULL,NULL,NULL,NULL,NULL,NULL,NULL),('9211650023017','ASTRI PUSPA HAPSARI','424b748d-000b-4889-be5b-d7994db734fa','2018-02-10 11:13:03','2018-02-10 11:13:03',NULL,NULL,NULL,NULL,NULL,NULL,NULL,NULL,NULL,NULL),('9211650023018','NOVRIZAL PUTRA AULIA','0a3e4052-a6c2-41f7-89e7-98f6e8f1c5e5','2018-02-10 11:13:03','2018-02-10 11:13:03',NULL,NULL,NULL,NULL,NULL,NULL,NULL,NULL,NULL,NULL),('9211650023019','NASYCHUN AMIN','6cb636e5-908c-420b-8217-e3eb524155f7','2018-02-10 11:13:03','2018-02-10 11:13:03',NULL,NULL,NULL,NULL,NULL,NULL,NULL,NULL,NULL,NULL),('9211650023020','AKHMAD SUSILO','c99a796f-a1f5-438a-acec-841634fc9a68','2018-02-10 11:13:03','2018-02-10 11:13:03',NULL,NULL,NULL,NULL,NULL,NULL,NULL,NULL,NULL,NULL),('9211650023021','NURUL KHAFID','be8d4c9e-850e-4ab4-a49e-6aaf9d3667da','2018-02-10 11:13:03','2018-02-10 11:13:03',NULL,NULL,NULL,NULL,NULL,NULL,NULL,NULL,NULL,NULL),('9211650023024','INDRA KITAS RAMADHANI','8cdd528b-d8e4-4e4c-9ecb-28bcfa7b2353','2018-02-10 11:13:03','2018-02-10 11:13:03',NULL,NULL,NULL,NULL,NULL,NULL,NULL,NULL,NULL,NULL),('9211650023025','YANIAR DIEN RACHMA','ece5c95c-27a2-4658-8c02-99c65752162c','2018-02-10 11:13:03','2018-02-10 11:13:03',NULL,NULL,NULL,NULL,NULL,NULL,NULL,NULL,NULL,NULL),('9211650023026','FARID WICAKSONO','96d07968-225d-4dd5-b5ab-6121a9602021','2018-02-10 11:13:03','2018-02-10 11:13:03',NULL,NULL,NULL,NULL,NULL,NULL,NULL,NULL,NULL,NULL),('9211650023027','MUHAMMAD FAISAL','ae07156e-2491-4d2e-820f-37651dea8753','2018-02-10 11:13:03','2018-02-10 11:13:03',NULL,NULL,NULL,NULL,NULL,NULL,NULL,NULL,NULL,NULL),('9211650023029','AKHMAD FAJAR RIDLO','ccbde743-e39b-4857-8727-25689466bea8','2018-02-10 11:13:03','2018-02-10 11:13:03',NULL,NULL,NULL,NULL,NULL,NULL,NULL,NULL,NULL,NULL),('9211650024001','BRILIANTIE IRMA MAYA BENITHA','b5c05e3b-d029-425d-9463-936d6e91567c','2018-02-10 11:13:03','2018-02-10 11:13:03',NULL,NULL,NULL,NULL,NULL,NULL,NULL,NULL,NULL,NULL),('9211650024002','YEHEZKIEL CAHYA PUTRA','f3279511-13a5-4cc3-b20a-461945324235','2018-02-10 11:13:03','2018-02-10 11:13:03',NULL,NULL,NULL,NULL,NULL,NULL,NULL,NULL,NULL,NULL),('9211650024003','OCTAVIA OLGA CITRA DEWI','0e3377d3-4bd4-4090-aee5-f3f94b917bda','2018-02-10 11:13:03','2018-02-10 11:13:03',NULL,NULL,NULL,NULL,NULL,NULL,NULL,NULL,NULL,NULL),('9211650024004','T. M HARRIS P','bb4aebf2-f3f4-49bc-a54c-481e45a232f1','2018-02-10 11:13:03','2018-02-10 11:13:03',NULL,NULL,NULL,NULL,NULL,NULL,NULL,NULL,NULL,NULL),('9211650024005','ARKO SETIYO PRABOWO','b79e2022-503c-4dfc-bcd0-5f58a15576bb','2018-02-10 11:13:03','2018-02-10 11:13:03',NULL,NULL,NULL,NULL,NULL,NULL,NULL,NULL,NULL,NULL),('9211650024006','AULIA RAHMAN ALI','26d2144b-e19c-4d1c-a73b-d6390fb4bcc0','2018-02-10 11:13:03','2018-02-10 11:13:03',NULL,NULL,NULL,NULL,NULL,NULL,NULL,NULL,NULL,NULL),('9211650024007','RAHMAWATI','fafb8911-497a-4910-b6b5-e7ad9b7ae30e','2018-02-10 11:13:03','2018-02-10 11:13:03',NULL,NULL,NULL,NULL,NULL,NULL,NULL,NULL,NULL,NULL),('9211650024008','WAHYU SUPRIADINATA','886cd164-e66a-434c-80e3-79adbd249474','2018-02-10 11:13:03','2018-02-10 11:13:03',NULL,NULL,NULL,NULL,NULL,NULL,NULL,NULL,NULL,NULL),('9211650024011','IDDO YUDA SUKARNO','1a8a2367-00d0-4d1d-a079-002488c1de93','2018-02-10 11:13:03','2018-02-10 11:13:03',NULL,NULL,NULL,NULL,NULL,NULL,NULL,NULL,NULL,NULL),('9211650024012','MOHAMMMAD ARVAND FIRMANSYAH','c9b6e79f-fdaf-4e9a-82bd-ba2944345383','2018-02-10 11:13:03','2018-02-10 11:13:03',NULL,NULL,NULL,NULL,NULL,NULL,NULL,NULL,NULL,NULL),('9211650024013','MUHAMMAD RUSPINUJI','3ea0c3b9-3a3d-44a4-92d9-f3529a85ab44','2018-02-10 11:13:03','2018-02-10 11:13:03',NULL,NULL,NULL,NULL,NULL,NULL,NULL,NULL,NULL,NULL),('9211650024014','ABDURRAZAQ AL MUHARRAM','2d9a07c1-c017-4296-8832-f3e11bb188a4','2018-02-10 11:13:03','2018-02-10 11:13:03',NULL,NULL,NULL,NULL,NULL,NULL,NULL,NULL,NULL,NULL),('9211650024015','NINGTYAS RAMBU NAWU','c170e7c1-9725-40d2-8d6d-4e371908484c','2018-02-10 11:13:03','2018-02-10 11:13:03',NULL,NULL,NULL,NULL,NULL,NULL,NULL,NULL,NULL,NULL),('9211650024016','WIDHI YULIARTA HIDAYAT','82ca8763-f2e5-4917-9884-1d8ea4d55bfb','2018-02-10 11:13:03','2018-02-10 11:13:03',NULL,NULL,NULL,NULL,NULL,NULL,NULL,NULL,NULL,NULL),('9211650024017','HERLINDA RACHMASARI','81f04a26-e55c-4aac-a116-61df60350d79','2018-02-10 11:13:03','2018-02-10 11:13:03',NULL,NULL,NULL,NULL,NULL,NULL,NULL,NULL,NULL,NULL),('9211650025001','AMELINDA ISMI HADIYANTI','3e19df9b-e0d5-449a-865c-c08610933ab5','2018-02-10 11:13:03','2018-02-10 11:13:03',NULL,NULL,NULL,NULL,NULL,NULL,NULL,NULL,NULL,NULL),('9211650025002','MAULANA MUFTI MUHAMMAD','341bf9f5-cc6c-475b-a94e-4c501a091f50','2018-02-10 11:13:03','2018-02-10 11:13:03',NULL,NULL,NULL,NULL,NULL,NULL,NULL,NULL,NULL,NULL),('9211650025003','HERU INDRAWIDJAJANTO','055c9a3f-13b7-4c8d-bc5b-7dbfd4f5a4cf','2018-02-10 11:13:03','2018-02-10 11:13:03',NULL,NULL,NULL,NULL,NULL,NULL,NULL,NULL,NULL,NULL),('9211650025004','DHARMA SUHADA','606bf166-3741-48fd-a6f6-c7b8f6c8bb27','2018-02-10 11:13:03','2018-02-10 11:13:03',NULL,NULL,NULL,NULL,NULL,NULL,NULL,NULL,NULL,NULL),('9211650025005','MUHAMMAD CHUSAENI','5d87628d-eb1c-46ff-8f5d-ba2e05630d8b','2018-02-10 11:13:03','2018-02-10 11:13:03',NULL,NULL,NULL,NULL,NULL,NULL,NULL,NULL,NULL,NULL),('9211650025006','MOKHAMMAD TRI HARIANTO','170e9314-e918-4e6d-982d-e5599e6be62b','2018-02-10 11:13:03','2018-02-10 11:13:03',NULL,NULL,NULL,NULL,NULL,NULL,NULL,NULL,NULL,NULL),('9211650025007','DHIYAS YUDI PRAKOSWO','ca0dbec6-1529-4ff2-8abb-c7f1f0af5f67','2018-02-10 11:13:03','2018-02-10 11:13:03',NULL,NULL,NULL,NULL,NULL,NULL,NULL,NULL,NULL,NULL),('9211650026001','CYNTHIA VERONICA OEIYONO','b03c0087-9344-4b18-93e5-4337b6897ffa','2018-02-10 11:13:03','2018-02-10 11:13:03',NULL,NULL,NULL,NULL,NULL,NULL,NULL,NULL,NULL,NULL),('9211650026002','ARYOSENO','71b9b568-d0db-4cb5-b4f7-0335d4057767','2018-02-10 11:13:03','2018-02-10 11:13:03',NULL,NULL,NULL,NULL,NULL,NULL,NULL,NULL,NULL,NULL),('9211650026003','TAFTAZANI HAKIM','e47d33d0-836a-4e17-8c27-1b92e1fbffc1','2018-02-10 11:13:03','2018-02-10 11:13:03',NULL,NULL,NULL,NULL,NULL,NULL,NULL,NULL,NULL,NULL),('9211650026004','AKHMAD ITTANG ANWARSYAH','e56f243f-c7bc-4a40-9bd2-714a047abb64','2018-02-10 11:13:03','2018-02-10 11:13:03',NULL,NULL,NULL,NULL,NULL,NULL,NULL,NULL,NULL,NULL),('9211650026005','FAIZAL RESTU UTOMO','b27c2b85-f12c-4e9e-9846-9166c0fa8020','2018-02-10 11:13:03','2018-02-10 11:13:03',NULL,NULL,NULL,NULL,NULL,NULL,NULL,NULL,NULL,NULL),('9211650026006','CAHYO AJI NUGROHO','f63d255e-acca-4a89-9095-4b2e6b4383c2','2018-02-10 11:13:03','2018-02-10 11:13:03',NULL,NULL,NULL,NULL,NULL,NULL,NULL,NULL,NULL,NULL),('9211650026007','ADI PITRA PERDANA','695a52de-1533-45cd-9df5-6ffd59d7e20e','2018-02-10 11:13:03','2018-02-10 11:13:03',NULL,NULL,NULL,NULL,NULL,NULL,NULL,NULL,NULL,NULL),('9211650026008','HARIS SULAKSMONO','882e69d2-1065-4b5f-95ba-3e53cba65d65','2018-02-10 11:13:03','2018-02-10 11:13:03',NULL,NULL,NULL,NULL,NULL,NULL,NULL,NULL,NULL,NULL),('9211650026009','DIDIEK PUDJIYONO MARIDJO','609bbe72-ad00-4aa7-ae00-561069cd3cef','2018-02-10 11:13:03','2018-02-10 11:13:03',NULL,NULL,NULL,NULL,NULL,NULL,NULL,NULL,NULL,NULL),('9211650026010','BAMBANG GUTOMO','753b65d3-0e71-4454-836f-4586e831179e','2018-02-10 11:13:03','2018-02-10 11:13:03',NULL,NULL,NULL,NULL,NULL,NULL,NULL,NULL,NULL,NULL),('9211650053001','NILASARI MUKTI WIDYANINGSIH','011c67b4-b81a-4bdb-ab93-592b8101184d','2018-02-10 11:13:03','2018-02-10 11:13:03',NULL,NULL,NULL,NULL,NULL,NULL,NULL,NULL,NULL,NULL),('9211650053002','RENDRIS DIRGANTARA PUTRA','812b8386-c4f1-4a3d-9db5-216d61088aa5','2018-02-10 11:13:03','2018-02-10 11:13:03',NULL,NULL,NULL,NULL,NULL,NULL,NULL,NULL,NULL,NULL),('9211650053003','ARDY JANUANTORO','b2294b95-0e44-4fdb-b6a3-cc19ad0f275e','2018-02-10 11:13:03','2018-02-10 11:13:03',NULL,NULL,NULL,NULL,NULL,NULL,NULL,NULL,NULL,NULL),('9211650053004','YASIFA RAKHMA HIDAYANTI','fd546adb-db6a-4a0f-be1f-3c56c5fe3ab4','2018-02-10 11:13:03','2018-02-10 11:13:03',NULL,NULL,NULL,NULL,NULL,NULL,NULL,NULL,NULL,NULL),('9211650053005','ACHMAD VIERDAN HABIBI','d491834b-29ca-4b9c-a5bc-f2dddef8ca0a','2018-02-10 11:13:03','2018-02-10 11:13:03',NULL,NULL,NULL,NULL,NULL,NULL,NULL,NULL,NULL,NULL),('9211650053006','GABRIEL SOPHIA','2cd78f5a-ef66-4e44-8e00-4b27b1685afc','2018-02-10 11:13:03','2018-02-10 11:13:03',NULL,NULL,NULL,NULL,NULL,NULL,NULL,NULL,NULL,NULL),('9211650053007','GANDA NESWARA','67999012-7036-43e6-87be-06c4c5f0dcdc','2018-02-10 11:13:03','2018-02-10 11:13:03',NULL,NULL,NULL,NULL,NULL,NULL,NULL,NULL,NULL,NULL),('9211650053008','RIZKY BASATHA','110f506e-5b29-4aef-8302-5e41099e9243','2018-02-10 11:13:03','2018-02-10 11:13:03',NULL,NULL,NULL,NULL,NULL,NULL,NULL,NULL,NULL,NULL),('9211650053009','IDA BAGUS GDE KRESNA ADI JAYA','221b8291-0e9c-415e-91b4-95cc5a602567','2018-02-10 11:13:03','2018-02-10 11:13:03',NULL,NULL,NULL,NULL,NULL,NULL,NULL,NULL,NULL,NULL),('9211650053010','PANDE GEDE ANGGA PRIARDHI PUTRA','e16a3c25-c231-4b68-b70e-0b37c0cf7162','2018-02-10 11:13:03','2018-02-10 11:13:03',NULL,NULL,NULL,NULL,NULL,NULL,NULL,NULL,NULL,NULL),('9211650053011','SAMSUL ARIFIN','cb67a41f-1031-46c7-a227-3afa5fcddeca','2018-02-10 11:13:03','2018-02-10 11:13:03',NULL,NULL,NULL,NULL,NULL,NULL,NULL,NULL,NULL,NULL),('9211650053012','ZULHAM DEVAN FAUZI','b24bb823-dbce-4af7-9209-62c5d816960f','2018-02-10 11:13:03','2018-02-10 11:13:03',NULL,NULL,NULL,NULL,NULL,NULL,NULL,NULL,NULL,NULL),('9211650053013','KRISHNA DEWABRATA WISHNU WARDHANA','eb2cd107-bd4e-44a3-810b-e7e4ebf7d5bf','2018-02-10 11:13:03','2018-02-10 11:13:03',NULL,NULL,NULL,NULL,NULL,NULL,NULL,NULL,NULL,NULL),('9211650053014','GITA INTANI BUDIAWATI','6c8959fd-ccd8-4175-a240-11c5ecf02acb','2018-02-10 11:13:03','2018-02-10 11:13:03',NULL,NULL,NULL,NULL,NULL,NULL,NULL,NULL,NULL,NULL),('9211650053015','LAKSMI SUPROBORINI','7da43cf4-377c-4690-bec6-86cc5031e843','2018-02-10 11:13:03','2018-02-10 11:13:03',NULL,NULL,NULL,NULL,NULL,NULL,NULL,NULL,NULL,NULL),('9211650053016','ONY ICHSANDRYA','512773c0-a806-4afe-9490-5acaf957fd7e','2018-02-10 11:13:03','2018-02-10 11:13:03',NULL,NULL,NULL,NULL,NULL,NULL,NULL,NULL,NULL,NULL),('9211650053017','STEPHEN FERRY FARIDYAN','b36cb4c1-1fff-4195-b2fe-2d4050ab6e03','2018-02-10 11:13:03','2018-02-10 11:13:03',NULL,NULL,NULL,NULL,NULL,NULL,NULL,NULL,NULL,NULL),('9211650053018','FERRY IRAWAN','644f244f-9033-4ebb-81e0-f71f8928b14e','2018-02-10 11:13:03','2018-02-10 11:13:03',NULL,NULL,NULL,NULL,NULL,NULL,NULL,NULL,NULL,NULL),('9211650053019','MAS`IFFA MAHARDIKA JUSUF','b9fd3c89-1b51-4add-b6f6-3daef3aee364','2018-02-10 11:13:03','2018-02-10 11:13:03',NULL,NULL,NULL,NULL,NULL,NULL,NULL,NULL,NULL,NULL),('9211650053020','ADHITYA WIRATAMA','16560a1f-b844-4680-8603-c530755e54ad','2018-02-10 11:13:03','2018-02-10 11:13:03',NULL,NULL,NULL,NULL,NULL,NULL,NULL,NULL,NULL,NULL),('9211650053021','ALIF AZIZ MUJAHIDIN','0d4ce3d6-2f48-40f2-9424-21e5981fef94','2018-02-10 11:13:03','2018-02-10 11:13:03',NULL,NULL,NULL,NULL,NULL,NULL,NULL,NULL,NULL,NULL),('9211650053022','RIZA AKHSANI SETYO PRAYOGA','a5be16cb-b630-4814-9b71-93b29de469ac','2018-02-10 11:13:03','2018-02-10 11:13:03',NULL,NULL,NULL,NULL,NULL,NULL,NULL,NULL,NULL,NULL),('9211650053023','BURHANUDDIN HANANTYO','5c860bce-5af1-4760-9150-ed9715d0f679','2018-02-10 11:13:03','2018-02-10 11:13:03',NULL,NULL,NULL,NULL,NULL,NULL,NULL,NULL,NULL,NULL),('9211650053024','ONY PRABOWO','f8382166-8a28-477d-b567-ac77425c6265','2018-02-10 11:13:03','2018-02-10 11:13:03',NULL,NULL,NULL,NULL,NULL,NULL,NULL,NULL,NULL,NULL),('9211650053025','DHIKA WAHYU OCTAVIANI','443067ea-4348-44c8-b0d4-e0aa8e534825','2018-02-10 11:13:03','2018-02-10 11:13:03',NULL,NULL,NULL,NULL,NULL,NULL,NULL,NULL,NULL,NULL),('9211650053026','SEPTIANSYAH ARGI GUMILAR','99417d8d-0685-4dad-80d7-968da29c137e','2018-02-10 11:13:03','2018-02-10 11:13:03',NULL,NULL,NULL,NULL,NULL,NULL,NULL,NULL,NULL,NULL),('9211650053028','EDY SUWANTORO','714c0434-d392-4513-b86a-471f094f19c3','2018-02-10 11:13:03','2018-02-10 11:13:03',NULL,NULL,NULL,NULL,NULL,NULL,NULL,NULL,NULL,NULL),('9211650053030','DJOKO CAHYO UTOMO LIEHARYANI','d058757f-335d-433d-a341-b98b07339cfb','2018-02-10 11:13:03','2018-02-10 11:13:03',NULL,NULL,NULL,NULL,NULL,NULL,NULL,NULL,NULL,NULL),('9211650053031','PROBO MOELJADI','9fad56d1-6cff-404e-8de8-afe80fd3ce2c','2018-02-10 11:13:03','2018-02-10 11:13:03',NULL,NULL,NULL,NULL,NULL,NULL,NULL,NULL,NULL,NULL),('9211650053032','ARIF RESTU WIDODO','f8038cce-f401-4240-9b7c-eff52ad7a3ab','2018-02-10 11:13:03','2018-02-10 11:13:03',NULL,NULL,NULL,NULL,NULL,NULL,NULL,NULL,NULL,NULL),('9211650053034','AKAS BAGUS SETIAWAN','fe7ecf88-64ff-43fd-90f3-ffa113c63351','2018-02-10 11:13:03','2018-02-10 11:13:03',NULL,NULL,NULL,NULL,NULL,NULL,NULL,NULL,NULL,NULL),('9211650053035','MAKS AGUSTINUS','f6a28af3-4285-4429-9fa2-9440ee760330','2018-02-10 11:13:03','2018-02-10 11:13:03',NULL,NULL,NULL,NULL,NULL,NULL,NULL,NULL,NULL,NULL),('9211650054003','LAQMA DICA FITRANI','99ac9fd6-bc8b-49a5-ba2e-a71540a7485e','2018-02-10 11:13:03','2018-02-10 11:13:03',NULL,NULL,NULL,NULL,NULL,NULL,NULL,NULL,NULL,NULL),('9211650054004','MAULIDINA RAHMAWATI SURYA','94d5c97b-8d6a-4eae-9e9d-811fa6a3ab73','2018-02-10 11:13:03','2018-02-10 11:13:03',NULL,NULL,NULL,NULL,NULL,NULL,NULL,NULL,NULL,NULL),('9211650054005','TIRTA TARUNA RAMADHAN','113a7383-ce9b-434c-be82-aa901860c03f','2018-02-10 11:13:03','2018-02-10 11:13:03',NULL,NULL,NULL,NULL,NULL,NULL,NULL,NULL,NULL,NULL),('9211650054009','RACHMAH AGUS PUTRI','512160b1-0023-4686-9ad9-f187f477ea4f','2018-02-10 11:13:03','2018-02-10 11:13:03',NULL,NULL,NULL,NULL,NULL,NULL,NULL,NULL,NULL,NULL),('9211650054011','YURIKA CAESARITA','3d03d823-9788-4bfa-9b22-984f72d579cf','2018-02-10 11:13:03','2018-02-10 11:13:03',NULL,NULL,NULL,NULL,NULL,NULL,NULL,NULL,NULL,NULL),('9211650054012','YOGI HUSIEN ROSIDI','8d704d3b-271b-49a9-bf27-ffdb26504e18','2018-02-10 11:13:03','2018-02-10 11:13:03',NULL,NULL,NULL,NULL,NULL,NULL,NULL,NULL,NULL,NULL),('9211650054014','ALI AZYUMARDI AZRA','bca7fba1-e1cb-44ab-834e-3d09bbbdc187','2018-02-10 11:13:03','2018-02-10 11:13:03',NULL,NULL,NULL,NULL,NULL,NULL,NULL,NULL,NULL,NULL),('9211650054015','MIRANTI KARTIKA KOMARIAH','476caacc-2702-4a65-9e67-bf1be5e314f3','2018-02-10 11:13:03','2018-02-10 11:13:03',NULL,NULL,NULL,NULL,NULL,NULL,NULL,NULL,NULL,NULL),('9211650054017','RAYANDRA YALA PRATAMA','08fb0451-375b-4d48-8cbe-6d644b51cae3','2018-02-10 11:13:03','2018-02-10 11:13:03',NULL,NULL,NULL,NULL,NULL,NULL,NULL,NULL,NULL,NULL),('9211650054018','ROSANGELINA LUCKY DESBRY DWI WARDANA','30a032cd-d077-4ce9-b22a-4e92459b02fa','2018-02-10 11:13:03','2018-02-10 11:13:03',NULL,NULL,NULL,NULL,NULL,NULL,NULL,NULL,NULL,NULL),('9211650054019','CLARIEN RUMBAYAN','2b1f6389-0068-4070-b645-9c81a1d6522e','2018-02-10 11:13:03','2018-02-10 11:13:03',NULL,NULL,NULL,NULL,NULL,NULL,NULL,NULL,NULL,NULL),('9211650054020','KADEK DWI FEBRIYANTI','79934080-43cc-40b9-86f2-050320c0e998','2018-02-10 11:13:03','2018-02-10 11:13:03',NULL,NULL,NULL,NULL,NULL,NULL,NULL,NULL,NULL,NULL),('9211650054022','RETNA FETTY IDAMAYANTI','b0b5d386-d744-49b9-886b-a9a6ec94608c','2018-02-10 11:13:03','2018-02-10 11:13:03',NULL,NULL,NULL,NULL,NULL,NULL,NULL,NULL,NULL,NULL),('9211650054023','INDRI SULISTYOWATI','803699ec-ef52-4ec9-b22a-c2d3b767d53c','2018-02-10 11:13:03','2018-02-10 11:13:03',NULL,NULL,NULL,NULL,NULL,NULL,NULL,NULL,NULL,NULL),('9211650054024','PRIMA PRIANGGA','04a28806-f0bf-45f4-91c9-34e8565bf237','2018-02-10 11:13:03','2018-02-10 11:13:03',NULL,NULL,NULL,NULL,NULL,NULL,NULL,NULL,NULL,NULL),('9211650054025','MOCHAMMAD SYAHRUL MUBAROK','d94fe529-9a86-4c08-a93c-dcdd98f658f9','2018-02-10 11:13:03','2018-02-10 11:13:03',NULL,NULL,NULL,NULL,NULL,NULL,NULL,NULL,NULL,NULL),('9211650054026','ACH. ARIF ALFIN','26f093dd-f51e-4d3d-b664-1b071498e03a','2018-02-10 11:13:03','2018-02-10 11:13:03',NULL,NULL,NULL,NULL,NULL,NULL,NULL,NULL,NULL,NULL),('9211650055001','FEBRYAN ALANDIESTYA ARIF','caf526f6-b23a-46c2-b490-b9d2e34b42c5','2018-02-10 11:13:03','2018-02-10 11:13:03',NULL,NULL,NULL,NULL,NULL,NULL,NULL,NULL,NULL,NULL),('9211650055002','DWI CAHYONO','31e586b4-0521-460a-b8e9-3ecf97985deb','2018-02-10 11:13:03','2018-02-10 11:13:03',NULL,NULL,NULL,NULL,NULL,NULL,NULL,NULL,NULL,NULL),('9211650055003','EKO AGUS PRAMONO','d12336fe-5967-47ff-bff1-5127bffb7e86','2018-02-10 11:13:03','2018-02-10 11:13:03',NULL,NULL,NULL,NULL,NULL,NULL,NULL,NULL,NULL,NULL),('9211650055004','PURNOMO DWI DJAJANTO','d82751a1-166a-4b52-ae95-fe20e49cf261','2018-02-10 11:13:03','2018-02-10 11:13:03',NULL,NULL,NULL,NULL,NULL,NULL,NULL,NULL,NULL,NULL),('9211650055005','RIA RIZKI WARDANI','7a3079df-a6ec-4378-94ce-89ecf4a1be88','2018-02-10 11:13:03','2018-02-10 11:13:03',NULL,NULL,NULL,NULL,NULL,NULL,NULL,NULL,NULL,NULL),('9211650055006','M. ANWAR AINI','afe58831-0d47-400d-ac2a-94e157633843','2018-02-10 11:13:03','2018-02-10 11:13:03',NULL,NULL,NULL,NULL,NULL,NULL,NULL,NULL,NULL,NULL),('9211650055007','I GEDE ADHIARTA WIANDANA','0faa0e0e-9327-41f3-8665-c32410352dc2','2018-02-10 11:13:03','2018-02-10 11:13:03',NULL,NULL,NULL,NULL,NULL,NULL,NULL,NULL,NULL,NULL),('9211650055008','WIDO HARISASMITHA','7b0e5a2b-615f-46f9-ba91-4ede4ac192b8','2018-02-10 11:13:03','2018-02-10 11:13:03',NULL,NULL,NULL,NULL,NULL,NULL,NULL,NULL,NULL,NULL),('9211650055009','FEBRIAN ARIE BRAMASTA','c68f3299-5a6d-4851-806a-4f72d1e6b52d','2018-02-10 11:13:03','2018-02-10 11:13:03',NULL,NULL,NULL,NULL,NULL,NULL,NULL,NULL,NULL,NULL),('9211650055010','M. GILVY LANGGAWAN PUTRA','dd642c2a-a898-44b8-90c1-3b69b359dff7','2018-02-10 11:13:03','2018-02-10 11:13:03',NULL,NULL,NULL,NULL,NULL,NULL,NULL,NULL,NULL,NULL),('9211650055011','FEMI YUMNA ANJANI','376be356-4b45-4f3a-84d2-c2aac56cc363','2018-02-10 11:13:03','2018-02-10 11:13:03',NULL,NULL,NULL,NULL,NULL,NULL,NULL,NULL,NULL,NULL),('9211750013001','ANTONIA RATNA HANJANI','cb755c07-7d66-42bd-821a-09c66dc3f8ca','2018-02-09 14:29:37','2018-02-09 14:29:37',NULL,NULL,NULL,NULL,NULL,NULL,NULL,NULL,NULL,NULL),('9211750013002','ZAHRIDA DINNANDA PARAMESWARI','9f648f0e-d6f9-488b-ba6f-68fcc3ab3f60','2018-02-09 14:29:37','2018-02-09 14:29:37',NULL,NULL,NULL,NULL,NULL,NULL,NULL,NULL,NULL,NULL),('9211750013003','ITA NURTOVIA MATSARI','232cc4cc-acd3-4e4a-bfe9-033e3d7ff0ce','2018-02-09 14:29:37','2018-02-09 14:29:37',NULL,NULL,NULL,NULL,NULL,NULL,NULL,NULL,NULL,NULL),('9211750013004','ETA OKTASARI','834078c8-86f9-49af-9061-b3474fa357e6','2018-02-09 14:29:37','2018-02-09 14:29:37',NULL,NULL,NULL,NULL,NULL,NULL,NULL,NULL,NULL,NULL),('9211750013005','SYAHIRUL `ALIM','49cf87d4-d1c0-4cc4-97e1-2cb8034e1383','2018-02-09 14:29:37','2018-02-09 14:29:37',NULL,NULL,NULL,NULL,NULL,NULL,NULL,NULL,NULL,NULL),('9211750013006','RAHMAT NOPIAN','8da71630-66b9-4e22-89ac-53e2d9737fe9','2018-02-09 14:29:37','2018-02-09 14:29:37',NULL,NULL,NULL,NULL,NULL,NULL,NULL,NULL,NULL,NULL),('9211750013008','TEUKU FAISAL UMRY','61b4517a-a51e-4ae6-8159-ceeff501d1ca','2018-02-09 14:29:37','2018-02-09 14:29:37',NULL,NULL,NULL,NULL,NULL,NULL,NULL,NULL,NULL,NULL),('9211750013009','DINU SAADILLAH','5fb193db-18a3-4e63-87ec-0e1a2d62dc17','2018-02-09 14:29:37','2018-02-09 14:29:37',NULL,NULL,NULL,NULL,NULL,NULL,NULL,NULL,NULL,NULL),('9211750013010','MOH.SUTRISNO ABDILLAH','d7ee9917-40e6-4267-9d70-7fd593233d1c','2018-02-09 14:29:37','2018-02-09 14:29:37',NULL,NULL,NULL,NULL,NULL,NULL,NULL,NULL,NULL,NULL),('9211750013012','PUPUT MARGAHAYU ANDRIAS','86eba146-1920-4350-a08a-82012a0f9887','2018-02-09 14:29:37','2018-02-09 14:29:37',NULL,NULL,NULL,NULL,NULL,NULL,NULL,NULL,NULL,NULL),('9211750013015','ARIF EFFENDI','6e6cc9b8-ba6c-4682-80ef-4920886d5d3e','2018-02-09 14:29:37','2018-02-09 14:29:37',NULL,NULL,NULL,NULL,NULL,NULL,NULL,NULL,NULL,NULL),('9211750013016','WAHYU RETNO DUMILLAH','5f1ca4b0-d349-4cda-bbc2-9e1f528960bc','2018-02-09 14:29:37','2018-02-09 14:29:37',NULL,NULL,NULL,NULL,NULL,NULL,NULL,NULL,NULL,NULL),('9211750013017','ADITYA GALIH FATHUROCHMAN','b2a40061-5d2f-4f63-a3c3-8d150b90a8d3','2018-02-09 14:29:37','2018-02-09 14:29:37',NULL,NULL,NULL,NULL,NULL,NULL,NULL,NULL,NULL,NULL),('9211750013018','RIDHO HAQI','b8473ef0-1f3d-45af-b2c6-dc4fef7a18a5','2018-02-09 14:29:37','2018-02-09 14:29:37',NULL,NULL,NULL,NULL,NULL,NULL,NULL,NULL,NULL,NULL),('9211750013019','WINDRA BANGUN NUSWANTORO','50503893-47d0-4229-b5fc-525fdc48c21f','2018-02-09 14:29:37','2018-02-09 14:29:37',NULL,NULL,NULL,NULL,NULL,NULL,NULL,NULL,NULL,NULL),('9211750013020','Jefri Erwanto','f6a7354d-33a2-4b05-b366-0d9830e5bf45','2018-03-12 18:27:01','2018-03-12 18:27:01',NULL,NULL,NULL,NULL,NULL,NULL,NULL,NULL,NULL,NULL),('9211750013022','HERI CAHYONO','3aff5e29-f40d-44a1-9a53-87fa160a4ecb','2018-02-09 14:29:37','2018-02-09 14:29:37',NULL,NULL,NULL,NULL,NULL,NULL,NULL,NULL,NULL,NULL),('9211750013023','SATRIA FITRAH WICAKSANA','1663cbc4-02a1-4ff4-b04e-e1cdc8459698','2018-02-09 14:29:37','2018-02-09 14:29:37',NULL,NULL,NULL,NULL,NULL,NULL,NULL,NULL,NULL,NULL),('9211750013024','GUSTI NGURAH BAGUS ARMADI P.','27d455ee-644f-41c7-a4f2-ee2dbe53d1fd','2018-02-09 14:29:37','2018-02-09 14:29:37',NULL,NULL,NULL,NULL,NULL,NULL,NULL,NULL,NULL,NULL),('9211750013025','AGUSTIN WELLIANA RAHMAWATI P','d2da58ea-58e8-4a95-8daf-f553750c03d8','2018-02-09 14:29:37','2018-02-09 14:29:37',NULL,NULL,NULL,NULL,NULL,NULL,NULL,NULL,NULL,NULL),('9211750013026','WINDA AMELIA NOVITASARI','901fd2a7-a752-4544-a108-c12a6485a602','2018-02-09 14:29:37','2018-02-09 14:29:37',NULL,NULL,NULL,NULL,NULL,NULL,NULL,NULL,NULL,NULL),('9211750013027','ANGGA IRWANDANA','d69b38c5-ee1d-494c-bc9a-de5a3da5ed78','2018-02-09 14:29:37','2018-02-09 14:29:37',NULL,NULL,NULL,NULL,NULL,NULL,NULL,NULL,NULL,NULL),('9211750014002','INDRIANA SUSILOWATI','b6bb1efb-edd6-4152-b488-23e846f0f8b5','2018-02-09 14:29:37','2018-02-09 14:29:37',NULL,NULL,NULL,NULL,NULL,NULL,NULL,NULL,NULL,NULL),('9211750014003','A ANAS HAIKAL','399fe63a-3bb8-4497-be64-cc943361e013','2018-02-09 14:29:37','2018-02-09 14:29:37',NULL,NULL,NULL,NULL,NULL,NULL,NULL,NULL,NULL,NULL),('9211750014004','MUHAMMAD MAHRUS SYAMSURRIJAL','0c1d7141-d27d-4316-ada9-206c4ed8c18c','2018-02-09 14:29:37','2018-02-09 14:29:37',NULL,NULL,NULL,NULL,NULL,NULL,NULL,NULL,NULL,NULL),('9211750014005','VINI NUR RACHMAWATI','4fca984b-fcf3-4c1d-94e7-ec0002841e1c','2018-02-09 14:29:37','2018-02-09 14:29:37',NULL,NULL,NULL,NULL,NULL,NULL,NULL,NULL,NULL,NULL),('9211750014006','LUTVIANTO PEBRI HANDOKO','c527dba5-7a95-497b-9a06-2846cc19954f','2018-02-09 14:29:37','2018-02-09 14:29:37',NULL,NULL,NULL,NULL,NULL,NULL,NULL,NULL,NULL,NULL),('9211750014007','IHSAN PRASETYA','990724dd-b335-4357-be6e-5fc26a53f50a','2018-02-09 14:29:37','2018-02-09 14:29:37',NULL,NULL,NULL,NULL,NULL,NULL,NULL,NULL,NULL,NULL),('9211750014008','FITRIA MAHARDIKA','5f91cd72-0f0f-4731-90f5-7832c9bbfaeb','2018-02-09 14:29:37','2018-02-09 14:29:37',NULL,NULL,NULL,NULL,NULL,NULL,NULL,NULL,NULL,NULL),('9211750014009','SUCIPTO RIADY LIMBONG','40cb2162-848d-499c-9834-aaaff2ddeea2','2018-02-09 14:29:37','2018-02-09 14:29:37',NULL,NULL,NULL,NULL,NULL,NULL,NULL,NULL,NULL,NULL),('9211750014010','RABBANI ARIEZA SATYA YOGA','c0d1c80e-be5f-4b64-9b08-7970b537e148','2018-02-09 14:29:37','2018-02-09 14:29:37',NULL,NULL,NULL,NULL,NULL,NULL,NULL,NULL,NULL,NULL),('9211750014011','AGYL ADRIYADHI S','c16f9526-ca99-4bd0-8cfe-480447a40d03','2018-02-09 14:29:37','2018-02-09 14:29:37',NULL,NULL,NULL,NULL,NULL,NULL,NULL,NULL,NULL,NULL),('9211750014012','AMANDA DEWI PARAMITA','3c7129fa-1898-42fb-96e6-0491313d3416','2018-02-09 14:29:37','2018-02-09 14:29:37',NULL,NULL,NULL,NULL,NULL,NULL,NULL,NULL,NULL,NULL),('9211750014013','ZIYAURROHMAN ALLADANY','a6463b35-3dfd-4270-9505-eba7bda3b230','2018-02-09 14:29:37','2018-02-09 14:29:37',NULL,NULL,NULL,NULL,NULL,NULL,NULL,NULL,NULL,NULL),('9211750014014','GIGIH GUMILAR','10e81a32-5184-4f08-8aa2-161d653eee41','2018-02-09 14:29:37','2018-02-09 14:29:37',NULL,NULL,NULL,NULL,NULL,NULL,NULL,NULL,NULL,NULL),('9211750014015','ANGGY ISWANTO','9592a0c3-489d-484b-b69c-b76df99dc71a','2018-02-09 14:29:37','2018-02-09 14:29:37',NULL,NULL,NULL,NULL,NULL,NULL,NULL,NULL,NULL,NULL),('9211750014016','SHOFA DAI ROBBI','d0fc7529-9852-4f6a-a47a-b5f3ed6fd7e0','2018-02-09 14:29:37','2018-02-09 14:29:37',NULL,NULL,NULL,NULL,NULL,NULL,NULL,NULL,NULL,NULL),('9211750014017','NIKI ETRULY','05c3ae36-e1d8-4bba-8e8f-054bb98d3a6e','2018-02-09 14:29:37','2018-02-09 14:29:37',NULL,NULL,NULL,NULL,NULL,NULL,NULL,NULL,NULL,NULL),('9211750014018','MUHAMMAD JUMANDONO','ccc7c7ac-7310-4f4a-bba4-e25fdaede3d4','2018-02-09 14:29:37','2018-02-09 14:29:37',NULL,NULL,NULL,NULL,NULL,NULL,NULL,NULL,NULL,NULL),('9211750014019','MUHAMMAD HAZBI ASSIDDIQI','de897529-e1f2-4d1f-8a55-5db5387e7f5d','2018-02-09 14:29:37','2018-02-09 14:29:37',NULL,NULL,NULL,NULL,NULL,NULL,NULL,NULL,NULL,NULL),('9211750014020','AVIORA KARUNIA','617178e5-c34e-4eb2-af35-11ce2771a73d','2018-02-09 14:29:37','2018-02-09 14:29:37',NULL,NULL,NULL,NULL,NULL,NULL,NULL,NULL,NULL,NULL),('9211750014021','LUCKY KRISTI MAHADEVA','6b1ffb67-351d-4ce7-87c4-f016a4a8f0a6','2018-02-09 14:29:37','2018-02-09 14:29:37',NULL,NULL,NULL,NULL,NULL,NULL,NULL,NULL,NULL,NULL),('9211750014022','ARRYANDA MAULANI','640482eb-0011-4952-80a3-4281ccfb233b','2018-02-09 14:29:37','2018-02-09 14:29:37',NULL,NULL,NULL,NULL,NULL,NULL,NULL,NULL,NULL,NULL),('9211750014023','DIAN WAHYU ADRIYANTI','af0df82c-a0a6-4c7e-b279-725237f34b1d','2018-02-09 14:29:37','2018-02-09 14:29:37',NULL,NULL,NULL,NULL,NULL,NULL,NULL,NULL,NULL,NULL),('9211750014024','IAN GIBRANATA','0178df27-413d-4c6e-b063-320c304e3d47','2018-02-09 14:29:37','2018-02-09 14:29:37',NULL,NULL,NULL,NULL,NULL,NULL,NULL,NULL,NULL,NULL),('9211750015001','RACHMA RIZQINA MARDHOTILLAH','17c72654-8041-4793-9970-b85b476f67ab','2018-03-16 18:20:02','2018-03-16 18:20:02',NULL,NULL,NULL,NULL,NULL,NULL,NULL,NULL,NULL,NULL),('9211750015002','JULIA DIAH KARTIKA','63711819-6c78-4cf9-945f-809211da1e62','2018-02-09 14:29:37','2018-02-09 14:29:37',NULL,NULL,NULL,NULL,NULL,NULL,NULL,NULL,NULL,NULL),('9211750015003','YOVITA DWINANDA','6d4d8990-e125-4967-94b8-53940861c107','2018-03-16 18:21:30','2018-03-16 18:21:30',NULL,NULL,NULL,NULL,NULL,NULL,NULL,NULL,NULL,NULL),('9211750015004','NUR NUGROHO IRIANTO SUWANDI','19f32938-71f1-4b07-86c7-162594962907','2018-02-09 14:29:37','2018-02-09 14:29:37',NULL,NULL,NULL,NULL,NULL,NULL,NULL,NULL,NULL,NULL),('9211750015005','RESTI AFIADINIE','46cf2f1c-2735-46c8-8929-1dab8c850cc9','2018-02-09 14:29:37','2018-02-09 14:29:37',NULL,NULL,NULL,NULL,NULL,NULL,NULL,NULL,NULL,NULL),('9211750015006','HAJARIYAH AGUSTINA','94e61633-0ede-44c8-b9cb-ff4b5496ea93','2018-02-09 14:29:37','2018-02-09 14:29:37',NULL,NULL,NULL,NULL,NULL,NULL,NULL,NULL,NULL,NULL),('9211750015007','AHMAD IRWIYAN HAQ','218e140a-5fa6-4f8c-9f17-3b421119eabe','2018-02-09 14:29:37','2018-02-09 14:29:37',NULL,NULL,NULL,NULL,NULL,NULL,NULL,NULL,NULL,NULL),('9211750015008','GURUH ADI DARMA','e1c6244b-1290-44d3-b612-d6965eb64a0e','2018-02-09 14:29:37','2018-02-09 14:29:37',NULL,NULL,NULL,NULL,NULL,NULL,NULL,NULL,NULL,NULL),('9211750015009','MUHAMMAD FAIZAL AMIR','57eb34c8-dbd6-47d8-b83b-ea2d7b1df0e3','2018-02-09 14:29:37','2018-02-09 14:29:37',NULL,NULL,NULL,NULL,NULL,NULL,NULL,NULL,NULL,NULL),('9211750015010','INSAN MARTHIAN','57dc5c05-a5e9-49c9-8f75-7bc6b8f856e9','2018-02-09 14:29:37','2018-02-09 14:29:37',NULL,NULL,NULL,NULL,NULL,NULL,NULL,NULL,NULL,NULL),('9211750015011','NARASTOMO PRAMADITYO','3db059b7-4f6f-4ccc-ac0c-7fdc32d8d41b','2018-02-09 14:29:37','2018-02-09 14:29:37',NULL,NULL,NULL,NULL,NULL,NULL,NULL,NULL,NULL,NULL),('9211750015012','MUHAMMAD JERRY JELIANDRA SUJA','111d0df1-db41-48d8-ad9e-b2e913bc4d17','2018-02-09 14:29:37','2018-02-09 14:29:37',NULL,NULL,NULL,NULL,NULL,NULL,NULL,NULL,NULL,NULL),('9211750015013','INDARU MEINIKA ADNIN','b5c14a5b-a480-4383-b0e9-ae02593e3653','2018-02-09 14:29:37','2018-02-09 14:29:37',NULL,NULL,NULL,NULL,NULL,NULL,NULL,NULL,NULL,NULL),('9211750015014','AGUS SETIONO','1ed11207-f5b9-4178-aacd-d942ecc5fc0c','2018-02-09 14:29:37','2018-02-09 14:29:37',NULL,NULL,NULL,NULL,NULL,NULL,NULL,NULL,NULL,NULL),('9211750015015','TAUFIK WIDAYAT','e1254e70-7350-4fd4-9d3f-cb090e7d05ab','2018-02-09 14:29:37','2018-02-09 14:29:37',NULL,NULL,NULL,NULL,NULL,NULL,NULL,NULL,NULL,NULL),('9211750015016','AMIN MUNTOHA','c904ad89-35ba-4064-a147-e6b689e0cb9a','2018-02-09 14:29:37','2018-02-09 14:29:37',NULL,NULL,NULL,NULL,NULL,NULL,NULL,NULL,NULL,NULL),('9211750015017','ANDHI NUGRAHA DWIANGKASA','d165e273-a905-48f3-9526-88e87d6b3b0e','2018-02-09 14:29:37','2018-02-09 14:29:37',NULL,NULL,NULL,NULL,NULL,NULL,NULL,NULL,NULL,NULL),('9211750015018','NASTITI PUJI LESTARI','9134215e-8a59-430f-8706-eebea824d27f','2018-02-09 14:29:37','2018-02-09 14:29:37',NULL,NULL,NULL,NULL,NULL,NULL,NULL,NULL,NULL,NULL),('9211750015019','HENKI PROJO WICAKSONO','58d92a3b-0acc-4d3f-bda8-8d81b38b2548','2018-02-09 14:29:37','2018-02-09 14:29:37',NULL,NULL,NULL,NULL,NULL,NULL,NULL,NULL,NULL,NULL),('9211750015301','REDY ARDIANSYAH','3fc3e119-7a24-4a0a-8c7b-4287144ab156','2018-02-09 14:29:37','2018-02-09 14:29:37',NULL,NULL,NULL,NULL,NULL,NULL,NULL,NULL,NULL,NULL),('9211750016001','YUANITA KUMALA DEWI','3b173637-684c-4f4d-9571-bd7f9eea5f55','2018-02-09 14:29:37','2018-02-09 14:29:37',NULL,NULL,NULL,NULL,NULL,NULL,NULL,NULL,NULL,NULL),('9211750016002','ADIYATMA GHAZIAN PRATAMA','0fbc0595-58f0-4198-9eeb-5eaf69381e2b','2018-02-09 14:29:37','2018-02-09 14:29:37',NULL,NULL,NULL,NULL,NULL,NULL,NULL,NULL,NULL,NULL),('9211750016003','HANNY KUSUMO HADIATI','cb31b457-fe0a-472b-ab02-13618d565ef3','2018-02-09 14:29:37','2018-02-09 14:29:37',NULL,NULL,NULL,NULL,NULL,NULL,NULL,NULL,NULL,NULL),('9211750016004','ARI AKHMAD KOESDINAR','2658b297-7a60-4b16-b221-4a49c99fb683','2018-02-09 14:29:37','2018-02-09 14:29:37',NULL,NULL,NULL,NULL,NULL,NULL,NULL,NULL,NULL,NULL),('9211750016005','DEVI OKTAVIANINGTYAS','fb09d4f0-4ba4-4b50-a05d-735e62b2b55a','2018-02-09 14:29:37','2018-02-09 14:29:37',NULL,NULL,NULL,NULL,NULL,NULL,NULL,NULL,NULL,NULL),('9211750016006','LENNY ROSITA','aee26610-4a97-4dd2-86bf-5a178ac7b278','2018-02-09 14:29:37','2018-02-09 14:29:37',NULL,NULL,NULL,NULL,NULL,NULL,NULL,NULL,NULL,NULL),('9211750016007','DONI ARDHI DHARMAWAN','1b487472-70f4-435f-ade6-bbd27f32f6fb','2018-02-09 14:29:37','2018-02-09 14:29:37',NULL,NULL,NULL,NULL,NULL,NULL,NULL,NULL,NULL,NULL),('9211750016008','SHELI ISNI PRAFITRI','40593274-969b-4908-8a5f-432c5c1a0de4','2018-02-09 14:29:37','2018-02-09 14:29:37',NULL,NULL,NULL,NULL,NULL,NULL,NULL,NULL,NULL,NULL),('9211750016009','GALUH MELATI CITRA PRATIWI','0f224bb4-e48c-4057-b07f-787fb158bf1b','2018-02-09 14:29:37','2018-02-09 14:29:37',NULL,NULL,NULL,NULL,NULL,NULL,NULL,NULL,NULL,NULL),('9211750016041','MOHAMAD ARIS SETIAWAN','b8615667-059e-40d8-910b-72e8c2008b66','2018-02-09 14:29:37','2018-02-09 14:29:37',NULL,NULL,NULL,NULL,NULL,NULL,NULL,NULL,NULL,NULL),('9211750023001','RHETSBY NORDIANDI','296f97df-5418-4403-86ee-c97212726acd','2018-02-10 11:13:03','2018-02-10 11:13:03',NULL,NULL,NULL,NULL,NULL,NULL,NULL,NULL,NULL,NULL),('9211750023002','ABU BAKAR','0f021093-6f8b-4242-b56f-c8db964e753d','2018-02-10 11:13:03','2018-02-10 11:13:03',NULL,NULL,NULL,NULL,NULL,NULL,NULL,NULL,NULL,NULL),('9211750023003','RANGGA PERDANA AMINSAPUTRA','e26cd51c-2ed4-4964-9539-8121888a8e05','2018-02-10 11:13:03','2018-02-10 11:13:03',NULL,NULL,NULL,NULL,NULL,NULL,NULL,NULL,NULL,NULL),('9211750023005','YANUAR ROSYADI','4edc6f3d-abfd-4a12-8d11-47c0c0545017','2018-02-10 11:13:03','2018-02-10 11:13:03',NULL,NULL,NULL,NULL,NULL,NULL,NULL,NULL,NULL,NULL),('9211750023006','MOHAMMAD YOGIE LATANSA','38d60b02-7fd0-402b-97e1-06729dbac1bc','2018-02-10 11:13:03','2018-02-10 11:13:03',NULL,NULL,NULL,NULL,NULL,NULL,NULL,NULL,NULL,NULL),('9211750023007','ARYA BRIMA NUANSA','c35a227c-ad5d-4925-a5c1-65fca67c74f0','2018-02-10 11:13:03','2018-02-10 11:13:03',NULL,NULL,NULL,NULL,NULL,NULL,NULL,NULL,NULL,NULL),('9211750023008','DEWI KURNIAWATI','bdcfef9b-def1-4088-84c3-033763b0e6c6','2018-02-10 11:13:03','2018-02-10 11:13:03',NULL,NULL,NULL,NULL,NULL,NULL,NULL,NULL,NULL,NULL),('9211750023010','OKTORA SANDY SUPARYONO PUTRO','b3cb4cb4-7b91-49d4-ab1b-60b48bc59952','2018-02-10 11:13:03','2018-02-10 11:13:03',NULL,NULL,NULL,NULL,NULL,NULL,NULL,NULL,NULL,NULL),('9211750023011','ROFIK UDIN','dc7adbac-38f2-4293-bdfe-f724445953d9','2018-02-10 11:13:03','2018-02-10 11:13:03',NULL,NULL,NULL,NULL,NULL,NULL,NULL,NULL,NULL,NULL),('9211750023012','RIZKI KRESNA WIBOWO','3e4fc871-3142-498f-8540-449259b97ee4','2018-02-10 11:13:03','2018-02-10 11:13:03',NULL,NULL,NULL,NULL,NULL,NULL,NULL,NULL,NULL,NULL),('9211750023013','BAYU DANNY CHANDRA','b1ca3eb4-a990-4c59-ae6f-5c81695d6229','2018-02-10 11:13:03','2018-02-10 11:13:03',NULL,NULL,NULL,NULL,NULL,NULL,NULL,NULL,NULL,NULL),('9211750023014','SHANTI HARIANTI','865324e8-5d24-49cb-be95-a3d477f00f34','2018-02-10 11:13:03','2018-02-10 11:13:03',NULL,NULL,NULL,NULL,NULL,NULL,NULL,NULL,NULL,NULL),('9211750023015','HENY WINDA PRASTIWI','faeabc83-d1f7-4e7a-97ac-9c4cfe80b72d','2018-02-10 11:13:03','2018-02-10 11:13:03',NULL,NULL,NULL,NULL,NULL,NULL,NULL,NULL,NULL,NULL),('9211750023016','DANY PRAMONO OENTARIO','d03b64fb-b454-438d-bfe7-de253452ac67','2018-02-10 11:13:03','2018-02-10 11:13:03',NULL,NULL,NULL,NULL,NULL,NULL,NULL,NULL,NULL,NULL),('9211750023017','SHANTI WULANSARI','0d7c1915-0e27-4eef-96d5-a546f75d8372','2018-02-10 11:13:03','2018-02-10 11:13:03',NULL,NULL,NULL,NULL,NULL,NULL,NULL,NULL,NULL,NULL),('9211750023018','ULIL ALBAB','aa68e469-18f6-4b71-8c75-f55be30245f7','2018-02-10 11:13:03','2018-02-10 11:13:03',NULL,NULL,NULL,NULL,NULL,NULL,NULL,NULL,NULL,NULL),('9211750023019','NYOMAN GDE BUDHI MULYANTIKA','827eb680-7325-4939-acbd-8454eb3560df','2018-02-10 11:13:03','2018-02-10 11:13:03',NULL,NULL,NULL,NULL,NULL,NULL,NULL,NULL,NULL,NULL),('9211750023020','SAFIRA RIZKI DAMAYANTI','9ae16779-c2d8-4dc2-81b3-bc1ad78ad9a5','2018-02-10 11:13:03','2018-02-10 11:13:03',NULL,NULL,NULL,NULL,NULL,NULL,NULL,NULL,NULL,NULL),('9211750024001','RIVAN FARONY','2a5e4b88-e8bb-482e-b1ad-2a00d1d619ff','2018-02-10 11:13:03','2018-02-10 11:13:03',NULL,NULL,NULL,NULL,NULL,NULL,NULL,NULL,NULL,NULL),('9211750024002','ARIF RAHMAN HAKIM','aeec6287-d6db-4a94-b340-2726e10e021b','2018-02-10 11:13:03','2018-02-10 11:13:03',NULL,NULL,NULL,NULL,NULL,NULL,NULL,NULL,NULL,NULL),('9211750024003','FAURIZAL LIMANSYAH','53b7ff1d-94e8-49af-b41d-6a70dc968993','2018-02-10 11:13:03','2018-02-10 11:13:03',NULL,NULL,NULL,NULL,NULL,NULL,NULL,NULL,NULL,NULL),('9211750024004','IRAWAN DWI PURNOMO','e97014de-84a1-4e41-9461-65b7c0c21986','2018-02-10 11:13:03','2018-02-10 11:13:03',NULL,NULL,NULL,NULL,NULL,NULL,NULL,NULL,NULL,NULL),('9211750024005','MUHAMMAD ERMANDO NURMAN SASONO','0cb77501-5b64-48b8-bda1-5812835dc420','2018-02-10 11:13:03','2018-02-10 11:13:03',NULL,NULL,NULL,NULL,NULL,NULL,NULL,NULL,NULL,NULL),('9211750024006','RETA SANDRA DEVINA','7a672433-b5b4-4fc3-9e19-40635187d961','2018-02-10 11:13:03','2018-02-10 11:13:03',NULL,NULL,NULL,NULL,NULL,NULL,NULL,NULL,NULL,NULL),('9211750024007','CAHYO NARENDRO','c3b6ee88-25d6-4bd4-a398-541cbd40e739','2018-02-10 11:13:03','2018-02-10 11:13:03',NULL,NULL,NULL,NULL,NULL,NULL,NULL,NULL,NULL,NULL),('9211750024008','TIKA DWI SEPTIANI','453cf86d-26d6-4bc2-acaf-5b3c28dd127b','2018-02-10 11:13:03','2018-02-10 11:13:03',NULL,NULL,NULL,NULL,NULL,NULL,NULL,NULL,NULL,NULL),('9211750024009','GITA PRESTALITA','70c9891c-2564-41c1-ac4b-b56306710b93','2018-02-10 11:13:03','2018-02-10 11:13:03',NULL,NULL,NULL,NULL,NULL,NULL,NULL,NULL,NULL,NULL),('9211750024010','RULI AYU SETYOWATI','cd7b4dd7-3657-41af-baed-29475fa64510','2018-02-10 11:13:03','2018-02-10 11:13:03',NULL,NULL,NULL,NULL,NULL,NULL,NULL,NULL,NULL,NULL),('9211750024011','WISNU PRANATA ADHI','546104cb-1ce7-478e-95e1-1c0f3a792f0e','2018-02-10 11:13:03','2018-02-10 11:13:03',NULL,NULL,NULL,NULL,NULL,NULL,NULL,NULL,NULL,NULL),('9211750024012','HARI WIDAGDO PUTRA','2252f1d4-2450-4f35-9f32-d5b9f597ca59','2018-02-10 11:13:03','2018-02-10 11:13:03',NULL,NULL,NULL,NULL,NULL,NULL,NULL,NULL,NULL,NULL),('9211750024013','RIZKY RAHMADI WARDHANA','7b31c785-dd7b-43bb-90d7-060a31cab05c','2018-02-10 11:13:03','2018-02-10 11:13:03',NULL,NULL,NULL,NULL,NULL,NULL,NULL,NULL,NULL,NULL),('9211750024014','AHMAD ARIF IBRAHIM','ecd41c9b-985d-436b-997f-388d7b455dd0','2018-02-10 11:13:03','2018-02-10 11:13:03',NULL,NULL,NULL,NULL,NULL,NULL,NULL,NULL,NULL,NULL),('9211750024015','MUTIA BESTIARI BUHRON','e8dad484-9891-4865-becc-9385f1e57f85','2018-02-10 11:13:03','2018-02-10 11:13:03',NULL,NULL,NULL,NULL,NULL,NULL,NULL,NULL,NULL,NULL),('9211750024016','HANDARU ALFIANSYAH PUTRA','a04160cd-c9bf-416d-ae04-d54c712dfe87','2018-02-10 11:13:03','2018-02-10 11:13:03',NULL,NULL,NULL,NULL,NULL,NULL,NULL,NULL,NULL,NULL),('9211750024017','AKHMAD KHILMY','3a8d73cc-4720-4b92-80c6-6c58c0a29393','2018-02-10 11:13:03','2018-02-10 11:13:03',NULL,NULL,NULL,NULL,NULL,NULL,NULL,NULL,NULL,NULL),('9211750025001','HARY SUYANTO','e7505347-c9e9-4ab5-a325-191ef81260a7','2018-02-10 11:13:03','2018-02-10 11:13:03',NULL,NULL,NULL,NULL,NULL,NULL,NULL,NULL,NULL,NULL),('9211750025002','MUHAMMAD YUNUS ASYARY','febd1c8e-6ef0-4077-855f-34608ba53400','2018-02-10 11:13:03','2018-02-10 11:13:03',NULL,NULL,NULL,NULL,NULL,NULL,NULL,NULL,NULL,NULL),('9211750025003','BRYAN SIHOTANG','7c103eba-3ee0-45e9-9591-a7ae6f43be14','2018-02-10 11:13:03','2018-02-10 11:13:03',NULL,NULL,NULL,NULL,NULL,NULL,NULL,NULL,NULL,NULL),('9211750025004','AJRINA ALFIONITA','73272b79-c30f-401b-a8dd-6862f2cd6dd2','2018-02-10 11:13:03','2018-02-10 11:13:03',NULL,NULL,NULL,NULL,NULL,NULL,NULL,NULL,NULL,NULL),('9211750025005','MUHAMMAD FAIZAL','4ec27970-d19d-4bf0-91c3-dce5a25a23bb','2018-02-10 11:13:03','2018-02-10 11:13:03',NULL,NULL,NULL,NULL,NULL,NULL,NULL,NULL,NULL,NULL),('9211750025006','TEDDY IRJANTO','e40aa41a-8c59-4d3a-bca6-15279ac17ba6','2018-02-10 11:13:03','2018-02-10 11:13:03',NULL,NULL,NULL,NULL,NULL,NULL,NULL,NULL,NULL,NULL),('9211750025007','WIDYO NUGROHO','6149e4bd-c51c-45e8-be1a-c25bb6bada81','2018-02-10 11:13:03','2018-02-10 11:13:03',NULL,NULL,NULL,NULL,NULL,NULL,NULL,NULL,NULL,NULL),('9211750025008','NURSALIM','410ab849-b947-4c0d-92be-90096ed492b6','2018-02-10 11:13:03','2018-02-10 11:13:03',NULL,NULL,NULL,NULL,NULL,NULL,NULL,NULL,NULL,NULL),('9211750025009','ANDRI FERDIAN','8353474c-ecda-4c69-83ed-7a803b989f16','2018-02-10 11:13:03','2018-02-10 11:13:03',NULL,NULL,NULL,NULL,NULL,NULL,NULL,NULL,NULL,NULL),('9211750025012','SUHENDRA','59567e08-1340-4bd4-90f1-855ef204aaab','2018-02-10 11:13:03','2018-02-10 11:13:03',NULL,NULL,NULL,NULL,NULL,NULL,NULL,NULL,NULL,NULL),('9211750025013','ALLAND ADRIAN JOSEP','128c0635-30eb-4aa1-981e-f324f48b7749','2018-02-10 11:13:03','2018-02-10 11:13:03',NULL,NULL,NULL,NULL,NULL,NULL,NULL,NULL,NULL,NULL),('9211750025014','DODDY ARIEF WIBOWO','fb76bc5f-424b-4892-a178-4b54be0f127c','2018-02-10 11:13:03','2018-02-10 11:13:03',NULL,NULL,NULL,NULL,NULL,NULL,NULL,NULL,NULL,NULL),('9211750025016','GATOT ARMADIANTORO ADI','5f23f13d-b7cb-4aaa-bb6a-78e2cb9b6b94','2018-02-10 11:13:03','2018-02-10 11:13:03',NULL,NULL,NULL,NULL,NULL,NULL,NULL,NULL,NULL,NULL),('9211750025017','PUTRA TANUJAYA','31ffdfa2-9a3d-4228-bbe1-f6c9b5d750f3','2018-02-10 11:13:03','2018-02-10 11:13:03',NULL,NULL,NULL,NULL,NULL,NULL,NULL,NULL,NULL,NULL),('9211750025018','MUHAMMAD TAUFIQUL AKBAR','35f0305c-f0d1-48ac-9614-502da70e4c4f','2018-02-10 11:13:03','2018-02-10 11:13:03',NULL,NULL,NULL,NULL,NULL,NULL,NULL,NULL,NULL,NULL),('9211750025019','ARTIN FINALITA','01a27cff-b62d-4255-ba48-5bae3e35683f','2018-02-10 11:13:03','2018-02-10 11:13:03',NULL,NULL,NULL,NULL,NULL,NULL,NULL,NULL,NULL,NULL),('9211750025020','RYAN CAKRA PAMUNGKAS','f3897e7a-c477-46c3-9a01-728fb0778632','2018-02-10 11:13:03','2018-02-10 11:13:03',NULL,NULL,NULL,NULL,NULL,NULL,NULL,NULL,NULL,NULL),('9211750025021','SUNARYO','9a0606dd-115f-4e17-bf80-d60d3133ff61','2018-02-10 11:13:03','2018-02-10 11:13:03',NULL,NULL,NULL,NULL,NULL,NULL,NULL,NULL,NULL,NULL),('9211750026001','KUNTO WIBISONO','62282edb-b654-4b74-b199-78eba1fe15bc','2018-02-10 11:13:03','2018-02-10 11:13:03',NULL,NULL,NULL,NULL,NULL,NULL,NULL,NULL,NULL,NULL),('9211750026002','AGUNG ARYO WIBOWO','1ce8505a-72a2-4c98-aa34-67a17a8b8da3','2018-02-10 11:13:03','2018-02-10 11:13:03',NULL,NULL,NULL,NULL,NULL,NULL,NULL,NULL,NULL,NULL),('9211750026003','ESTI LUNGIT WIDYARONO','1f29a83c-62cd-4c4a-b81d-34c990389f36','2018-02-10 11:13:03','2018-02-10 11:13:03',NULL,NULL,NULL,NULL,NULL,NULL,NULL,NULL,NULL,NULL),('9211750026004','GLENY FLORESA WIRDYANATA','ed892588-bc1a-41c3-86a6-baf6470953b9','2018-02-10 11:13:03','2018-02-10 11:13:03',NULL,NULL,NULL,NULL,NULL,NULL,NULL,NULL,NULL,NULL),('9211750026005','YUSUF HARTOYO','bfa97182-7523-4553-86a5-e30884b5c6f7','2018-02-10 11:13:03','2018-02-10 11:13:03',NULL,NULL,NULL,NULL,NULL,NULL,NULL,NULL,NULL,NULL),('9211750026006','SHAHRO MUTTAQIN','d3de560e-b0e6-4b6e-a796-0f8d1b99a5f2','2018-02-10 11:13:03','2018-02-10 11:13:03',NULL,NULL,NULL,NULL,NULL,NULL,NULL,NULL,NULL,NULL),('9211750026007','EDY KURNIAWAN SAPUTRA','c2adabf7-3b97-4584-8405-42942b9901af','2018-02-10 11:13:03','2018-02-10 11:13:03',NULL,NULL,NULL,NULL,NULL,NULL,NULL,NULL,NULL,NULL),('9211750026008','MOCH RIZA ALI FIKRI','19fe7ad5-2b80-4632-8999-20f4cc47cef0','2018-02-10 11:13:03','2018-02-10 11:13:03',NULL,NULL,NULL,NULL,NULL,NULL,NULL,NULL,NULL,NULL),('9211750026041','UNING DYAH ARIATI','927aa8bc-00a0-44d1-80ae-e614caf10851','2018-02-10 11:13:03','2018-02-10 11:13:03',NULL,NULL,NULL,NULL,NULL,NULL,NULL,NULL,NULL,NULL),('9211750053002','DEWI AYU KHUSNUL KHOTIMAH','82735c38-f83b-4562-976c-b655d80acccb','2018-02-10 11:13:03','2018-02-10 11:13:03',NULL,NULL,NULL,NULL,NULL,NULL,NULL,NULL,NULL,NULL),('9211750053003','ROSI NANDA AMALIA','5c074e95-2ce0-4afa-b176-1a430bb3f86b','2018-02-10 11:13:03','2018-02-10 11:13:03',NULL,NULL,NULL,NULL,NULL,NULL,NULL,NULL,NULL,NULL),('9211750053004','CHRISTIAN ANDREAN PRADIGDYA','d3e79f40-1d8c-466a-a2e4-dd334fe9a844','2018-02-10 11:13:03','2018-02-10 11:13:03',NULL,NULL,NULL,NULL,NULL,NULL,NULL,NULL,NULL,NULL),('9211750053005','AMRINA FRISKA APRILIANA','deee15c0-faa5-4137-a3fd-12ea31c71e3d','2018-02-10 11:13:03','2018-02-10 11:13:03',NULL,NULL,NULL,NULL,NULL,NULL,NULL,NULL,NULL,NULL),('9211750053006','ADIMAS INDRA RAHMANTYO','0024f73e-4200-4fa8-82c3-cc90d5e0071b','2018-02-10 11:13:03','2018-02-10 11:13:03',NULL,NULL,NULL,NULL,NULL,NULL,NULL,NULL,NULL,NULL),('9211750053007','ARCHIE GUTAMA PUTRA','9c584fd5-9947-4234-9d51-5b91cd8b882e','2018-02-10 11:13:03','2018-02-10 11:13:03',NULL,NULL,NULL,NULL,NULL,NULL,NULL,NULL,NULL,NULL),('9211750053008','PRASETYA GILANG NUSWANTARA','f64564f9-5c12-477c-b232-a82293eed87b','2018-02-10 11:13:03','2018-02-10 11:13:03',NULL,NULL,NULL,NULL,NULL,NULL,NULL,NULL,NULL,NULL),('9211750053009','DIKE BAYU MAGFIRA','a9bfd345-33b6-4661-bec8-247b78dd849b','2018-02-10 11:13:03','2018-02-10 11:13:03',NULL,NULL,NULL,NULL,NULL,NULL,NULL,NULL,NULL,NULL),('9211750053010','YOE ONE ARIESTYA NIOVITTA','ded7e106-5eeb-4265-84b8-2de018e86051','2018-02-10 11:13:03','2018-02-10 11:13:03',NULL,NULL,NULL,NULL,NULL,NULL,NULL,NULL,NULL,NULL),('9211750053011','MAS`ODI','9397c5c8-b492-48e2-8aba-8f57c7776686','2018-02-10 11:13:03','2018-02-10 11:13:03',NULL,NULL,NULL,NULL,NULL,NULL,NULL,NULL,NULL,NULL),('9211750053013','AFRIANDA CAHYAPRATAMA','0560df43-4f5f-4dd9-a605-b36842d4ca4c','2018-02-10 11:13:03','2018-02-10 11:13:03',NULL,NULL,NULL,NULL,NULL,NULL,NULL,NULL,NULL,NULL),('9211750053014','ANDHIKA CAHYA PRATAMA','11fd3811-306a-406b-a8c3-78bc246d17f1','2018-02-10 11:13:03','2018-02-10 11:13:03',NULL,NULL,NULL,NULL,NULL,NULL,NULL,NULL,NULL,NULL),('9211750053015','NI LUH SEPTIANA DHARMAYANTI','1a349fd0-cc2c-46bf-a7f6-e850b027d739','2018-02-10 11:13:03','2018-02-10 11:13:03',NULL,NULL,NULL,NULL,NULL,NULL,NULL,NULL,NULL,NULL),('9211750053016','I WAYAN JATU WIRA PURNAMA','c8a8b9bb-b0af-47ad-8851-4bf418318b89','2018-02-10 11:13:03','2018-02-10 11:13:03',NULL,NULL,NULL,NULL,NULL,NULL,NULL,NULL,NULL,NULL),('9211750053017','RETHA DINAR HAYU ARIFIN','03023b8e-c5a9-4e68-8a98-b97f4e9c532f','2018-02-10 11:13:03','2018-02-10 11:13:03',NULL,NULL,NULL,NULL,NULL,NULL,NULL,NULL,NULL,NULL),('9211750053018','REZA AMALIA PRIYANTINA','4b671208-aff9-4c5a-8b42-15c524cffb0d','2018-02-10 11:13:03','2018-02-10 11:13:03',NULL,NULL,NULL,NULL,NULL,NULL,NULL,NULL,NULL,NULL),('9211750053019','SITI AZZA AMIRA','cfe0159d-2992-4b57-b1f1-d5488264cff4','2018-02-10 11:13:03','2018-02-10 11:13:03',NULL,NULL,NULL,NULL,NULL,NULL,NULL,NULL,NULL,NULL),('9211750053020','I MADE CANDRA GIRINATA','2b982ee2-da5a-44fe-abcf-78a0c815417b','2018-02-10 11:13:03','2018-02-10 11:13:03',NULL,NULL,NULL,NULL,NULL,NULL,NULL,NULL,NULL,NULL),('9211750053021','M. JUPRI','e8cdce0f-6cd7-49d4-87f8-65ed19f11b51','2018-02-10 11:13:03','2018-02-10 11:13:03',NULL,NULL,NULL,NULL,NULL,NULL,NULL,NULL,NULL,NULL),('9211750053022','OXSY GIANDI','10985ca7-00b2-4ab8-9f43-6d57eeb47861','2018-02-10 11:13:03','2018-02-10 11:13:03',NULL,NULL,NULL,NULL,NULL,NULL,NULL,NULL,NULL,NULL),('9211750053023','RANDY PRADANA KUSHATMAJA','73061ba7-4270-44bd-97dd-7d8292049bd7','2018-02-10 11:13:03','2018-02-10 11:13:03',NULL,NULL,NULL,NULL,NULL,NULL,NULL,NULL,NULL,NULL),('9211750053024','MUHTAROM WIDODO','2176b584-bd62-46dc-b4bb-f47384a4bb69','2018-02-10 11:13:03','2018-02-10 11:13:03',NULL,NULL,NULL,NULL,NULL,NULL,NULL,NULL,NULL,NULL),('9211750053025','YUDA DIAN HARJA','4ea083e1-5b0b-4129-bb5b-9ce2eaaea777','2018-02-10 11:13:03','2018-02-10 11:13:03',NULL,NULL,NULL,NULL,NULL,NULL,NULL,NULL,NULL,NULL),('9211750053026','DESI WULANDARI','d5703f0a-dd60-4e46-9091-db43bb8fcb5c','2018-02-10 11:13:03','2018-02-10 11:13:03',NULL,NULL,NULL,NULL,NULL,NULL,NULL,NULL,NULL,NULL),('9211750053027','REZA OKTORIO SAPUTRO','3db8c963-384a-496e-afb5-7888ce2ee6cf','2018-02-10 11:13:03','2018-02-10 11:13:03',NULL,NULL,NULL,NULL,NULL,NULL,NULL,NULL,NULL,NULL),('9211750053028','CHRISTRIANTO RAMLI','a3a5d4ac-6eec-48b2-92a8-9dc73ea9fea2','2018-02-10 11:13:03','2018-02-10 11:13:03',NULL,NULL,NULL,NULL,NULL,NULL,NULL,NULL,NULL,NULL),('9211750053029','AHMAD YUSUF ARDIANSYAH','9feb3a03-7e4e-4aa2-96f0-0868db3c2ada','2018-02-10 11:13:03','2018-02-10 11:13:03',NULL,NULL,NULL,NULL,NULL,NULL,NULL,NULL,NULL,NULL),('9211750054001','SINARRING AZI LAGA','509d834a-3c10-48f6-8179-caf76640fdc5','2018-02-10 11:13:03','2018-02-10 11:13:03',NULL,NULL,NULL,NULL,NULL,NULL,NULL,NULL,NULL,NULL),('9211750054002','DAFIED ANGGARA PUTRA','03dd0a70-3fa4-49c9-b5a4-103f59851b78','2018-02-10 11:13:03','2018-02-10 11:13:03',NULL,NULL,NULL,NULL,NULL,NULL,NULL,NULL,NULL,NULL),('9211750054003','RAKA RAHARDIANTO','3c194345-d08a-485f-bac4-333e57605058','2018-02-10 11:13:03','2018-02-10 11:13:03',NULL,NULL,NULL,NULL,NULL,NULL,NULL,NULL,NULL,NULL),('9211750054004','IMAM TURMUDI','f6c01c76-f58c-4674-ae90-6ff77ac7e945','2018-02-10 11:13:03','2018-02-10 11:13:03',NULL,NULL,NULL,NULL,NULL,NULL,NULL,NULL,NULL,NULL),('9211750054005','TIAR ANINDYA PUTRI','02c31286-0b98-4a40-a8ea-8fa601762a98','2018-02-10 11:13:03','2018-02-10 11:13:03',NULL,NULL,NULL,NULL,NULL,NULL,NULL,NULL,NULL,NULL),('9211750054006','ADIBA SABILLA AJRINA','85e6c6ef-1a50-4c35-8b56-cb2e712660b2','2018-02-10 11:13:03','2018-02-10 11:13:03',NULL,NULL,NULL,NULL,NULL,NULL,NULL,NULL,NULL,NULL),('9211750054007','CHYNTIA KUMLASARI PUTERI','4dd6092d-7041-4094-82e9-a81e6d500460','2018-02-10 11:13:03','2018-02-10 11:13:03',NULL,NULL,NULL,NULL,NULL,NULL,NULL,NULL,NULL,NULL),('9211750054008','AFIFA FILIANI SEHATO','c094f04f-79ac-4a11-a457-e8efa5ba5381','2018-02-10 11:13:03','2018-02-10 11:13:03',NULL,NULL,NULL,NULL,NULL,NULL,NULL,NULL,NULL,NULL),('9211750054009','CECILIA STEPHANIE','ea742e0e-f19e-454a-9bc4-3a09200541c6','2018-02-10 11:13:03','2018-02-10 11:13:03',NULL,NULL,NULL,NULL,NULL,NULL,NULL,NULL,NULL,NULL),('9211750054010','VEGY LUTHFIAN FENDI TAUFIQ','70e5c3ca-ff1c-433b-9bcb-4b07cf2ab4c0','2018-02-10 11:13:03','2018-02-10 11:13:03',NULL,NULL,NULL,NULL,NULL,NULL,NULL,NULL,NULL,NULL),('9211750054011','BERLIAN RAHMY LIDIAWATY','e975f925-1d2b-4710-b344-bbe0499a4839','2018-02-10 11:13:03','2018-02-10 11:13:03',NULL,NULL,NULL,NULL,NULL,NULL,NULL,NULL,NULL,NULL),('9211750054012','RYCO PUJI SETYONO','aa2bca05-4657-4542-aa07-3f6583e16389','2018-02-10 11:13:03','2018-02-10 11:13:03',NULL,NULL,NULL,NULL,NULL,NULL,NULL,NULL,NULL,NULL),('9211750054014','LIA NINDA SAFITRI','5f181496-85d1-4b47-984e-a26559ecf66f','2018-02-10 11:13:03','2018-02-10 11:13:03',NULL,NULL,NULL,NULL,NULL,NULL,NULL,NULL,NULL,NULL),('9211750054015','VICTORY TYAS PAMBUDI SWINDIARTO','89a2b427-3de9-4e0e-a88e-5301a4cda2e2','2018-02-10 11:13:03','2018-02-10 11:13:03',NULL,NULL,NULL,NULL,NULL,NULL,NULL,NULL,NULL,NULL),('9211750055001','DEBBIE AMALINA','97007872-aa55-436b-93de-3a34988bf577','2018-02-10 11:13:03','2018-02-10 11:13:03',NULL,NULL,NULL,NULL,NULL,NULL,NULL,NULL,NULL,NULL),('9211750055002','DIAH OKTAVIA','139b6cf8-56cd-46dd-8444-8c31c138b379','2018-02-10 11:13:03','2018-02-10 11:13:03',NULL,NULL,NULL,NULL,NULL,NULL,NULL,NULL,NULL,NULL),('9211750055003','IQBAL GRADY FAVIAN','09ff1ff2-770c-4627-9127-bcae860a963f','2018-02-10 11:13:03','2018-02-10 11:13:03',NULL,NULL,NULL,NULL,NULL,NULL,NULL,NULL,NULL,NULL),('9211750055004','BAMBANG TRIMARYANTO','d0ee0c42-5b69-4a5c-b7cf-5915a2134f4b','2018-02-10 11:13:03','2018-02-10 11:13:03',NULL,NULL,NULL,NULL,NULL,NULL,NULL,NULL,NULL,NULL),('9211750055041','FAQIH DAMARALAM','6d894413-f331-426c-b605-589742d3960e','2018-02-10 11:13:03','2018-02-10 11:13:03',NULL,NULL,NULL,NULL,NULL,NULL,NULL,NULL,NULL,NULL),('s','s','bcd47ec7-ebb9-4821-94bb-4d4e420b80cd','2018-02-08 10:36:37','2018-02-08 10:36:37',NULL,NULL,NULL,NULL,NULL,NULL,NULL,NULL,NULL,NULL);
/*!40000 ALTER TABLE `mahasiswa` ENABLE KEYS */;
UNLOCK TABLES;

--
-- Table structure for table `matakuliah`
--

DROP TABLE IF EXISTS `matakuliah`;
/*!40101 SET @saved_cs_client     = @@character_set_client */;
/*!40101 SET character_set_client = utf8 */;
CREATE TABLE `matakuliah` (
  `id_matkul` varchar(255) NOT NULL,
  `nama_matkul` varchar(1024) DEFAULT NULL,
  `created_at` timestamp NULL DEFAULT NULL,
  `updated_at` timestamp NULL DEFAULT NULL,
  PRIMARY KEY (`id_matkul`)
) ENGINE=InnoDB DEFAULT CHARSET=utf8;
/*!40101 SET character_set_client = @saved_cs_client */;

--
-- Dumping data for table `matakuliah`
--

LOCK TABLES `matakuliah` WRITE;
/*!40000 ALTER TABLE `matakuliah` DISABLE KEYS */;
INSERT INTO `matakuliah` VALUES ('PM147201','Sistem dan Teknologi Informasi','2018-02-10 10:27:31','2018-02-10 10:27:31'),('PM147202','Statistik Bisnis','2018-02-10 10:27:53','2018-02-10 10:27:53'),('PM147203','Manajemen Teknologi dan Inovasi','2018-02-10 10:27:09','2018-02-10 10:27:09'),('PM147204','Analisis dan Sistem Keputusan','2018-02-09 14:32:13','2018-02-09 14:32:13'),('PM147205','Etika Bisnis','2018-02-10 10:16:23','2018-02-10 10:16:23'),('PM147301','Manajemen Proyek','2018-02-12 18:30:12','2018-02-12 18:30:12'),('PM147302','Manajemen Sumber Daya Manusia','2018-02-10 10:26:30','2018-02-10 10:26:30'),('PM147303','Manajemen Keuangan','2018-02-10 10:16:44','2018-02-10 10:16:44'),('PM147304','Manajemen Pemasaran','2018-02-10 10:19:54','2018-02-10 10:19:54'),('PM147305','Manajemen Strategi','2018-02-10 10:24:51','2018-02-10 10:24:51'),('PM147411','Manajemen Operasional','2018-02-10 10:19:32','2018-02-10 10:19:32'),('PM147412','Manajemen Logistik dan Rantai Pasok','2018-02-10 10:17:39','2018-02-10 10:17:39'),('PM147413','Manajemen Kualitas dan Reliabilitas','2018-02-10 10:17:20','2018-02-10 10:17:20'),('PM147414','Capita Selekta Sistim Industri','2018-02-10 10:14:57','2018-02-10 10:14:57'),('PM147421','Manajemen Kontrak','2018-02-10 10:34:02','2018-02-10 10:34:02'),('PM147422','Manajemen Nilai','2018-02-10 10:36:46','2018-02-10 10:36:46'),('PM147423','Manajemen Kualitas dan Resiko','2018-02-10 10:36:27','2018-02-10 10:36:27'),('PM147424','Analisis Investasi Proyek','2018-02-10 10:33:15','2018-02-10 10:33:15'),('PM147451','Manajemen Data','2018-02-10 10:42:59','2018-02-10 10:42:59'),('PM147452','Rekayasa Kebutuhan dan Desain Sistem','2018-02-10 10:43:55','2018-02-10 10:43:55'),('PM147453','E-Business','2018-02-10 10:37:50','2018-02-10 10:37:50'),('PM147454','Audit IT','2018-02-10 10:37:29','2018-02-10 10:37:29'),('PM147473','Ekonomi Maritim','2018-02-10 10:44:57','2018-02-10 10:44:57'),('PM147501','Tesis','2018-02-10 10:32:44','2018-02-10 10:32:44');
/*!40000 ALTER TABLE `matakuliah` ENABLE KEYS */;
UNLOCK TABLES;

--
-- Table structure for table `mesin_log`
--

DROP TABLE IF EXISTS `mesin_log`;
/*!40101 SET @saved_cs_client     = @@character_set_client */;
/*!40101 SET character_set_client = utf8 */;
CREATE TABLE `mesin_log` (
  `id` varchar(255) NOT NULL DEFAULT '',
  `tipe` varchar(255) DEFAULT NULL,
  `id_kelas` varchar(255) DEFAULT NULL,
  `ip` varchar(255) DEFAULT NULL,
  `id_kelas_baru` varchar(255) DEFAULT NULL,
  `created_at` timestamp NULL DEFAULT NULL,
  `updated_at` timestamp NULL DEFAULT NULL,
  `socket_id` varchar(255) DEFAULT NULL,
  PRIMARY KEY (`id`)
) ENGINE=InnoDB DEFAULT CHARSET=utf8;
/*!40101 SET character_set_client = @saved_cs_client */;

--
-- Dumping data for table `mesin_log`
--

LOCK TABLES `mesin_log` WRITE;
/*!40000 ALTER TABLE `mesin_log` DISABLE KEYS */;
INSERT INTO `mesin_log` VALUES ('00b283a7-733d-4bb4-a261-b6c3151fd07f','nyala','IF-103','192.168.8.215',NULL,'2018-04-30 13:07:41','2018-04-30 13:07:40','fk1EV68ptvDke-VCAAAG'),('060f0c8c-f3d7-47be-9558-ce3ce091627b','mati','IF-103','192.168.8.215',NULL,'2018-04-30 13:09:45','2018-04-30 13:09:45','fk1EV68ptvDke-VCAAAG'),('1f274710-5ff9-4c49-9a4a-7ce0a6cafe27','nyala','IF-102','192.168.8.216',NULL,'2018-04-30 13:10:19','2018-04-30 13:10:19','yVHFVJf4EeMIwgyRAAAN'),('22e77535-7842-403c-8d5f-3e3abf253eea','nyala',NULL,NULL,NULL,'2018-04-30 12:22:34','2018-04-30 12:22:34','QOMM_a5UQ8ryk5TzAAAA'),('24b02a6f-6e6a-4c80-9f5e-17f10d067839','nyala',NULL,NULL,NULL,'2018-04-30 12:22:34','2018-04-30 12:22:34','nmavaMzmqdfzvkIBAAAB'),('2ad289e4-9fac-4000-b53f-82d6c724a57c','nyala','IF-103','192.168.8.215',NULL,'2018-04-30 13:11:46','2018-04-30 13:11:46','zW_oc4SZGrMNx9jJAAAR'),('2f4f101a-846d-47dc-a84a-2bf77bd5946a','nyala','IF-103','192.168.8.215',NULL,'2018-04-30 13:14:04','2018-04-30 13:14:04','xyL_-EyIepB88ToWAAAU'),('38418e25-6a62-41ab-bffb-70a2630953ec','mati','IF-103','192.168.8.215',NULL,'2018-04-30 12:58:07','2018-04-30 12:58:07','n5rYhmg9wd_k49EBAAAC'),('3df3efcd-ff95-4e51-96d5-52224e40cccc','nyala','IF-102','192.168.8.216',NULL,'2018-04-30 12:59:19','2018-04-30 12:59:19','uVbzdnw3DX_5co_eAAAL'),('47f8e142-2d08-4ccb-8feb-428184fd2274','gantiHost','IF-103','192.168.8.215','208','2018-04-30 13:08:08','2018-04-30 13:08:08','fk1EV68ptvDke-VCAAAG'),('4956774d-73d3-4112-8425-b48d790df9b1','mati','IF-102','192.168.8.216',NULL,'2018-04-30 12:59:42','2018-04-30 12:59:41','uVbzdnw3DX_5co_eAAAL'),('4e289554-50cb-47a3-a68a-2fac62fc01eb','nyala','214','192.168.8.216',NULL,'2018-04-30 13:48:20','2018-04-30 13:48:20','1LnvBoGT_AcIrMrLAAAD'),('4edaa011-5582-4cf1-8179-b08d5709fb38','gantiHost','IF-103','192.168.8.215','207','2018-04-30 13:10:36','2018-04-30 13:10:35','n_q56CRuC4KCN03fAAAO'),('55a173cc-9c1f-4555-a269-ce58e013a22c','gantiHost','213','192.168.8.216','214','2018-04-30 13:29:29','2018-04-30 13:29:29','uOBAhHM5dg6bylB4AAAb'),('5dd43492-27a7-4b1f-a9a6-205bf94afd7a','mati','IF-102','192.168.8.216',NULL,'2018-04-30 13:09:42','2018-04-30 13:09:41','5-hEuqhdbozt0_uRAAAA'),('67cef78a-09a5-49a3-8f23-e881e771fa1a','nyala','IF-103','192.168.8.215',NULL,'2018-04-30 12:54:59','2018-04-30 12:54:58','n5rYhmg9wd_k49EBAAAC'),('707fbdc9-da77-44e7-8dc1-65c803356bf9','nyala','IF-102','192.168.8.216',NULL,'2018-04-30 13:15:14','2018-04-30 13:15:14','clbjRmy0jZ2WZem0AAAW'),('73c0af67-fd11-4dbc-8716-61e64fb31f1b','mati','IF-103','192.168.8.215',NULL,'2018-04-30 13:16:21','2018-04-30 13:16:21','xyL_-EyIepB88ToWAAAU'),('83747095-0df1-469b-81c0-241f0d216271','mati','IF-102','192.168.8.216',NULL,'2018-04-30 13:18:00','2018-04-30 13:17:59','clbjRmy0jZ2WZem0AAAW'),('8a1de83e-a938-44ad-a910-a4e906e99de0','gantiHost','IF-103','192.168.8.215','207','2018-04-30 13:14:29','2018-04-30 13:14:28','xyL_-EyIepB88ToWAAAU'),('8c9d0a73-960d-4d7a-a24c-43a8766400b4','gantiHost','IF-102','192.168.8.216','207','2018-04-30 13:07:42','2018-04-30 13:07:41','5-hEuqhdbozt0_uRAAAA'),('906f501a-0f21-4ddc-88dc-9c8f692b85a8','mati','IF-103','192.168.8.215',NULL,'2018-04-30 13:13:21','2018-04-30 13:13:21','zW_oc4SZGrMNx9jJAAAR'),('91fe7bb4-cf9f-4f84-95a1-279da6df6d94','mati','IF-103','192.168.8.215',NULL,'2018-04-30 13:11:27','2018-04-30 13:11:26','n_q56CRuC4KCN03fAAAO'),('9db1d779-6341-4226-93bc-e07fd55d4037','mati','IF-103','192.168.8.215',NULL,'2018-04-30 13:07:24','2018-04-30 13:07:24','BMOMYDcJ1Sf-biaZAAAC'),('a9738942-567d-45eb-aede-4a0dfcc28b41','gantiHost','IF-102','192.168.8.216','207','2018-04-30 13:06:11','2018-04-30 13:06:10','5-hEuqhdbozt0_uRAAAA'),('b2532476-e252-4bb1-8e58-0cf387f61f05','nyala','IF-102','192.168.8.216',NULL,'2018-04-30 13:05:56','2018-04-30 13:05:55','5-hEuqhdbozt0_uRAAAA'),('b718c787-6782-4f1d-a103-3b71714a0fbd','mati','IF-102','192.168.8.216',NULL,'2018-04-30 13:14:38','2018-04-30 13:14:37','yVHFVJf4EeMIwgyRAAAN'),('b853583d-9cea-44af-9f8e-959c4cabe331','flush','207','192.168.8.215',NULL,'2018-04-30 13:25:34','2018-04-30 13:25:33','cSI3TLcXXJbebu_wAAAY'),('c101b467-2b4e-4b9c-b1a4-00d40380b5fa','gantiHost','IF-103','192.168.8.215','207','2018-04-30 13:11:53','2018-04-30 13:11:53','zW_oc4SZGrMNx9jJAAAR'),('c7067699-7cd7-44d0-b30c-0fd90098df96','gantiHost','IF-102','192.168.8.216','213','2018-04-30 13:17:52','2018-04-30 13:17:51','clbjRmy0jZ2WZem0AAAW'),('cc50ff54-f1e1-4bd3-b04e-f70a5ecc30ea','nyala','213','192.168.8.216',NULL,'2018-04-30 13:18:35','2018-04-30 13:18:35','uOBAhHM5dg6bylB4AAAb'),('cd72fb8e-0c7c-4609-a7f1-6d693b990ed2','mati','213','192.168.8.216',NULL,'2018-04-30 13:30:38','2018-04-30 13:30:38','uOBAhHM5dg6bylB4AAAb'),('e1b1d39b-1b45-4b64-aa6a-00affa317640','nyala','207','192.168.8.215',NULL,'2018-04-30 13:48:16','2018-04-30 13:48:15','DsZ9ipyLetWm3tXuAAAC'),('e3be6d51-ea01-47a2-93ce-ec141ed9d668','gantiHost','IF-103','192.168.8.215','207','2018-04-30 12:55:12','2018-04-30 12:55:12','n5rYhmg9wd_k49EBAAAC'),('f0008a14-3c3d-4584-b2dc-38bd0e75d8f2','nyala','214','192.168.8.216',NULL,'2018-04-30 13:31:14','2018-04-30 13:31:13','ckEhei4FHED4llymAAAe'),('f0b78022-073f-4416-929f-1f3d00f92794','nyala','IF-103','192.168.8.215',NULL,'2018-04-30 13:05:59','2018-04-30 13:05:59','BMOMYDcJ1Sf-biaZAAAC'),('f7562a73-f641-4f56-a3dd-cde0a1a926b7','nyala','207','192.168.8.215',NULL,'2018-04-30 13:17:00','2018-04-30 13:17:00','cSI3TLcXXJbebu_wAAAY'),('fe804527-e766-457b-891c-0b5be56e53f1','nyala','IF-103','192.168.8.215',NULL,'2018-04-30 13:10:26','2018-04-30 13:10:26','n_q56CRuC4KCN03fAAAO');
/*!40000 ALTER TABLE `mesin_log` ENABLE KEYS */;
UNLOCK TABLES;

--
-- Table structure for table `users`
--

DROP TABLE IF EXISTS `users`;
/*!40101 SET @saved_cs_client     = @@character_set_client */;
/*!40101 SET character_set_client = utf8 */;
CREATE TABLE `users` (
  `id` varchar(255) NOT NULL DEFAULT '',
  `name` varchar(1024) DEFAULT NULL,
  `password` varchar(1024) DEFAULT NULL,
  `email` varchar(1024) DEFAULT NULL,
  `username` varchar(1024) DEFAULT NULL,
  `remember_token` varchar(1024) DEFAULT NULL,
  `created_at` timestamp NOT NULL DEFAULT CURRENT_TIMESTAMP ON UPDATE CURRENT_TIMESTAMP,
  `updated_at` timestamp NOT NULL DEFAULT '0000-00-00 00:00:00',
  `role` varchar(255) DEFAULT NULL,
  PRIMARY KEY (`id`),
  UNIQUE KEY `email` (`email`),
  UNIQUE KEY `username` (`username`)
) ENGINE=InnoDB DEFAULT CHARSET=utf8;
/*!40101 SET character_set_client = @saved_cs_client */;

--
-- Dumping data for table `users`
--

LOCK TABLES `users` WRITE;
/*!40000 ALTER TABLE `users` DISABLE KEYS */;
INSERT INTO `users` VALUES ('0024f73e-4200-4fa8-82c3-cc90d5e0071b',NULL,'$2y$10$o6uu/6EJd9GO0AHtBZNfFegzDf6PLAiDYVgQxTo73qQ9R/tE8Ukd2',NULL,'9211750053006',NULL,'2018-02-10 11:13:03','2018-02-10 11:13:03','mahasiswa'),('002741b8-58f2-40cc-8373-9b40fda914e4',NULL,'$2y$10$ANz0D1NhE.ng7QJ2UfUMBuiVLOkZOPTnnfxoPjgs7dnElpYODTBo2',NULL,'9211650013011',NULL,'2018-02-09 14:29:37','2018-02-09 14:29:37','mahasiswa'),('002b1a27-020a-47f2-906e-79d54778f5d4',NULL,'$2y$10$eN9PTftz6k5vQY5CyB2Qe.Aft0WT/9SDjGtyhEAjk0erMTK6J4Tvu',NULL,'LB-MULY',NULL,'2018-02-10 10:50:28','2018-02-10 10:50:28','dosen'),('011c67b4-b81a-4bdb-ab93-592b8101184d',NULL,'$2y$10$rBoXYwOxxgNj6TkJFGzfkOsFrM1R2jx0RBy/noE9VfEYQ2CVMqjdi',NULL,'9211650053001',NULL,'2018-02-10 11:13:03','2018-02-10 11:13:03','mahasiswa'),('0178df27-413d-4c6e-b063-320c304e3d47',NULL,'$2y$10$JzrmNsNfFysqCNOLL5C4iOh8m.6QKVrsHdkRKA6JFUQnXLHs33QwO',NULL,'9211750014024',NULL,'2018-02-09 14:29:37','2018-02-09 14:29:37','mahasiswa'),('01a27cff-b62d-4255-ba48-5bae3e35683f',NULL,'$2y$10$E8.U5JTjvJAnPWGbpEDLNOPhlHkvSocNtWrg4D41D1KVzXx4HeH66',NULL,'9211750025019',NULL,'2018-02-10 11:13:03','2018-02-10 11:13:03','mahasiswa'),('02c31286-0b98-4a40-a8ea-8fa601762a98',NULL,'$2y$10$QiGLAnMh/VznNs0x9z5O0uvNi9GmZ8t4GksTeIDPtEFJV13aagPBW',NULL,'9211750054005',NULL,'2018-02-10 11:13:03','2018-02-10 11:13:03','mahasiswa'),('02da7400-5f92-4d7c-8801-84f407f4fab1',NULL,'$2y$10$GHQfqEQOXQwwLswpIyKkJuw2cN0hr.khr6PZ5WcqORoQryeP.rg5W',NULL,'1.98202022014041e17',NULL,'2018-02-10 10:50:28','2018-02-10 10:50:28','dosen'),('03023b8e-c5a9-4e68-8a98-b97f4e9c532f',NULL,'$2y$10$NXtvvqbcf8X.IT58J3Cxhu/AuZzq5t/NRFVmQ6c724P4PeVypu4hu',NULL,'9211750053017',NULL,'2018-02-10 11:13:03','2018-02-10 11:13:03','mahasiswa'),('03929d76-4101-4a34-8858-66c4ded1d17b',NULL,'$2y$10$j59Qr97Bmy1BSbTS2JMV7uioEDY0zEVz6tshDaMC4R/krbv0itt.2',NULL,'1.95307061984032e17',NULL,'2018-02-10 10:50:28','2018-02-10 10:50:28','dosen'),('03dd0a70-3fa4-49c9-b5a4-103f59851b78',NULL,'$2y$10$.pulBvqc2WwBp4RzsVfVN.CGdf/R7N8nVr8Sl1ZFkTUXxlTzj8qsK',NULL,'9211750054002',NULL,'2018-02-10 11:13:03','2018-02-10 11:13:03','mahasiswa'),('03f719a7-565d-432d-b105-c3870b6dc71b',NULL,'$2y$10$e1NStxJJm0nJrYuibQCyTuJGksW65H/Vnve1grDg2j6DBJ5Vt6J2W',NULL,'18',NULL,'2018-02-09 14:41:15','2018-02-09 14:41:15','dosen'),('048c74c4-35d0-4dc0-a94b-fec3912278f7',NULL,'$2y$10$L/VbwWDmprNwTqFedK1KgO5jYOW0h8TcBFrwz3wTP.rgNKHYnPSwS',NULL,'91000017',NULL,'2018-02-10 11:01:51','2018-02-10 11:01:51','dosen'),('04a28806-f0bf-45f4-91c9-34e8565bf237',NULL,'$2y$10$HUyrfNJ84ovTUURaFDLR.Oi7emV1/rOFr7EDJg6octdR1M8MA2a5y',NULL,'9211650054024',NULL,'2018-02-10 11:13:03','2018-02-10 11:13:03','mahasiswa'),('04c6f113-5690-4e1e-aaf5-8dd918a8ec02',NULL,'$2y$10$Dofh.B1mFoIC2akKC5wvvuGfpK.M9grwS89lmFByZ84ayHchhP7B2',NULL,'45',NULL,'2018-02-09 14:41:15','2018-02-09 14:41:15','dosen'),('04d9b64c-d438-4207-92aa-f7bd8a2646a3',NULL,'$2y$10$T7S.1xlHSKwgml7Tl6nCDOOhMo5dNdqE8dmEi2M6PuzoPTrHkJfnG',NULL,'DE002',NULL,'2018-02-10 10:50:28','2018-02-10 10:50:28','dosen'),('05194567-768e-4265-9c88-f1fe77481d51',NULL,'$2y$10$Unj3.XP4yfvSwG4.Gqx3buI42IuqFm98Tl6mS4UNh4UoxGpV1DDgy',NULL,'DL 00000',NULL,'2018-02-10 10:50:28','2018-02-10 10:50:28','dosen'),('055c9a3f-13b7-4c8d-bc5b-7dbfd4f5a4cf',NULL,'$2y$10$RyP3ZqIIvL4iUZS/yxNbiONEdQIORB519EtfdNZV6rY2OIukolJOW',NULL,'9211650025003',NULL,'2018-02-10 11:13:03','2018-02-10 11:13:03','mahasiswa'),('0560df43-4f5f-4dd9-a605-b36842d4ca4c',NULL,'$2y$10$OI6Amkco4nVfqcsUd7MOCe1hxaYOS7jnwe15RclLGR.a4f8cYJMKO',NULL,'9211750053013',NULL,'2018-02-10 11:13:03','2018-02-10 11:13:03','mahasiswa'),('0582e96f-370d-4bdb-abbf-65fb94c3b24e',NULL,'$2y$10$Zk78OrrptiSnznydUNeDye9un6NxeOo1ipVi6r1PLA4D3K7E0CZPm',NULL,'1.95503081979031e17',NULL,'2018-02-10 10:50:28','2018-02-10 10:50:28','dosen'),('05b14696-bee2-4247-a6a6-883f1ae8e21e',NULL,'$2y$10$V4MK3xNA.SLL2cb7ZldYsOrKjRUNofMkjJWG/6BSsdxSMzwBpbfea',NULL,'9211650013010',NULL,'2018-02-09 14:29:37','2018-02-09 14:29:37','mahasiswa'),('05c3ae36-e1d8-4bba-8e8f-054bb98d3a6e',NULL,'$2y$10$phfeoyhVTjPqv4Qb2505JeCy.59b7/Kq6StzK96fM5GK4Mkzdy9bS',NULL,'9211750014017',NULL,'2018-02-09 14:29:37','2018-02-09 14:29:37','mahasiswa'),('065b5d4d-d912-4c5c-a8fa-813355800ace',NULL,'$2y$10$sp8RSRs14Qj85VWzLWO7F.Xktv003FFJ9MJHJMAyzH.JizmYjnrQu',NULL,'DD002',NULL,'2018-02-10 10:50:28','2018-02-10 10:50:28','dosen'),('071ca879-3599-4180-82ed-822d285f0d64',NULL,'$2y$10$4IUZDEUFLCNCdJe/Y4eJbeydabx.hrk09OI3QQL327TyD.neg9I/i',NULL,'32',NULL,'2018-02-09 14:41:15','2018-02-09 14:41:15','dosen'),('081a7efd-8081-41b7-be87-f58e8bc519d3',NULL,'$2y$10$Wq2XT9zFEJl0Y1vRfpYD7ujNKLDrf4nRzE57d3DlE5KpxK/0qTgja',NULL,'38',NULL,'2018-02-09 14:41:15','2018-02-09 14:41:15','dosen'),('08fb0451-375b-4d48-8cbe-6d644b51cae3',NULL,'$2y$10$9SVDgVy3AizJWAkHn9DfJuBYD20u.OcYVqKze8G6IxgkedYI5QEA2',NULL,'9211650054017',NULL,'2018-02-10 11:13:03','2018-02-10 11:13:03','mahasiswa'),('08fe460c-a32b-4b76-aecd-a261b48cb3fa',NULL,'$2y$10$nfmlZWPvKGBREnenmr9U9u7qSS.alQiHnIC69FcxozdhgzMWEKO9m',NULL,'91000004',NULL,'2018-02-10 11:01:51','2018-02-10 11:01:51','dosen'),('091fc0a4-e03f-4102-af06-544eca82b1dc',NULL,'$2y$10$we7Gfif6zaGYInOvUzasXOm.Kqp9KYgPlYFJWcbbLlYhpoplEShhi',NULL,'9211650013021',NULL,'2018-02-09 14:29:37','2018-02-09 14:29:37','mahasiswa'),('095ba577-1922-47b1-9241-71d91b4e449c',NULL,'$2y$10$RQEUQMNq8IRW7NwlZo2woeqIdSLxXBMqK/Cpgc25kaAT40d7mOHba',NULL,'130877553',NULL,'2018-02-10 10:50:28','2018-02-10 10:50:28','dosen'),('09857bb5-bf3c-49e9-92b7-a50f179a6503',NULL,'$2y$10$YEUGTi79F3.epxI/reFkqO.e49/oJoiGrZ9dA6i..JAazEMBPfAuu',NULL,'91000090',NULL,'2018-02-10 11:01:51','2018-02-10 11:01:51','dosen'),('09a9d73b-fbf8-4d5b-9c47-08e100a98cde',NULL,'$2y$10$5DHVKWO5THy4TxZoW.Ry5ONWFfJQmv4b9SE0FGhtEt2XScLzVA/K.',NULL,'1.97207051998021e17',NULL,'2018-02-10 10:50:28','2018-02-10 10:50:28','dosen'),('09ff1ff2-770c-4627-9127-bcae860a963f',NULL,'$2y$10$wG81aTLidMacN21GFquTC.u2KWyo53X/Z6YOZVEELOORnwHgbcxNW',NULL,'9211750055003',NULL,'2018-02-10 11:13:03','2018-02-10 11:13:03','mahasiswa'),('0a2ff3ea-7f9d-45df-b764-744bcca0d6fb',NULL,'$2y$10$EBZ4sl0V7rh7AI5fu8V0IOvbqIGE42Lz3qanOqkyWUzunlrJU009q',NULL,'DY003',NULL,'2018-02-10 10:50:28','2018-02-10 10:50:28','dosen'),('0a3e4052-a6c2-41f7-89e7-98f6e8f1c5e5',NULL,'$2y$10$08dFasVJ2JgH688lASzvseL16fOd23AxOA3vOhAoDggpwqlU.DKqa',NULL,'9211650023018',NULL,'2018-02-10 11:13:03','2018-02-10 11:13:03','mahasiswa'),('0a739850-4a23-4e1e-a1ee-755114ceb82f',NULL,'$2y$10$GxsAq0T2BnMxvV.LWXn/8ePag15RfXYsI/kP4tEthWXC106F2qh7O',NULL,'9211650023009',NULL,'2018-02-10 11:13:03','2018-02-10 11:13:03','mahasiswa'),('0a9bc7fe-6e3b-4ab1-a16a-559a559f3e74',NULL,'$2y$10$sRu1h9oasf79J/NiHuEUg.O/MplQQ7.IIYpgc7tvhetmVqsO0Gq4K',NULL,'DG002',NULL,'2018-02-10 10:50:28','2018-02-10 10:50:28','dosen'),('0ad09379-e33e-46df-b37d-921db21874e3',NULL,'$2y$10$5VPb8ImwpVchlMk6B.NHe.TsQbPPW/QH/j8ts7BNo5KcLB0ncT83W',NULL,'9211650014025',NULL,'2018-02-09 14:29:37','2018-02-09 14:29:37','mahasiswa'),('0b6f5f74-bc52-494c-a5b2-ab9746de9d33',NULL,'$2y$10$57C3ob6m/h1TkhNV5W4gAO7HQtGJW83NhMwGgCAyucvc5Hn28G9Ie',NULL,'131842492',NULL,'2018-02-10 10:50:28','2018-02-10 10:50:28','dosen'),('0bb1baa9-1641-478d-beb7-c382c4724238',NULL,'$2y$10$jzjY6mjzHcWgRqqggnS9AeRv6ELPNf4VJQv56gmOHilctrm9UwkEO',NULL,'9211650023007',NULL,'2018-02-10 11:13:03','2018-02-10 11:13:03','mahasiswa'),('0c18c9f1-f6d1-4b63-8687-d4f623d80333',NULL,'$2y$10$nbouIY500vvgnjgZft0l/.4grLGa//GO/eUkL/e6p//CjtZ63AuIi',NULL,'9211650016005',NULL,'2018-02-09 14:29:37','2018-02-09 14:29:37','mahasiswa'),('0c1d7141-d27d-4316-ada9-206c4ed8c18c',NULL,'$2y$10$ey/VyUS7HXvqiWpfyS4ALOAKjRYxkB88LCCoPj0Y10dPskOO82HPa',NULL,'9211750014004',NULL,'2018-02-09 14:29:37','2018-02-09 14:29:37','mahasiswa'),('0c911bfe-5e99-4352-af10-1b034704d038',NULL,'$2y$10$XNjFQT6qScPPFpbDd8aycO8aSiZrvZeHWAPUz1sTiozvcCPOlC57e',NULL,'9211650023008',NULL,'2018-02-10 11:13:03','2018-02-10 11:13:03','mahasiswa'),('0cb77501-5b64-48b8-bda1-5812835dc420',NULL,'$2y$10$o3iUlq..AXPKtrMUOl.0xeK.1tlOP534ZMvwtnv0Iq3JW37TbveBG',NULL,'9211750024005',NULL,'2018-02-10 11:13:03','2018-02-10 11:13:03','mahasiswa'),('0d3e4750-e98a-4ce6-a3bf-6c77468a9c49',NULL,'$2y$10$3w91tdhAVsrneUuyWos4s.7OC0myaVuA3f2vSiv0T.GL7PFTEbf6m',NULL,'131843378',NULL,'2018-02-10 10:50:28','2018-02-10 10:50:28','dosen'),('0d4974a4-2a90-4cfc-825d-263860047f36',NULL,'$2y$10$6SOTvxVjaVD9YSnWCPTg0epd9rWzIIXnBz9RXYnfgE0G3bma54W/e',NULL,'9',NULL,'2018-02-09 14:41:15','2018-02-09 14:41:15','dosen'),('0d4ce3d6-2f48-40f2-9424-21e5981fef94',NULL,'$2y$10$YNsi2I0pQz6Xax2kd4ORqO5aMUF9jmo2GV/2ofB/BxETTtdz5ibYK',NULL,'9211650053021',NULL,'2018-02-10 11:13:03','2018-02-10 11:13:03','mahasiswa'),('0d7c1915-0e27-4eef-96d5-a546f75d8372',NULL,'$2y$10$rBuTX/Niz7NFsuZGztWm6emLujtQSMUciQ9zT8OfAGEgu4SdNbydG',NULL,'9211750023017',NULL,'2018-02-10 11:13:03','2018-02-10 11:13:03','mahasiswa'),('0d97fce3-96bd-49bc-954e-1894ebc07e89',NULL,'$2y$10$fvOyxPUQMZRyBP.X3OPCYOLQ4YeDIIy3sVgXabye8MJ/lZSYZy126',NULL,'130532021',NULL,'2018-02-10 10:50:28','2018-02-10 10:50:28','dosen'),('0dfa648d-f5a2-449b-8ef6-302fa4f8792c',NULL,'$2y$10$tl3/UZcsnO78R5fiz7Wz.endjdvzQUm/hjfzywekSAA6e.TVGG6By',NULL,'9211650015007',NULL,'2018-02-09 14:29:37','2018-02-09 14:29:37','mahasiswa'),('0dfa7c46-ebdd-4b67-a345-8c267d3f6a48',NULL,'$2y$10$iKNtrDPVITxSMHUaR7FfYOko5ePqOghR6MlLihw/HcVtmB5IWvvYe',NULL,'9211650014008',NULL,'2018-02-09 14:29:37','2018-02-09 14:29:37','mahasiswa'),('0e3377d3-4bd4-4090-aee5-f3f94b917bda',NULL,'$2y$10$P0xNxuG49nz6kNRxnGDvC.V/A4yHpCr2aIXAxTuweEniymBjyNDDu',NULL,'9211650024003',NULL,'2018-02-10 11:13:03','2018-02-10 11:13:03','mahasiswa'),('0ecca464-7d3e-495c-882a-a78fe14f2a13',NULL,'$2y$10$AY8MmW/0.N.KoR8zvSd3y./KE.4xLu68H.dXP7vhI6rm9gmSDu2Ie',NULL,'1.95401131980101e17',NULL,'2018-02-10 10:50:28','2018-02-10 10:50:28','dosen'),('0ed1548c-5382-4aac-9240-2bbd527038f5',NULL,'$2y$10$feJmHwZWr7r9/2npOBmJeeqBoMDJSWq75wXSpbYYIxCv.AjYxdi7y',NULL,'DA0000',NULL,'2018-02-10 10:50:28','2018-02-10 10:50:28','dosen'),('0ed56f43-7dd6-4dd1-a65a-aceddc00d4b7',NULL,'$2y$10$eBDxVWDB1wR2aGVqJe1yFONC2qB/g.vrGgZzBA0EsvbxAPVxyK0.e',NULL,'DH008',NULL,'2018-02-10 10:50:28','2018-02-10 10:50:28','dosen'),('0ee6bc47-2c79-4758-af53-655dde88f301',NULL,'$2y$10$kSoxm8f1tQD.LNjol8wey.5F6wQgdivWU2EUxl.XQDqKXXF6PoI52',NULL,'131879394',NULL,'2018-02-10 10:50:28','2018-02-10 10:50:28','dosen'),('0f021093-6f8b-4242-b56f-c8db964e753d',NULL,'$2y$10$g1YWXJIz9WNcLUox68oM3.UygkDLvb4/TS/qjXW21sZeMSwiXMTQ6',NULL,'9211750023002',NULL,'2018-02-10 11:13:03','2018-02-10 11:13:03','mahasiswa'),('0f04cd95-d555-423e-8952-57435e404e1b',NULL,'$2y$10$hyTOAkO/IYQzRBbzWsOVEOXWqh1dv/maoCl2dffe5ISqvckBVq95m',NULL,'1.96911251999031e17',NULL,'2018-02-10 10:50:28','2018-02-10 10:50:28','dosen'),('0f224bb4-e48c-4057-b07f-787fb158bf1b',NULL,'$2y$10$rq8iyy.Yb78vFBoeGDXoPuT4.LXyq16fFSBWQhLUgyviIsY0pp0nW',NULL,'9211750016009',NULL,'2018-02-09 14:29:37','2018-02-09 14:29:37','mahasiswa'),('0faa0e0e-9327-41f3-8665-c32410352dc2',NULL,'$2y$10$vLYHCGZHNJUfghzTyvkcI.cTcG3zUgI6kGnoI7OVKAvfGBxluyaTC',NULL,'9211650055007',NULL,'2018-02-10 11:13:03','2018-02-10 11:13:03','mahasiswa'),('0fbc0595-58f0-4198-9eeb-5eaf69381e2b',NULL,'$2y$10$xmFDnqYAKq7T2TaNTU2aKu9s95kTtYE1ocIfdU.ndBOC5wF2tj3RS',NULL,'9211750016002',NULL,'2018-02-09 14:29:37','2018-02-09 14:29:37','mahasiswa'),('1039d337-2eb5-4618-bb36-a93b4e33498f',NULL,'$2y$10$9ToJ3jX7Z9JPrracjitwO.z9xfS0A3sTWoH05UQN/TNStcDXr3DiW',NULL,'91000088',NULL,'2018-02-10 11:01:51','2018-02-10 11:01:51','dosen'),('10985ca7-00b2-4ab8-9f43-6d57eeb47861',NULL,'$2y$10$XLBmzOfa.ljOt9Ban.kcv.2MfY/E.TI39C13RvWTnYJ3byufqNXGy',NULL,'9211750053022',NULL,'2018-02-10 11:13:03','2018-02-10 11:13:03','mahasiswa'),('10e81a32-5184-4f08-8aa2-161d653eee41',NULL,'$2y$10$viUXBPwA/47IIQqK7TK4zO6doFtqeQrfX7QUaeJtBpGEeRD/K3TlK',NULL,'9211750014014',NULL,'2018-02-09 14:29:37','2018-02-09 14:29:37','mahasiswa'),('110f506e-5b29-4aef-8302-5e41099e9243',NULL,'$2y$10$f9A/Y.J.GFFpkYVlLweQeeD9rtSERXE0Dj7AVgK/TSIBLrAl29s2i',NULL,'9211650053008',NULL,'2018-02-10 11:13:03','2018-02-10 11:13:03','mahasiswa'),('111d0df1-db41-48d8-ad9e-b2e913bc4d17',NULL,'$2y$10$dXhliP9MaRdMgxSpZPnTYeCSi94pk1aJK6OQNJWtPMMGkAqEea18u',NULL,'9211750015012',NULL,'2018-02-09 14:29:37','2018-02-09 14:29:37','mahasiswa'),('113a7383-ce9b-434c-be82-aa901860c03f',NULL,'$2y$10$a7n.QY62TtNIo4.8MoNYcOGbU80Hm1Nivkkd4LuuoOkTarhwKVlJe',NULL,'9211650054005',NULL,'2018-02-10 11:13:03','2018-02-10 11:13:03','mahasiswa'),('11d4f983-d05e-4cd4-abce-28203c43ea44',NULL,'$2y$10$ZlMPKm/L6LCt37MucmMfFOuX/88W3Hc41.W9dYbE.r8JXfmt0lc.S',NULL,'DS103',NULL,'2018-02-10 10:50:28','2018-02-10 10:50:28','dosen'),('11fd3811-306a-406b-a8c3-78bc246d17f1',NULL,'$2y$10$iHoHvwMKYdaTil4.t58neOxdZLaRWXMyaa8ep9ws4PAP.O7NDiwku',NULL,'9211750053014',NULL,'2018-02-10 11:13:03','2018-02-10 11:13:03','mahasiswa'),('12080a34-e501-4b4d-a3e4-302a666dd507',NULL,'$2y$10$Dr3wRV56MrS9bmKyD97dhu.s7x8r3PJ.LxfXQBywsMDDkCf0JRzXi',NULL,'DN002',NULL,'2018-02-10 10:50:28','2018-02-10 10:50:28','dosen'),('128c0635-30eb-4aa1-981e-f324f48b7749',NULL,'$2y$10$jw3yR79VjnKkn05TSSrLHeUG6H/0uZTeYh/wl5.ac7PtG1ditDJ12',NULL,'9211750025013',NULL,'2018-02-10 11:13:03','2018-02-10 11:13:03','mahasiswa'),('12bab229-92aa-421e-b886-698213968f79',NULL,'$2y$10$2NY0jkVgVKZYAApf351yBOtouNQ70FMHb3mcP7czl7Qn3Iw//iamW',NULL,'DL-BR',NULL,'2018-02-10 10:50:28','2018-02-10 10:50:28','dosen'),('12bdbfbc-0e69-47da-8fc3-1f8f2a5ce348',NULL,'$2y$10$GjXNyE7rizherfDAwDwEiOz6BZXPHTXlU4fewCU7pQb4xad0ckL0u',NULL,'DLBud1',NULL,'2018-02-10 10:50:28','2018-02-10 10:50:28','dosen'),('1347460e-c71a-4029-aa26-84312e06feba',NULL,'$2y$10$uvrNIzbTbaJj.cKDUJ1l.OqGUEWh3ZmNmcT41Yq2aev9fWfrr867O',NULL,'DB002',NULL,'2018-02-10 10:50:28','2018-02-10 10:50:28','dosen'),('137aba9c-151c-4c91-ba6f-a73e10c30884',NULL,'$2y$10$Pimk/MF/3o4PgCVPsB0H3ec3XGf3zoCZ8Tq.n0tUdHhB8sEyU4PTK',NULL,'1.97712082005011e17',NULL,'2018-02-10 10:50:28','2018-02-10 10:50:28','dosen'),('139b6cf8-56cd-46dd-8444-8c31c138b379',NULL,'$2y$10$9SavwU4n66E531zFRPSw9uN99PIbI8NxIX9QtsxRrs1GxpKQnR9Xa',NULL,'9211750055002',NULL,'2018-02-10 11:13:03','2018-02-10 11:13:03','mahasiswa'),('13bd1b72-46f7-4284-983e-af675d2606d5',NULL,'$2y$10$kePjl4h/4TSVChBUEC4WVuYL0IeIzq7HT.wXei3eYBzhVLHJGf/1e',NULL,'1.96404051990021e17',NULL,'2018-02-10 10:50:28','2018-02-10 10:50:28','dosen'),('1554414b-4692-40eb-b339-a61b30fcb567',NULL,'$2y$10$oNzRWUQ15uM4.jJE/BwaceHOdm3cSgZElODZMGJ1Lh/I.YrQe9/8e',NULL,'1.98203022009121e17',NULL,'2018-02-10 10:50:28','2018-02-10 10:50:28','dosen'),('16560a1f-b844-4680-8603-c530755e54ad',NULL,'$2y$10$d5Q1PcxfHd.uyYloEjbW0OmnCAOmw5btiHKkOqXvA5XDVCBHw5U5S',NULL,'9211650053020',NULL,'2018-02-10 11:13:03','2018-02-10 11:13:03','mahasiswa'),('1663cbc4-02a1-4ff4-b04e-e1cdc8459698',NULL,'$2y$10$oXVgLbCpT6evF4HkpVFhSOyfeteDofZvOFNZjfJrxEWNWjq317/g2',NULL,'9211750013023',NULL,'2018-02-09 14:29:37','2018-02-09 14:29:37','mahasiswa'),('16ded9e3-46a5-4610-8f78-dea70ba53da6',NULL,'$2y$10$IAfhY8lL48C9P5AJUndJfujE5NWEtAQHDm43ALseozGGz50JuUVmm',NULL,'9211650015012',NULL,'2018-02-09 14:29:37','2018-02-09 14:29:37','mahasiswa'),('170e9314-e918-4e6d-982d-e5599e6be62b',NULL,'$2y$10$X1s.J0LukCu9RDZA42BsYOa.vMtXwpwfg4V4rrE8u.MsXpejuJud6',NULL,'9211650025006',NULL,'2018-02-10 11:13:03','2018-02-10 11:13:03','mahasiswa'),('17445997-7fd5-46e4-b034-b971bcb625df',NULL,'$2y$10$vI7IkUyiuBhI.bWiwfFkAO8RViJ2b2JQTc.pPe9jOv.NBqlsh2Ncq',NULL,'1.97004272005012e17',NULL,'2018-02-10 10:50:28','2018-02-10 10:50:28','dosen'),('17aee7f5-f48e-4ce8-9877-43787c19205a',NULL,'$2y$10$3eQ1iEQpx0h8PEOolymDEOl4I8YDqNFrwsAFjqK61HRUi5whZrWBK',NULL,'1.95908031986011e17',NULL,'2018-02-10 10:50:28','2018-02-10 10:50:28','dosen'),('17c72654-8041-4793-9970-b85b476f67ab',NULL,'$2y$10$jrr.tPSAZbW3plWAfrCCluGJJV9PYJDrfRiPCJpsuZqLCjyb1f.Lm',NULL,'9211750015001',NULL,'2018-03-16 18:20:02','2018-03-16 18:20:02','mahasiswa'),('17e210c2-770c-4232-9aa1-1243dbaee686',NULL,'$2y$10$KLYwp/3kvB7PjRUiwSdc8.z6VJl/2dGpTgK4pOQybyV5JS2yAIAm2',NULL,'9211650013043',NULL,'2018-02-09 14:29:37','2018-02-09 14:29:37','mahasiswa'),('17f69d6b-2e6c-441c-b624-b221104f258f',NULL,'$2y$10$gWnDwvCifZX4c8DXm0DYnu.T95f5UAAMeLA6w1cwkk7d/PA87JjEe',NULL,'DE003',NULL,'2018-02-10 10:50:28','2018-02-10 10:50:28','dosen'),('1846c797-c6ba-46db-be2f-33865a4e7992',NULL,'$2y$10$hYvRI7G2ocprbIJTwAu/Qeb4qj2y8N7Pq4YCZkueTOLVSSkgTkRCy',NULL,'1.96902241995122e17',NULL,'2018-02-10 10:50:28','2018-02-10 10:50:28','dosen'),('1894b8a6-38c6-4b33-8acb-4aad41439308',NULL,'$2y$10$OPCEliH0IdpfmhRA7SFbBel3I/vTVZp5AU9v32Cq/8pwe.wZIM1WK',NULL,'19211111122',NULL,'2018-02-10 10:50:28','2018-02-10 10:50:28','dosen'),('18d3ce1a-7a78-4d8d-ada7-ddd08a812074',NULL,'$2y$10$bBH7bkVX/OHlWcIsMdCaq.WWmbqWZRnALUl6nyuEMMXWjQVQ0Czfu',NULL,'91000077',NULL,'2018-02-10 11:01:51','2018-02-10 11:01:51','dosen'),('19005705-f96e-4495-8d5a-7db1c7a8da3f',NULL,'$2y$10$Aqt1iKf.2HI2C7ufVquRz.BaQ6TnirnLCtHYJ5DbtgaLL8CEu8TSS',NULL,'91000033',NULL,'2018-02-10 11:01:51','2018-02-10 11:01:51','dosen'),('19f32938-71f1-4b07-86c7-162594962907',NULL,'$2y$10$7veY8l1GX9LrSbdG413qr.cxg6kTYLhQK6kSLZMOpS0NQDzOQWWmm',NULL,'9211750015004',NULL,'2018-02-09 14:29:37','2018-02-09 14:29:37','mahasiswa'),('19fe7ad5-2b80-4632-8999-20f4cc47cef0',NULL,'$2y$10$rDXokYhO5grpqvJo0qZam.Im1eeKipEPwZGBlBCautJNQ3ezVgUyG',NULL,'9211750026008',NULL,'2018-02-10 11:13:03','2018-02-10 11:13:03','mahasiswa'),('1a349fd0-cc2c-46bf-a7f6-e850b027d739',NULL,'$2y$10$9QYBd27njcYZYlaQBcvClu7lykHxuWqT8/qejhkAMhAEskqvUQrbq',NULL,'9211750053015',NULL,'2018-02-10 11:13:03','2018-02-10 11:13:03','mahasiswa'),('1a8a2367-00d0-4d1d-a079-002488c1de93',NULL,'$2y$10$kzlonYqOcu897WPLWqZgv.7v.sqASOyMOs4lkKqDdFmPLY4h8RCzW',NULL,'9211650024011',NULL,'2018-02-10 11:13:03','2018-02-10 11:13:03','mahasiswa'),('1ac465cd-c30a-46de-8d80-0285a6b33ffa',NULL,'$2y$10$PlSbcX/dKfuPSRcyZKawXOf/3U/.15wJuLIAav8tEWhFXyia3xOEK',NULL,'1.96310081990021e17',NULL,'2018-02-10 10:50:28','2018-02-10 10:50:28','dosen'),('1b487472-70f4-435f-ade6-bbd27f32f6fb',NULL,'$2y$10$sqoHAIapczTWAYocn6gO6u63O0VfWenoCSEmgCP7ZxD41jixd/tWe',NULL,'9211750016007',NULL,'2018-02-09 14:29:37','2018-02-09 14:29:37','mahasiswa'),('1b9c9b89-1203-4358-92ba-6bfb7e1eb469',NULL,'$2y$10$DpWKedCGkalVDCDWMV.0/eQCmC5gDnQgBRE2ZeHUAL079njjoebde',NULL,'9211650015024',NULL,'2018-02-09 14:29:37','2018-02-09 14:29:37','mahasiswa'),('1ba8a1f3-e5b3-4d57-9277-ad5937db47d5',NULL,'$2y$10$zNsYF6E6SvQt8kQK7dDAPu2L5hx65Y8AieNYK5jSnnKt7TDPd50Ii',NULL,'91000011',NULL,'2018-02-10 11:01:51','2018-02-10 11:01:51','dosen'),('1cbcef9b-9a02-4a39-a240-0576977748b9',NULL,'$2y$10$B1wKTTb4CIKOTaA1/1WOT.z5nFGZBQ6a0NbJ1y7CfobI/MS2mj54C',NULL,'9211650015018',NULL,'2018-02-09 14:29:37','2018-02-09 14:29:37','mahasiswa'),('1ce8505a-72a2-4c98-aa34-67a17a8b8da3',NULL,'$2y$10$xwlCBnK.OBWXPUU3/jsVkOF2uqXL0LS6UcZt/2OvGhPoDRImhrmwC',NULL,'9211750026002',NULL,'2018-02-10 11:13:03','2018-02-10 11:13:03','mahasiswa'),('1d06b79e-b46b-4fb5-9098-bddc27c03ee2',NULL,'$2y$10$9XfTt6nYfSSkXiW4.5ISseY73YCD.TtES3RsiLzZE4Mf3WtbSNh3u',NULL,'130687428',NULL,'2018-02-10 10:50:28','2018-02-10 10:50:28','dosen'),('1e3ee8b9-d01f-4ce0-853e-de88f76849b6',NULL,'$2y$10$FH.hsNn.wzg/JzrMwbVOg.ikiMCXLgkVNZZjLoeR2K4XoY7GdyQqK',NULL,'22',NULL,'2018-02-09 14:41:15','2018-02-09 14:41:15','dosen'),('1e5ae1c9-e62f-4280-bf09-777982025824',NULL,'$2y$10$6bHkg.IlD32oMCgrKDgnZ.LG6TO/Nsf2xsINyrm4nb6n/0DnCG1tm',NULL,'1.98011232010121e17',NULL,'2018-02-10 10:50:28','2018-02-10 10:50:28','dosen'),('1e9e8c77-7838-4580-9281-99ae73d34c07',NULL,'$2y$10$rvwp50VWkZXNtm4Hd3YfUumdzicdvUbpkxVIQ18Y9byj1ia9KGxPW',NULL,'1.97208251998022e17',NULL,'2018-02-10 10:50:28','2018-02-10 10:50:28','dosen'),('1ed11207-f5b9-4178-aacd-d942ecc5fc0c',NULL,'$2y$10$SBaNfy1Sr0Clg9IQ2eWoNOkc3nw7YtsdyCNYOpuO5dIkA4.w4PtiC',NULL,'9211750015014',NULL,'2018-02-09 14:29:37','2018-02-09 14:29:37','mahasiswa'),('1f29a83c-62cd-4c4a-b81d-34c990389f36',NULL,'$2y$10$IciQdW6wHjyCxSWsr7nfo.FK/vow4tT2FlH.C7VPp2xdkICDXq6yC',NULL,'9211750026003',NULL,'2018-02-10 11:13:03','2018-02-10 11:13:03','mahasiswa'),('1f36a6ed-a2ef-4fe5-b8a2-70a7cb93c8d4',NULL,'$2y$10$8i99a6MUcZRjov/VwnO/JeA6p.u9PQecXpmW9/2hU90jCKUVDC26G',NULL,'9211650013019',NULL,'2018-02-09 14:29:37','2018-02-09 14:29:37','mahasiswa'),('1faa8fbb-5203-485e-b848-f835dc7ea66d',NULL,'$2y$10$6A16W6Q.jHi/NmezMb4MHesp/4OUVDAVERzK47piIEnnuc6p1.bRy',NULL,'91000045',NULL,'2018-02-10 11:01:51','2018-02-10 11:01:51','dosen'),('1fb2dc07-d199-463d-bd48-2412fcb49e16',NULL,'$2y$10$Tzc72VivT9ERhiKNvXUvXuQpfYUUSyWC2n55oBOZGcRXUjrafiizq',NULL,'132163514',NULL,'2018-02-10 10:50:28','2018-02-10 10:50:28','dosen'),('201f983d-3b54-43da-a7ef-f5b52b6af8c8',NULL,'$2y$10$oE4DK4hDSDTK217wddtuKeyz3aUo0CRge/BSVsuPEHa.5i7SQyJze',NULL,'30',NULL,'2018-02-09 14:41:15','2018-02-09 14:41:15','dosen'),('2077e9a9-7e97-47bd-9722-ce6f90db16d3',NULL,'$2y$10$QBdeL7A1dJO9EdCu6y0yzOOLtZV0GMWL.RxIUkdH0xvX08wpk36YK',NULL,'131287542',NULL,'2018-02-10 10:50:28','2018-02-10 10:50:28','dosen'),('2095ba98-4364-461b-b21b-6b2065882f28',NULL,'$2y$10$bCB6tiEY7zJfzLhF.foO/eGPXcPq4mdlMKrsKyn2vsbEzyKeCFHf.',NULL,'9211650015036',NULL,'2018-02-09 14:29:37','2018-02-09 14:29:37','mahasiswa'),('215d0e22-9cf1-4c96-ac03-d20f598ec5fc',NULL,'$2y$10$SYtdU0zK5qf0u2zfbF3eg.pwxbikHpDPJFFbIqc78QupQWB4juZ3W',NULL,'9211550017018',NULL,'2018-02-10 11:13:03','2018-02-10 11:13:03','mahasiswa'),('216c5be3-826e-4d24-8cf0-2c6714f52327',NULL,'$2y$10$oBq3jYFKpW/jifWOV1rDFe1jnUkIM5kkwUBu8RMZjVG7EqPntdaW2',NULL,'LB-MARSE',NULL,'2018-02-10 10:50:28','2018-02-10 10:50:28','dosen'),('2176b584-bd62-46dc-b4bb-f47384a4bb69',NULL,'$2y$10$KpaI9o.Tvczh4ApxPnJ74ebFbe8B/AAgGn9eK3ylj/xMl6XogdU/2',NULL,'9211750053024',NULL,'2018-02-10 11:13:03','2018-02-10 11:13:03','mahasiswa'),('218bc059-dd8d-4ba4-be06-620c295299ea',NULL,'$2y$10$BTj1tidjOFbYNR1JO.Qi6ezXe57cuI3L6fu14GtA21k8xXMdiU/mC',NULL,'DH007',NULL,'2018-02-10 10:50:28','2018-02-10 10:50:28','dosen'),('218e140a-5fa6-4f8c-9f17-3b421119eabe',NULL,'$2y$10$o1GW.2q0wbHxxTUuikczKuLy7kDgTRzx5kma3UHUQdVb0GJFBRdYC',NULL,'9211750015007',NULL,'2018-02-09 14:29:37','2018-02-09 14:29:37','mahasiswa'),('221b8291-0e9c-415e-91b4-95cc5a602567',NULL,'$2y$10$hzceYl2TAkGW6IgeB6gtZuDmIop8S3DOzd5q77HHnQXqZIOMppmXG',NULL,'9211650053009',NULL,'2018-02-10 11:13:03','2018-02-10 11:13:03','mahasiswa'),('222e36b2-d719-4c6f-a55f-5a3f99fc3676',NULL,'$2y$10$MMYvQjrXpJzvLm9MGDTg8eUFwMsnZ5.fZsUeEMe.3TWMUooX2tkbu',NULL,'1.97106101995121e17',NULL,'2018-02-10 10:50:28','2018-02-10 10:50:28','dosen'),('2252f1d4-2450-4f35-9f32-d5b9f597ca59',NULL,'$2y$10$u6EVv3.A/6zL2IqDsZ/HROZBTFu3DKNrBn2XND7/NdGd9y2mPA7za',NULL,'9211750024012',NULL,'2018-02-10 11:13:03','2018-02-10 11:13:03','mahasiswa'),('228ec939-d192-4d06-ab87-c8a50a70fc73',NULL,'$2y$10$l.OMQfdgTODnmF0FOPU0d.O6p.dK.QIYBRxf1jZS6Zb9NFYAvOHEy',NULL,'91000005',NULL,'2018-02-10 11:01:51','2018-02-10 11:01:51','dosen'),('23178b4d-920e-446c-a906-d0ecd2884060',NULL,'$2y$10$F17WfvbMfBtJiS0L3.j4ZO9m5gFdpLLUq43mYrFJe.Bzh1KQOPU8a',NULL,'24',NULL,'2018-02-09 14:41:15','2018-02-09 14:41:15','dosen'),('232cc4cc-acd3-4e4a-bfe9-033e3d7ff0ce',NULL,'$2y$10$4ao/FW3Qj4luksiBmjfPCe72W1y6051l3zZUNQMu3nlaUhICN0.Eu',NULL,'9211750013003',NULL,'2018-02-09 14:29:37','2018-02-09 14:29:37','mahasiswa'),('236de684-f884-4bd3-aba2-885345c95523',NULL,'$2y$10$esmco1Q1ub1oew/S4haJOO5QSvmM8PWEx8NgXkUZXEUeKdeKCoNIq',NULL,'29',NULL,'2018-02-09 14:41:15','2018-02-09 14:41:15','dosen'),('23f73f68-e592-48f2-9894-53b79ca89d75',NULL,'$2y$10$H0u/Nic9xbbNAMlpas/qOuOaZBgh9MCtBqH57WyWlFhSO64Qm2J2u',NULL,'91000024',NULL,'2018-02-10 11:01:51','2018-02-10 11:01:51','dosen'),('24ea4f16-6032-4031-bb38-c2277214af85',NULL,'$2y$10$6g2buMtTkwymrIDG/lkNHefU8YCHyo16ylPFMyR9/qkH95ddv2PbG',NULL,'9211650014015',NULL,'2018-02-09 14:29:37','2018-02-09 14:29:37','mahasiswa'),('25299646-69e7-4819-af84-120530b363f1',NULL,'$2y$10$9Buwea5uWPJia039zKC8D.lh9MKXRhXo3ztELKfioUjhR3fKEED.O',NULL,'91000076',NULL,'2018-02-10 11:01:51','2018-02-10 11:01:51','dosen'),('25a7f33f-d092-4926-aa2e-9e7f455face5',NULL,'$2y$10$xbt5vWpSh05Xe4xTkTseJ.Jc9BnZbhTqp8.KD9Hu49ieBG83z7NTy',NULL,'1.96606021992031e17',NULL,'2018-02-10 10:50:28','2018-02-10 10:50:28','dosen'),('2658b297-7a60-4b16-b221-4a49c99fb683',NULL,'$2y$10$5nvPmvXOMh0IN50AIZhWTeOURL4kF00/A2TZfghRpguJClwMDjuri',NULL,'9211750016004',NULL,'2018-02-09 14:29:37','2018-02-09 14:29:37','mahasiswa'),('266a217b-36a8-4f5f-9cef-60d5dfe5a47d',NULL,'$2y$10$A5RUl.hO/inskxUuU5pHcuNs2.0JYHWKa0GK8fzHebvNqnTATqaUC',NULL,'4',NULL,'2018-02-09 14:41:15','2018-02-09 14:41:15','dosen'),('267e8d12-1e30-4e7f-8790-7d7d9967891e',NULL,'$2y$10$vaSUiHvZ7htCh.jGo2wNI.wneRfCL6VIxTLvaaSAw1NI7TN62p0oq',NULL,'50',NULL,'2018-02-09 14:41:15','2018-02-09 14:41:15','dosen'),('267fc303-e50c-4fd9-9ec5-eef3c5a0dd56',NULL,'$2y$10$bHAJaZEsSKPJzBgZuudMJuX3VSgfodwGnQ6Re4HywLqNun5CCrgcW',NULL,'DM005',NULL,'2018-02-10 10:50:28','2018-02-10 10:50:28','dosen'),('26899eb0-9076-4a5e-a364-a2d03ddb4587',NULL,'$2y$10$uaYdlVKAxup4NBDlxOdKbudQPkdyPsJWPSOAv5rWzzY0zEpspy22e',NULL,'9211650013045',NULL,'2018-02-09 14:29:37','2018-02-09 14:29:37','mahasiswa'),('26d2144b-e19c-4d1c-a73b-d6390fb4bcc0',NULL,'$2y$10$KgG6ZlT1ClOQ89txoVi52.i8LIP3cXmeLpFlLndScMF4vXUo19ygW',NULL,'9211650024006',NULL,'2018-02-10 11:13:03','2018-02-10 11:13:03','mahasiswa'),('26f093dd-f51e-4d3d-b664-1b071498e03a',NULL,'$2y$10$2cEWC41GoBXPrt482uXBvuzgpayOLRLWowt8K9M9pFpz9lJxWJaOS',NULL,'9211650054026',NULL,'2018-02-10 11:13:03','2018-02-10 11:13:03','mahasiswa'),('276cefe8-3e17-4f2f-8f2d-96de553559a4',NULL,'$2y$10$UpNB3nyAK/H7tYc.zkfD2eZNia6cWdtEaoeNKh5DErVHXKDbxqi9u',NULL,'DS001',NULL,'2018-02-10 10:50:28','2018-02-10 10:50:28','dosen'),('27d455ee-644f-41c7-a4f2-ee2dbe53d1fd',NULL,'$2y$10$CCOo2n15ZgFyV6GOpBCofOhMa4e9bPfNccc1DayaygCas0X6WX6qG',NULL,'9211750013024',NULL,'2018-02-09 14:29:37','2018-02-09 14:29:37','mahasiswa'),('27f467a2-4495-4188-8052-f58de5dedf24',NULL,'$2y$10$g8QvwglCknqccIK2HRMMaOUnKiFzMEPGnaFXWyZq5RaSb98tlN/Vy',NULL,'36',NULL,'2018-02-09 14:41:15','2018-02-09 14:41:15','dosen'),('2856a31b-728f-4c45-ae57-e84aa0424930',NULL,'$2y$10$1iT8MN3Ckm66yoe022A26eEyDIH4N0vJz0SMMgpsxFlq4C6GOSh7e',NULL,'1.95809161986011e17',NULL,'2018-02-10 10:50:28','2018-02-10 10:50:28','dosen'),('28bd8118-b7d2-4489-9c99-57ad38862620',NULL,'$2y$10$sPpipEJZmBm3G69dHEwBSucCb0Q/FrxgsBPxzSJlCFQFiUe/kGG6u',NULL,'9211550017016',NULL,'2018-02-10 11:13:03','2018-02-10 11:13:03','mahasiswa'),('28cc6490-2e52-4909-bfff-748b18f6e862',NULL,'$2y$10$6KDFv4hYlfHOJp/7k7Cla.HU/WyaC71SDSGvpz8b1ENRffldKP8FW',NULL,'9211650013018',NULL,'2018-02-09 14:29:37','2018-02-09 14:29:37','mahasiswa'),('2912c5d7-8b00-48d1-b2ce-fd1f93a3d55b',NULL,'$2y$10$4K4p4cFc3enbEfZYZfSOkey7ZQF/LIAdyT5eY7JcrrBIJfhIOJH0O',NULL,'DS003',NULL,'2018-02-10 10:50:28','2018-02-10 10:50:28','dosen'),('296f97df-5418-4403-86ee-c97212726acd',NULL,'$2y$10$34NEWvGtU4Zxr3ENO0TpAu0hCh.68dT7mg7HlO7l5x4ovWfsBImre',NULL,'9211750023001',NULL,'2018-02-10 11:13:03','2018-02-10 11:13:03','mahasiswa'),('29a74397-df13-4dc6-abcd-940be0aebe5b',NULL,'$2y$10$UR0zS4IqfI2.tMwNpWyJFuZv0wpxu0525.Rf9iof4ruv4cUGBeiGO',NULL,'91000013',NULL,'2018-02-10 11:01:51','2018-02-10 11:01:51','dosen'),('2a34accb-d997-4bbe-b3a0-506a89f5a65b',NULL,'$2y$10$qGooLyygN/wrOV3nz4LaPefb0sLd579rBhgW3LjmdxrebeHz5uK3i',NULL,'DD001',NULL,'2018-02-10 10:50:28','2018-02-10 10:50:28','dosen'),('2a537cd9-6209-4394-a32d-269872a6f4bf',NULL,'$2y$10$YkC5GPdxoclmRe8Przd5NeQCeuj3GaZ7Ny/SYpgtkVRcP1.huXOlm',NULL,'1.97202111998021e17',NULL,'2018-02-10 10:50:28','2018-02-10 10:50:28','dosen'),('2a5e4b88-e8bb-482e-b1ad-2a00d1d619ff',NULL,'$2y$10$dqEOP723tOeSDFq8Jp7D7ezRd/KrfVDRf0zO7W.IXx5OkdP.yZoOe',NULL,'9211750024001',NULL,'2018-02-10 11:13:03','2018-02-10 11:13:03','mahasiswa'),('2b112166-0eb5-4a98-8328-d367b45eb5da',NULL,'$2y$10$sXDV0nADwAlaZQJTH/osqOWQsZMe3n9Nxlpg0te2hoBa8p5.9.R5C',NULL,'1.97011201997032e17',NULL,'2018-02-10 10:50:28','2018-02-10 10:50:28','dosen'),('2b1f6389-0068-4070-b645-9c81a1d6522e',NULL,'$2y$10$5EQ32m/eKF88tnsIWaP/be6aEOBkmy6dcXht0kh/hYrK5bpR8UxiO',NULL,'9211650054019',NULL,'2018-02-10 11:13:03','2018-02-10 11:13:03','mahasiswa'),('2b92f020-74bf-4343-b8ed-b22a134ec24b',NULL,'$2y$10$QzCd.KrqnQOI3ENC9G4/1e9IuN66DatiOWNbOzFuBCybao1v1kqla',NULL,'91000069',NULL,'2018-02-10 11:01:51','2018-02-10 11:01:51','dosen'),('2b982ee2-da5a-44fe-abcf-78a0c815417b',NULL,'$2y$10$80e37pQC43CatJsKKph.musTBDwZB2NyVJGKq30.4//KVX7s3k54y',NULL,'9211750053020',NULL,'2018-02-10 11:13:03','2018-02-10 11:13:03','mahasiswa'),('2ba7a6d9-cc35-45a2-b956-8d789f8d05a5',NULL,'$2y$10$Fa/8802oOCNbrG5awr.nT.78F37KMJ24T8oU5XD2NdYJgiAQ.gbPG',NULL,'1.97009101997022e17',NULL,'2018-02-10 10:50:28','2018-02-10 10:50:28','dosen'),('2c9abaa5-b69a-45dd-a835-8c9776b3ccd5',NULL,'$2y$10$ADw5o5GVXjby9Z1uKM7U5.W.yUSXLyVYQAhLy1ChKxlPROu7Bs0bK',NULL,'6',NULL,'2018-02-09 14:41:15','2018-02-09 14:41:15','dosen'),('2ca62f22-4cff-450a-b6e6-24e36c9d3e86',NULL,'$2y$10$u8/V7NstovpIWxuyXFhCZOxE2hld7HKWpkcQAfBbFNlCqIqK/vmbW',NULL,'1111',NULL,'2018-02-10 10:50:28','2018-02-10 10:50:28','dosen'),('2ca8bae3-d2f6-47ab-8968-1dabd6f376d9',NULL,'$2y$10$agK2tSdICtnucOM2qPEike/wR9TiwzcGQgaaH9Xw.Xf2JdvqQzuTi',NULL,'9211650014012',NULL,'2018-02-09 14:29:37','2018-02-09 14:29:37','mahasiswa'),('2cd78f5a-ef66-4e44-8e00-4b27b1685afc',NULL,'$2y$10$5oJ5Zdn5fxbvGY56EriD6ekym2YE5g1Yiq4KvCF0BjB56SfFZgnGW',NULL,'9211650053006',NULL,'2018-02-10 11:13:03','2018-02-10 11:13:03','mahasiswa'),('2ce9c91e-c26c-4a5a-8add-32c364a61a28',NULL,'$2y$10$N9oWljZ/Sn1DofgSCq09IOi6ezmjQ1PHiTLLFrgy01R/x7WbspDua',NULL,'1.97705292014041e17',NULL,'2018-02-10 10:50:28','2018-02-10 10:50:28','dosen'),('2d9a07c1-c017-4296-8832-f3e11bb188a4',NULL,'$2y$10$ghJeGU8LUOSCnclEsn27VeUdoddGymNUy8S/wVZ0IOsceSL3fOEMq',NULL,'9211650024014',NULL,'2018-02-10 11:13:03','2018-02-10 11:13:03','mahasiswa'),('2dee8b7c-3607-4979-8f0e-8f9fa372e27c',NULL,'$2y$10$k8kPQsntk.8TfjA/30gvVuXHDm3Lhz.p9XFFzP4vm7O7CQlkBdbL2',NULL,'91000058',NULL,'2018-02-10 11:01:51','2018-02-10 11:01:51','dosen'),('2f6476db-c943-43a9-8155-1c9753d075db',NULL,'$2y$10$UnoS5qnKxw1bgTqd5VcRJuOEHj5WcV7eS/rmZ3O4EdcrfR4BS7wbC',NULL,'9211550013020',NULL,'2018-02-10 11:13:03','2018-02-10 11:13:03','mahasiswa'),('2f9a669a-8410-426b-a5c8-436d2332fa10',NULL,'$2y$10$TwDhwg3HeUj0xYdU7LO.S.dUuWRN7M8dF3X90IFwHMaNPKUUC3zHO',NULL,'34',NULL,'2018-02-09 14:41:15','2018-02-09 14:41:15','dosen'),('30a032cd-d077-4ce9-b22a-4e92459b02fa',NULL,'$2y$10$qWPMX7ore/aec1FlSFRsJ.6eApyFbVhc7EV/WvFnbudg/JVUfm/Pq',NULL,'9211650054018',NULL,'2018-02-10 11:13:03','2018-02-10 11:13:03','mahasiswa'),('30e4bb9b-e0d7-43c8-bc90-79e943d626e9',NULL,'$2y$10$DDZnj6qRHcHimbgO0IAqBegvE27AZAorCGS1fwk.gh58fZYEWfGmi',NULL,'130687439',NULL,'2018-02-10 10:50:28','2018-02-10 10:50:28','dosen'),('31713c83-7ee6-4f5e-b999-4ab6eff5eede',NULL,'$2y$10$mho14qdowYolUy8KAWcTzu4Yo0yhTnW9mhyBRVOjpuwpADSKtAtOS',NULL,'1.95305161978031e17',NULL,'2018-02-10 10:50:28','2018-02-10 10:50:28','dosen'),('31b262cc-2d4f-49ef-ac29-7345b936439f',NULL,'$2y$10$ZFhP9Ba0C2wibrQ.kuXSZ.WlDhnfEEg4odLo.89KT3dFLurPtclhq',NULL,'131782034',NULL,'2018-02-10 10:50:28','2018-02-10 10:50:28','dosen'),('31e586b4-0521-460a-b8e9-3ecf97985deb',NULL,'$2y$10$LONsoDZp56ImecooRFYTZ.iqEgdWXq9Jm5kdZbcwlYfvZustAgDD.',NULL,'9211650055002',NULL,'2018-02-10 11:13:03','2018-02-10 11:13:03','mahasiswa'),('31ffdfa2-9a3d-4228-bbe1-f6c9b5d750f3',NULL,'$2y$10$j3xVW4WzGcAsWGSaGAdd9edWgPGVY5rtVma/4cGVK2uBL3tqQ8YdO',NULL,'9211750025017',NULL,'2018-02-10 11:13:03','2018-02-10 11:13:03','mahasiswa'),('3234adc0-e4b0-4a4d-beb0-e29df7febc8a',NULL,'$2y$10$UyCS14oHlNOZstpSHJyYEuw9a2eWLarSDM7mNAEgsSEBv9wS4lyr6',NULL,'131879399',NULL,'2018-02-10 10:50:28','2018-02-10 10:50:28','dosen'),('328bbd97-a4a7-48e4-adb5-19d320d7d391',NULL,'$2y$10$Tj6VI6ENusV2MZXOL937lug9r6y54udGILpsJ.kZWPld4Ei0Qj3Ii',NULL,'DS1001',NULL,'2018-02-10 10:50:28','2018-02-10 10:50:28','dosen'),('3314e46d-88ac-4194-88d2-8969b835df27',NULL,'$2y$10$Gdb7HJqGGdsvrX1Rol2Hh.KBEXJTaCNYMfeNqN1lrOM0LkE8C8CrC',NULL,'16',NULL,'2018-02-09 14:41:15','2018-02-09 14:41:15','dosen'),('33980f82-3a09-495d-a944-06cacf2e3def',NULL,'$2y$10$X4Oo.1lKUK2lTnWxz9QdOuJ4FitZDMpMxQ6N38hUmb/i0xITs7IC6',NULL,'9211650013052',NULL,'2018-02-09 14:29:37','2018-02-09 14:29:37','mahasiswa'),('341bf9f5-cc6c-475b-a94e-4c501a091f50',NULL,'$2y$10$SJo1b4zsRLHrZoyJiBBSqutH9YACZ4x4dvsxw.UFxjD1dGwnk8hZO',NULL,'9211650025002',NULL,'2018-02-10 11:13:03','2018-02-10 11:13:03','mahasiswa'),('34cf8df9-3ea4-4dd8-8a2e-cfe5b6211b95',NULL,'$2y$10$1rrYFvg9oI7EE8zz9aQlvelGMFBBi/PxjQGe3JPupeI36crVXWfn.',NULL,'130781347',NULL,'2018-02-12 19:01:31','2018-02-12 19:01:31','dosen'),('352de5f3-6e2b-4277-8546-28e1a14c10aa',NULL,'$2y$10$K6j0BckmOIXraFzT60Z5..zzr9Ewu34m1huD0A.1I3PksuFMa5CpG',NULL,'1.96501101988031e17',NULL,'2018-02-10 10:50:28','2018-02-10 10:50:28','dosen'),('3595866c-6458-40ff-8e8d-09ec5819673a',NULL,'$2y$10$88wcngWH5.UFwubHWSqA9O96qhY5T.pk7MDOF1cBVzNi/qDzEiuIi',NULL,'91000081',NULL,'2018-02-10 11:01:51','2018-02-10 11:01:51','dosen'),('35be4ce8-5fb5-48e6-bc2e-dd34fdaaad44',NULL,'$2y$10$kepGf/CsWwr8Ndx/5E9mteLWONvpwzJALdVN87FDp2sFrMGewMLxu',NULL,'9211650014023',NULL,'2018-02-09 14:29:37','2018-02-09 14:29:37','mahasiswa'),('35f0305c-f0d1-48ac-9614-502da70e4c4f',NULL,'$2y$10$ikedaH.Z4S3qfF9kgQpC6em6Blgmae.nHLDctt2HM6DE/vR1y26j.',NULL,'9211750025018',NULL,'2018-02-10 11:13:03','2018-02-10 11:13:03','mahasiswa'),('360ba98b-5aa6-41ba-bcc8-073e42b85573',NULL,'$2y$10$sN5frjPbbJjbmIeWGGfsXu6csbCWbmpFeKoJoJRMuGBwh9smeR4B6',NULL,'91000073',NULL,'2018-02-10 11:01:51','2018-02-10 11:01:51','dosen'),('36ed9309-795e-4a88-a011-613de808e1d4',NULL,'$2y$10$MElkBo7w0NzBKC8dHamYQeVZz2YhLnlzKH6Q8Y/hbc1nldIx1b.26',NULL,'DF001',NULL,'2018-02-10 10:50:28','2018-02-10 10:50:28','dosen'),('376be356-4b45-4f3a-84d2-c2aac56cc363',NULL,'$2y$10$Cc3iijZ8rzjX10Suvgu/m.2Oq4vmjKarrH8Wny4GuXqu0szvbRUjG',NULL,'9211650055011',NULL,'2018-02-10 11:13:03','2018-02-10 11:13:03','mahasiswa'),('380b3851-d075-498f-a5e0-a76ccfc7726e',NULL,'$2y$10$sMooItX4Vryn9vts14fckuY4Khb1tY.kyJSh9y.u8YFcI8CEHQiQq',NULL,'1.97109291995121e17',NULL,'2018-02-10 10:50:28','2018-02-10 10:50:28','dosen'),('383aa24a-d25a-4487-b9cc-0777eb552775',NULL,'$2y$10$fmRMzyEc9t/cZ2liNrE4m.8jvjQkSHsINHenXGcQWaRRpCqflvUhu',NULL,'91000037',NULL,'2018-02-10 11:01:51','2018-02-10 11:01:51','dosen'),('38d60b02-7fd0-402b-97e1-06729dbac1bc',NULL,'$2y$10$Cc4HQJW03/CpgRjx62VL7eZi5zR1.3/p98roy.XpxgUVDExa3NryO',NULL,'9211750023006',NULL,'2018-02-10 11:13:03','2018-02-10 11:13:03','mahasiswa'),('38f4680a-143f-4c16-8b1b-02305e0632c3',NULL,'$2y$10$hgJTApmdBrsCxHl5Oc7jG.IcltZSldSWKdm5ry4n9nthPiEMHNELa',NULL,'2',NULL,'2018-02-09 14:41:15','2018-02-09 14:41:15','dosen'),('38f88ecc-aa6f-4d8f-afa8-7b79b42dbe3a',NULL,'$2y$10$EIJ42AACSih9NEYpmbLxfu9l2OQ7Fsdft584WksHnAiwbXNV.gKeS',NULL,'91000082',NULL,'2018-02-10 11:01:51','2018-02-10 11:01:51','dosen'),('38fbb8f9-69ab-47e5-af3b-3b6bab509ccd',NULL,'$2y$10$pOxgw9WP2rvIdLItWvKDf.S/Ll1pZh3cZ7engxZAzQ6Yg/MDuAo36',NULL,'131964944',NULL,'2018-02-10 10:50:28','2018-02-10 10:50:28','dosen'),('39181b81-ce85-442f-a96d-f98c13914ba2',NULL,'$2y$10$BcCPiLnqPR9k6.TiBkiPyuUQWMzzyXbZiMIHQLy1YMCm.u9Ywvz7S',NULL,'9211650017001',NULL,'2018-02-09 14:29:37','2018-02-09 14:29:37','mahasiswa'),('397f3dd0-8597-4e12-94f5-084ac40b55b5',NULL,'$2y$10$NOwBDkatf5pQvMrKt4oiAu4JlwfOZ8AT2b.s8ncIwn2VEUDZSTvCW',NULL,'37',NULL,'2018-02-09 14:41:15','2018-02-09 14:41:15','dosen'),('399fe63a-3bb8-4497-be64-cc943361e013',NULL,'$2y$10$K/Fd0Pqi5z0jMbpRocqqI.CzNpTR6B67.nSJMh1KhVMnEqgzMzLWS',NULL,'9211750014003',NULL,'2018-02-09 14:29:37','2018-02-09 14:29:37','mahasiswa'),('39ae620e-ec92-4424-939e-bd94f243356a',NULL,'$2y$10$lyV7GbWt4iwSTBC10ENBsuJuI6KIND4ft3KQ1lZt14uLBlRcbeU/K',NULL,'91000035',NULL,'2018-02-10 11:01:51','2018-02-10 11:01:51','dosen'),('3a36a832-0740-46c5-89af-cb4e9b80edff',NULL,'$2y$10$7RizkxWJkjqfvALuWDo21u8zQKFENwCZHAonUFjgA2PaXWMq.m02C',NULL,'131796141',NULL,'2018-02-10 10:50:28','2018-02-10 10:50:28','dosen'),('3a5d2093-ff10-4731-a0a8-2da9618d9d0f',NULL,'$2y$10$z4OCq1UqxWZDxX7yE8h5jOYqbUNLANFNB5GtQFBwcZio.Ue3D9zgq',NULL,'1.96110211986031e17',NULL,'2018-02-10 10:50:28','2018-02-10 10:50:28','dosen'),('3a8d73cc-4720-4b92-80c6-6c58c0a29393',NULL,'$2y$10$uuAk49K0B3VPvFt70NgyjO4P/J7HUj9t0EMqm/ewXckelkCWX2LD6',NULL,'9211750024017',NULL,'2018-02-10 11:13:03','2018-02-10 11:13:03','mahasiswa'),('3adce1dd-8cea-4f8c-b44c-23161804f1e0',NULL,'$2y$10$X52IUlrr5oDxWx9g3mKgZOZRJu20IvsS3o9utIA/hiAaH32zqhcW6',NULL,'DB001',NULL,'2018-02-10 10:50:28','2018-02-10 10:50:28','dosen'),('3aff5e29-f40d-44a1-9a53-87fa160a4ecb',NULL,'$2y$10$4w0HgfVrJCkFJ437VBROsusM4RZfEsYElhU5nJENexp8EwQXd1Xdi',NULL,'9211750013022',NULL,'2018-02-09 14:29:37','2018-02-09 14:29:37','mahasiswa'),('3b173637-684c-4f4d-9571-bd7f9eea5f55',NULL,'$2y$10$ve3XHWhSD2WyBlrACjNYhum5ozIH0F6z3p18u.sHqUyYL/RcnrS6e',NULL,'9211750016001',NULL,'2018-02-09 14:29:37','2018-02-09 14:29:37','mahasiswa'),('3b28e32e-4a1e-4c10-a691-f3b43edac02d',NULL,'$2y$10$gawZNe01ac6Tza8.bTznY.UqnRNX/Fg9I7Ek2jf6qrclnhWJFxAJa',NULL,'9211650017004',NULL,'2018-02-09 14:29:37','2018-02-09 14:29:37','mahasiswa'),('3bc3a802-f558-422a-bd6b-993b2f65ca30',NULL,'$2y$10$DQfkvHVMDgT2tPu3jjP3WuYkgxOgUHI.zYLm1/QGtNuf47EJ3Z1Ne',NULL,'91000070',NULL,'2018-02-10 11:01:51','2018-02-10 11:01:51','dosen'),('3c194345-d08a-485f-bac4-333e57605058',NULL,'$2y$10$HbQgYaa2kpC6SOQ/vKfqge5vFLn8pGtuNsTNS4IMx.R/Kt/zLQ0BK',NULL,'9211750054003',NULL,'2018-02-10 11:13:03','2018-02-10 11:13:03','mahasiswa'),('3c7129fa-1898-42fb-96e6-0491313d3416',NULL,'$2y$10$tB0DxizvCDXhVJ3FX0SbBOY3aiPdrVawUtLZM.leKq2efx4Q9Jumu',NULL,'9211750014012',NULL,'2018-02-09 14:29:37','2018-02-09 14:29:37','mahasiswa'),('3d03d823-9788-4bfa-9b22-984f72d579cf',NULL,'$2y$10$.RALHi3Ln6qdJ26wUP8GaOszLc7lbbbwZxH0Q6xbTv0EbguwfjMz.',NULL,'9211650054011',NULL,'2018-02-10 11:13:03','2018-02-10 11:13:03','mahasiswa'),('3db059b7-4f6f-4ccc-ac0c-7fdc32d8d41b',NULL,'$2y$10$fmBMsImTiKC1mTE3pEW61.TmYHigF7SIFA80bJ5BWcp2xv/IxnwQy',NULL,'9211750015011',NULL,'2018-02-09 14:29:37','2018-02-09 14:29:37','mahasiswa'),('3db28522-363f-4330-94c2-1015d1cdad4f',NULL,'$2y$10$fb0Oh4J5lKqsGLzEoYDzrOqdklODeLl13rHt5akCqzZY/FbDXeHea',NULL,'9211650017006',NULL,'2018-02-09 14:29:37','2018-02-09 14:29:37','mahasiswa'),('3db8c963-384a-496e-afb5-7888ce2ee6cf',NULL,'$2y$10$yG0agsE3rzSZvu3a0IMa5.x5Eo5n9hFuj2YiprY3gbc8KQxjV/ysm',NULL,'9211750053027',NULL,'2018-02-10 11:13:03','2018-02-10 11:13:03','mahasiswa'),('3dd42d7c-39c8-4222-b30c-bfc32c1b2400',NULL,'$2y$10$t3LHdZ/HlReTSFDTw/GdyOPT1VXiHE0MneFvbaGjLh3Fcf3kie82S',NULL,'5200201301010',NULL,'2018-02-10 10:50:28','2018-02-10 10:50:28','dosen'),('3e19df9b-e0d5-449a-865c-c08610933ab5',NULL,'$2y$10$t30LCG8lxhTTbYgHp4U0xOHwFCRTwb.uujGjfd3BgLieQlE8xpDFG',NULL,'9211650025001',NULL,'2018-02-10 11:13:03','2018-02-10 11:13:03','mahasiswa'),('3e35484a-afcb-4b0e-a0d7-cf2e77d08082',NULL,'$2y$10$AE5AwblPQid1Lw5gZgtw3e/d7DPz.ILYEkpzrgsHHtObw/fAPzLL2',NULL,'1.97005231996011e17',NULL,'2018-02-10 10:50:28','2018-02-10 10:50:28','dosen'),('3e4fc871-3142-498f-8540-449259b97ee4',NULL,'$2y$10$dQ4NvW.pYcd.ZB61mlftsumA3t..KnlwKbZkXp46uRkxT4HeBJjrW',NULL,'9211750023012',NULL,'2018-02-10 11:13:03','2018-02-10 11:13:03','mahasiswa'),('3ea0c3b9-3a3d-44a4-92d9-f3529a85ab44',NULL,'$2y$10$Drn.nPkf4E31MdwI5lBcKe2t9LBTmCnIRVlofaaH28TsG4Km.Aw1W',NULL,'9211650024013',NULL,'2018-02-10 11:13:03','2018-02-10 11:13:03','mahasiswa'),('3eaf8577-7ae1-4bde-b6f7-17149e95b0b3',NULL,'$2y$10$rfL3sqoyufnuwD8gUwEinOgr3tksGtril89bLsV81lHkqThL2GAqW',NULL,'91000022',NULL,'2018-02-10 11:01:51','2018-02-10 11:01:51','dosen'),('3ed53e45-dec6-4500-9cf6-ed12d5762195',NULL,'$2y$10$PyShBKaeoE/ykMhSrlzY5..Wa.rmq1UbleO9cUx1qDNEjhCMVEqdO',NULL,'1.98203262003121e17',NULL,'2018-02-10 10:50:28','2018-02-10 10:50:28','dosen'),('3fc3e119-7a24-4a0a-8c7b-4287144ab156',NULL,'$2y$10$oujgAyGq7eGXxHL8709Bm.PhW2CjSqSHDk/bDpjRjFm0l/3pVt3Qy',NULL,'9211750015301',NULL,'2018-02-09 14:29:37','2018-02-09 14:29:37','mahasiswa'),('4034e6b0-9eb8-4715-a995-8f1e76024ed7',NULL,'$2y$10$5fV13O23EUhaLoP0HGay1uCUq2gcY3zM9lSF/AhpIqgv1vjCaIoy2',NULL,'9211650013042',NULL,'2018-02-09 14:29:37','2018-02-09 14:29:37','mahasiswa'),('40593274-969b-4908-8a5f-432c5c1a0de4',NULL,'$2y$10$Dn8wscCSG61txyECZ3GzR.OdxakNK6dwwgwAG19LYGKOSIH1FEEfq',NULL,'9211750016008',NULL,'2018-02-09 14:29:37','2018-02-09 14:29:37','mahasiswa'),('409562bd-07e8-488d-8d62-3422f578a0af',NULL,'$2y$10$01AQBohDiofRgWBQP7LBO.rG4Gn9Vj2aeT7e7yJ1C0hSVaA0Vqx0G',NULL,'DP001',NULL,'2018-02-10 10:50:28','2018-02-10 10:50:28','dosen'),('40cb2162-848d-499c-9834-aaaff2ddeea2',NULL,'$2y$10$gmkhD86WWXEf5akJ/l0/hO/wr96davlY4jyHJwDqbR5e.VSDGAak6',NULL,'9211750014009',NULL,'2018-02-09 14:29:37','2018-02-09 14:29:37','mahasiswa'),('40fdacad-bc9f-4311-a121-5ea862450a4e',NULL,'$2y$10$9p.2uPzQaHpCae7DpYDNKOiglBTAO66D1hoTgxe2CKi56kGMDGRl6',NULL,'DL-YRP',NULL,'2018-02-10 10:50:28','2018-02-10 10:50:28','dosen'),('410ab849-b947-4c0d-92be-90096ed492b6',NULL,'$2y$10$Jj2gChv.vH0oyiYMt0Ljt.iQSJ8lcWybnGiVGPqXFyaEIdsw/jB4y',NULL,'9211750025008',NULL,'2018-02-10 11:13:03','2018-02-10 11:13:03','mahasiswa'),('4170a272-1300-4ffb-a109-4737b4fa1561',NULL,'$2y$10$B2RqXeXxzU885z4Mbmi4D.pReS6nYqqbrMXHQ19EI/K/NVuFhLOCe',NULL,'91000036',NULL,'2018-02-10 11:01:51','2018-02-10 11:01:51','dosen'),('424b748d-000b-4889-be5b-d7994db734fa',NULL,'$2y$10$FqhiOwLR7owcCg3DpD2.hOsiRTP9iZNSNXAQMY8E8VE9dn66WADBK',NULL,'9211650023017',NULL,'2018-02-10 11:13:03','2018-02-10 11:13:03','mahasiswa'),('42746675-2c42-4185-8663-97dd3a5e400a',NULL,'$2y$10$M.QzT099ZnQbJobLaR3du.E2Q452cN534m2nbWL2idOZwf88XJIci',NULL,'9211650013044',NULL,'2018-03-14 16:16:18','2018-03-14 16:16:18','mahasiswa'),('431fa8b5-c515-4925-a8ce-3c3fb28c23d2',NULL,'$2y$10$tzP6dNtiWovSRym3iz2APOPmj1nnAFwAs892EMQq2GZhEbkR1xWXy',NULL,'1.96503101991021e17',NULL,'2018-02-10 10:50:28','2018-02-10 10:50:28','dosen'),('43d44d26-6df8-44c1-849d-fa7528b60d5c',NULL,'$2y$10$OzMZ9C60F/cXyL3LpWm/n.qCwt0KyZd27Koe0kgccEX5cAW0G6jOu',NULL,'31',NULL,'2018-02-09 14:41:15','2018-02-09 14:41:15','dosen'),('443067ea-4348-44c8-b0d4-e0aa8e534825',NULL,'$2y$10$c8mjDXICDUobJOwZ4GAs/OjhFBNP.8Cz/6r1ccFBlutW7MUcMuPOa',NULL,'9211650053025',NULL,'2018-02-10 11:13:03','2018-02-10 11:13:03','mahasiswa'),('44acf4c6-435c-4a41-b9d3-bef0d263e394',NULL,'$2y$10$NczA9/hdRih5IWCpgq5TQOh4ATYxrKwEqA8b9u0qBPp91kiWI8BeG',NULL,'91000044',NULL,'2018-02-10 11:01:51','2018-02-10 11:01:51','dosen'),('44e7eda8-3b5d-4acf-a3d7-92061e3b875e',NULL,'$2y$10$uhjvCSWUP.uwD5Vsll42cO/j77wvFvy041c.RbTnTHCLZMDG5Zwl2',NULL,'9211650014006',NULL,'2018-02-09 14:29:37','2018-02-09 14:29:37','mahasiswa'),('45288750-66cd-4ed3-8eb5-5cbe3a5793a5',NULL,'$2y$10$.2.5lfhJM0aUDk63kzP9d.vUv/KuKXJgtMAafzzW5Pz7c4NukFgtW',NULL,'9211650015029',NULL,'2018-02-09 14:29:37','2018-02-09 14:29:37','mahasiswa'),('453cf86d-26d6-4bc2-acaf-5b3c28dd127b',NULL,'$2y$10$8DWgthFgptCT952FS6qD6.FQJ0H.cJO2EL8mvzV1YwiJsQtr210mG',NULL,'9211750024008',NULL,'2018-02-10 11:13:03','2018-02-10 11:13:03','mahasiswa'),('454295d7-387d-4ef8-a3db-0830442034ac',NULL,'$2y$10$1ErqcmoNOsV5TcAe4b9omeEKGJPOJwEdREHzBGofCjG.lZM4psSMW',NULL,'DE001',NULL,'2018-02-10 10:50:28','2018-02-10 10:50:28','dosen'),('46cf2f1c-2735-46c8-8929-1dab8c850cc9',NULL,'$2y$10$NDXApS93yvY1ONAf0ZncFu0AicL6Jzzvx./lbnpXPyI5WDeLWTqWa',NULL,'9211750015005',NULL,'2018-02-09 14:29:37','2018-02-09 14:29:37','mahasiswa'),('476caacc-2702-4a65-9e67-bf1be5e314f3',NULL,'$2y$10$iE5jZhI13IpB6UKzenD4Q.KC/Ok5Fodb0jgi0NbI8ds2L2vUP/nbe',NULL,'9211650054015',NULL,'2018-02-10 11:13:03','2018-02-10 11:13:03','mahasiswa'),('478986b6-6b75-4215-acef-81a560ee47a4',NULL,'$2y$10$GYnI3CCeCtmKBuXbfvOT3eAyr2WUQKuG85hGz6.Wnbi6VK4vobMl.',NULL,'1.95305021981031e17',NULL,'2018-02-10 10:50:28','2018-02-10 10:50:28','dosen'),('4867944a-5672-4694-bf10-1c95db9a5c9f',NULL,'$2y$10$IySpU5GW4W0MdEMYGsr1PeabQqLtwgSv2hLQSeZguLrD1rre/98j.',NULL,'1.96912311994121e17',NULL,'2018-02-10 10:50:28','2018-02-10 10:50:28','dosen'),('49332e10-7130-4cf3-9e93-472217c8f318',NULL,'$2y$10$pXQmvLI34JVDs6sx9cDmdejOY3zp9MTq98C9CjOINl/g3DdGilwHu',NULL,'DL-UTem',NULL,'2018-02-10 10:50:28','2018-02-10 10:50:28','dosen'),('493dd8b1-b367-4554-8fa1-f3e0bd276ede',NULL,'$2y$10$9p4NILW4xVdU3.BVMIrvJ.xYeXgWBppEH676ULiuA.5I.1f3Sbfi.',NULL,'9211650015017',NULL,'2018-02-09 14:29:37','2018-02-09 14:29:37','mahasiswa'),('493f88b2-9567-4e6b-bd7b-18b25f6f3eb4',NULL,'$2y$10$QYT2TzFjIkhJLLjXPkRHp.YGWYCjrLkfaL5I0huSOABL1Ue6eRLye',NULL,'9211650017009',NULL,'2018-02-09 14:29:37','2018-02-09 14:29:37','mahasiswa'),('49cf87d4-d1c0-4cc4-97e1-2cb8034e1383',NULL,'$2y$10$HZJpfPII03pSaX4ECz5siuHwj0Xh3wayqiF9ylX1i/Rdr5JaZEPSy',NULL,'9211750013005',NULL,'2018-02-09 14:29:37','2018-02-09 14:29:37','mahasiswa'),('49e6332d-f4e9-4323-b302-aedc8a2bf994',NULL,'$2y$10$3gB/FRAGfoDLVSwPFO/eje2Ensu1FCyEdN6AvlbvgoTOTeyFMYgBa',NULL,'9211650016014',NULL,'2018-02-09 14:29:37','2018-02-09 14:29:37','mahasiswa'),('4b671208-aff9-4c5a-8b42-15c524cffb0d',NULL,'$2y$10$.6VSYVFvqpPemhoBeq92hursiVregsuqNoMg3fMmTqfmCOaRwisWG',NULL,'9211750053018',NULL,'2018-02-10 11:13:03','2018-02-10 11:13:03','mahasiswa'),('4b938557-ad01-4997-a1f1-8fc13ea25352',NULL,'$2y$10$t2JbbOQgyl9YrJJiwln09OkgxJwVFRC0gFj25MvtEWCaYpzC6rCfq',NULL,'9211650014022',NULL,'2018-02-09 14:29:37','2018-02-09 14:29:37','mahasiswa'),('4bdcb470-aa9e-48dc-9801-3c735699f4e0',NULL,'$2y$10$7SQwzHQVFwTOidF6/mzabuwADBoy6JDfEs3FnqeQc9UiN958iDbVu',NULL,'9211650014036',NULL,'2018-02-09 14:29:37','2018-02-09 14:29:37','mahasiswa'),('4c271613-52c1-4b03-b3e9-a3f713563030',NULL,'$2y$10$XnQio5DUCAOLUZl61SCrT.rom6ehYsNrirFxoSXhV0i6/K82SPdzK',NULL,'9211650014016',NULL,'2018-02-09 14:29:37','2018-02-09 14:29:37','mahasiswa'),('4c4c195e-1b01-427d-a746-4afa248168c7',NULL,'$2y$10$ZIHF/LGjM/PcMPK/vlj38elEYIz3DnJkl3vbGu3fh9cS1kSPHEyM2',NULL,'91000047',NULL,'2018-02-10 11:01:51','2018-02-10 11:01:51','dosen'),('4cd10373-99e9-40eb-92f2-817f9a2198be',NULL,'$2y$10$wS3/P4xeNjIh1pMZaX7E9e.J6iN3QpJg5mt7QDcbV3uQ2nPGCTgku',NULL,'1987201711061',NULL,'2018-02-10 10:50:28','2018-02-10 10:50:28','dosen'),('4ceac14e-f892-492d-9fb7-aaabd6452781',NULL,'$2y$10$OKZvb7RtMe6LFxZ7MtleveU7d2FCjXsUfsf8Q7ZzSFFB26FGMmQpG',NULL,'132303065',NULL,'2018-02-10 10:50:28','2018-02-10 10:50:28','dosen'),('4cf1b9b0-dbb3-4163-bbc7-fef89e714538',NULL,'$2y$10$ffRJ03/1VIcfYDcqeodTRucnKcLqO96ger7jFJYCcLfQKruExm8p2',NULL,'9211650013013',NULL,'2018-02-09 14:29:37','2018-02-09 14:29:37','mahasiswa'),('4d2ca7e1-3ee2-4b5e-8880-72ebe5cf2900',NULL,'$2y$10$TqTJ654hwQXfFdojZOig9evgJKEfF.56hLBfQit8bIoPmrm0Vf20W',NULL,'91000008',NULL,'2018-02-10 11:01:51','2018-02-10 11:01:51','dosen'),('4dd6092d-7041-4094-82e9-a81e6d500460',NULL,'$2y$10$FY907qrslmh2QHw1MM.BHer8P2nvZpzM5PqE0foEmpm1JUT5w.igW',NULL,'9211750054007',NULL,'2018-02-10 11:13:03','2018-02-10 11:13:03','mahasiswa'),('4e545155-c95d-4f3d-b58d-c5522e2c4a62',NULL,'$2y$10$MzQdG9TiPRfwuMBaL.4o/eKz5H0Je/HqZBhPmMSKgVZwj2BcPmTz6',NULL,'1.97109271999031e17',NULL,'2018-02-10 10:50:28','2018-02-10 10:50:28','dosen'),('4e711830-38ea-4913-b9b5-5bca8becf6e0',NULL,'$2y$10$XHnbkUFtbc4bTZWwvHbto.J2yvyYUa3ftv3Pj5Wool98/FS2/DIcK',NULL,'91000054',NULL,'2018-02-10 11:01:51','2018-02-10 11:01:51','dosen'),('4e841b48-b4af-4dbc-bd3c-b198afc648aa',NULL,'$2y$10$6KRP/qEH844.pJOM6REU.uF.Qo7jhTxH7MoofaWRVaCJCdbCbXfI2',NULL,'DP002',NULL,'2018-02-10 10:50:28','2018-02-10 10:50:28','dosen'),('4ea083e1-5b0b-4129-bb5b-9ce2eaaea777',NULL,'$2y$10$z7Hg9sc2ZsywJFLsCB2PDuESpoXS8UzeeYUVtkrlE3p.7LaH/0wxq',NULL,'9211750053025',NULL,'2018-02-10 11:13:03','2018-02-10 11:13:03','mahasiswa'),('4ec27970-d19d-4bf0-91c3-dce5a25a23bb',NULL,'$2y$10$Ys7xW3fyuuFF92kK4HuhROfXGuH9WMdOGdoHNnd/BBRTy.PheQ43y',NULL,'9211750025005',NULL,'2018-02-10 11:13:03','2018-02-10 11:13:03','mahasiswa'),('4ecd89c5-0a37-4ab9-8d85-d0b2f8006eb6',NULL,'$2y$10$VNz3IyO/ys71PgF8RnE3cOqdu30F1TA669hdTJC7mnT9S1qhjypiq',NULL,'DH010',NULL,'2018-02-10 10:50:28','2018-02-10 10:50:28','dosen'),('4ed66edd-2cd9-4ed1-95bb-2085a9fc0c0a',NULL,'$2y$10$5LxPRdhKJDinMHjMazMabe6dAB9F4ResMOj.tOnl0jRCeBoJ4Lcz.',NULL,'20',NULL,'2018-02-09 14:41:15','2018-02-09 14:41:15','dosen'),('4edc6f3d-abfd-4a12-8d11-47c0c0545017',NULL,'$2y$10$Qmht9CKlfjsUGA3fdH/fqO2wKlhdE5zdrtKabYHmgjW8yGJE/1Xsa',NULL,'9211750023005',NULL,'2018-02-10 11:13:03','2018-02-10 11:13:03','mahasiswa'),('4f587076-5f97-46f1-81ba-76fff1bdc3bb',NULL,'$2y$10$e2C16XhMbmpAy1KhWJ9iPeimSbdE31d14R1Ixcolo5Napvfbug5Wi',NULL,'1.95004021979011e17',NULL,'2018-02-10 10:50:28','2018-02-10 10:50:28','dosen'),('4fca984b-fcf3-4c1d-94e7-ec0002841e1c',NULL,'$2y$10$j9CV/26BBTDmPfX6y1VXNed4mlu4ljbOP894kCSm6pnI2FtN2I.7G',NULL,'9211750014005',NULL,'2018-02-09 14:29:37','2018-02-09 14:29:37','mahasiswa'),('50116779-0146-4acd-ae04-3ebeb408b31c',NULL,'$2y$10$rWW.Ml2EBQcQqZOY0D428.MnctWqEgayPZO7YJ226CNw01NfPmvfW',NULL,'DL-ARS',NULL,'2018-02-10 10:50:28','2018-02-10 10:50:28','dosen'),('50503893-47d0-4229-b5fc-525fdc48c21f',NULL,'$2y$10$hng.e1yG.94ctXA63E8VquzxFF0R.ODEA1UWe0Nl/1wR.EE8wucEa',NULL,'9211750013019',NULL,'2018-02-09 14:29:37','2018-02-09 14:29:37','mahasiswa'),('509d834a-3c10-48f6-8179-caf76640fdc5',NULL,'$2y$10$36csJkjX3m5n/vr.0FbUJOtYtm8x2wjD2rLBkF1AhtzpOM.WLtwTC',NULL,'9211750054001',NULL,'2018-02-10 11:13:03','2018-02-10 11:13:03','mahasiswa'),('50e4cf90-712f-4fef-b6a3-22aee151bf05',NULL,'$2y$10$D0luWaSuisDdp1URqdhS9OklWdY1Sbh2FQU2DyEcUNwIs6eX28Lb2',NULL,'9211650015041',NULL,'2018-02-09 14:29:37','2018-02-09 14:29:37','mahasiswa'),('512160b1-0023-4686-9ad9-f187f477ea4f',NULL,'$2y$10$nF1o/Oc.6BvA783tPHhI3ehlXASPRvAASdcYNOoVBUA8.2DHqjH6G',NULL,'9211650054009',NULL,'2018-02-10 11:13:03','2018-02-10 11:13:03','mahasiswa'),('512773c0-a806-4afe-9490-5acaf957fd7e',NULL,'$2y$10$e0sO3HtFLNk.guAnCBSYQuTYGzVQ.oeBfTG8sNdCWZnlQrhti3aCW',NULL,'9211650053016',NULL,'2018-02-10 11:13:03','2018-02-10 11:13:03','mahasiswa'),('52158ee2-2136-4340-aabd-47a1ce941988',NULL,'$2y$10$JJcgGVl43.YNCEy2z8qvPu.ClmXmzMzlLlJn0Xm9TUKiAid.3f/Ru',NULL,'9211650023013',NULL,'2018-02-10 11:13:03','2018-02-10 11:13:03','mahasiswa'),('521b011a-073c-473f-b95b-c11ad2d30ec1',NULL,'$2y$10$HM/ooq0nviHxWaOmgwoSL.ov1H6IkFl5yICyZ2LQKdCxqU6PKQEqe',NULL,'9211650013051',NULL,'2018-02-09 14:29:37','2018-02-09 14:29:37','mahasiswa'),('53ad4932-f9a8-46fa-bf65-a69a6fd5eb8a',NULL,'$2y$10$1GQyxeaqoOn6j3G1nn8pk.Si78Xrd6xQpk6guFy.nIqLoB5Yf96mO',NULL,'9211550017012',NULL,'2018-02-10 11:13:03','2018-02-10 11:13:03','mahasiswa'),('53b7ff1d-94e8-49af-b41d-6a70dc968993',NULL,'$2y$10$RKEt6z.cpXav3bokJO3dI.m9BuSCdaw8uAZ8B8K1N/6aUpLxxIqt6',NULL,'9211750024003',NULL,'2018-02-10 11:13:03','2018-02-10 11:13:03','mahasiswa'),('53c3ca71-de66-4678-b3df-d716014ff44c',NULL,'$2y$10$XX5kO/S8aQms1k3I82EyKeoPB4aQ7iwc844GcfPlQK.wG74vgQvZa',NULL,'5',NULL,'2018-02-09 14:41:15','2018-02-09 14:41:15','dosen'),('542b875a-d6e5-4e27-a75a-75a57791400c',NULL,'$2y$10$Ij5.3Y5tlhMT7p54SmvKXOMj6ObOl1PJcuZlI3VYaiCYP3obkDExW',NULL,'9211650016004',NULL,'2018-02-09 14:29:37','2018-02-09 14:29:37','mahasiswa'),('545219c9-ae51-4883-86f5-699d1036d0e7',NULL,'$2y$10$ckmWaVYkpBItHVd0jZtbmOOnA3VIePGbibFXB/6oshuJY3lW/g89a',NULL,'91000021',NULL,'2018-02-10 11:01:51','2018-02-10 11:01:51','dosen'),('546104cb-1ce7-478e-95e1-1c0f3a792f0e',NULL,'$2y$10$S2qgEjY25dbcbjo/4Pzuh.XVoE6wI..FXSuZePYpaGIgoRC8QgH.S',NULL,'9211750024011',NULL,'2018-02-10 11:13:03','2018-02-10 11:13:03','mahasiswa'),('549ac6f5-cf9e-4066-af58-07c0b652c8b1',NULL,'$2y$10$cE3doXdk2gRtkapiE1DtVepuP/uyu7rVB.ERomexmVmX07rYWdUsC',NULL,'DLB',NULL,'2018-02-10 10:50:28','2018-02-10 10:50:28','dosen'),('54ba2cbc-5b17-4733-afed-18b2edc1e2d1',NULL,'$2y$10$5YiysxBPslZ9SQtlzmwYWunVJv94tVOhIHSs2kN56zFCXh2PdHObe',NULL,'51',NULL,'2018-02-09 14:41:15','2018-02-09 14:41:15','dosen'),('54d8e36d-034d-44b4-8d7e-51e568223a6e',NULL,'$2y$10$Hnsa94b6RcNW6DHGEJiGXeXJ7ISF/NPx.6NqMNqacKwGoss0XC8YO',NULL,'3.57822470595e15',NULL,'2018-02-10 10:50:28','2018-02-10 10:50:28','dosen'),('54dc4552-152a-484a-9aa2-77deb0ade045',NULL,'$2y$10$Ik42ida1V1UmxCLEPl1RGuVA6JX53oCaUfPKIHIGKK47sQu0C2HqS',NULL,'23',NULL,'2018-02-09 14:41:15','2018-02-09 14:41:15','dosen'),('54f5f45d-266c-49c2-b474-9e29c47fdd53',NULL,'$2y$10$JAK2I0miTvI0lGupU7bss.wVWU/aQ6.J88/PrO8K.RyOeCkEkEdcq',NULL,'DL-MW',NULL,'2018-02-10 10:50:28','2018-02-10 10:50:28','dosen'),('5505a53a-c534-431d-bf00-239a4afbcb4c',NULL,'$2y$10$cKUH/ONjXsnQDVsftqLduOPXagn/vArvJOEiizeeGTbPrbUin0p8W',NULL,'91000046',NULL,'2018-02-10 11:01:51','2018-02-10 11:01:51','dosen'),('55ba30b0-7e59-4126-a558-96e0019350ee',NULL,'$2y$10$/lGgU/5Ob4oGKym5uoxyUeZ/WsLinbE1krUjj6b3aoju08rhCG3SS',NULL,'132216090',NULL,'2018-02-10 10:50:28','2018-02-10 10:50:28','dosen'),('563e2a63-dcb1-4cff-94da-a1af62d83290',NULL,'$2y$10$XrnYQcqBUyFYJaCbLrSYNu0oSp.yuDmysYnt2Rh1qT7FOk1NJAwau',NULL,'DM008',NULL,'2018-02-10 10:50:28','2018-02-10 10:50:28','dosen'),('5675ceac-6aa2-4b90-81c6-3639d8bf1fef',NULL,'$2y$10$0VkCqCZ7Xe4e8Rn4dc/EXu6d/HK61R/a35QP8NykzlydXTsVuzj72',NULL,'9211550013003',NULL,'2018-02-10 11:13:03','2018-02-10 11:13:03','mahasiswa'),('570828ee-bc8b-40e7-93be-e3d1f9620a52',NULL,'$2y$10$H/kYk7KqDlY7jkRtmpDUf.4e30PZDF1.FEDz361UsiW0BTZogY1NW',NULL,'DG001',NULL,'2018-02-10 10:50:28','2018-02-10 10:50:28','dosen'),('57dc5c05-a5e9-49c9-8f75-7bc6b8f856e9',NULL,'$2y$10$MRHGkV3R6Yyl/LbAh8UfTOCmNzSahvmjyAptL2HoIvVslqDfbS6B2',NULL,'9211750015010',NULL,'2018-02-09 14:29:37','2018-02-09 14:29:37','mahasiswa'),('57eb34c8-dbd6-47d8-b83b-ea2d7b1df0e3',NULL,'$2y$10$xArlzfh23jH3QdxBzdDc.utP7xuJfgUIGnzf7/KXuFAVekqW3g5d.',NULL,'9211750015009',NULL,'2018-02-09 14:29:37','2018-02-09 14:29:37','mahasiswa'),('580b76d0-79f3-49e2-a842-8e10a378d7a5',NULL,'$2y$10$VDkp8J00afhQ6a1iOOG5ieBg4wmn5qW5zlZ.Y8ZlebksEzUho8AKW',NULL,'1.94807101976031e17',NULL,'2018-02-10 10:50:28','2018-02-10 10:50:28','dosen'),('58d92a3b-0acc-4d3f-bda8-8d81b38b2548',NULL,'$2y$10$IeSlpOYq/HAnejxkG2sEM.zmYOapAcFKqgKUZpUwqw5CsKe3SbiY.',NULL,'9211750015019',NULL,'2018-02-09 14:29:37','2018-02-09 14:29:37','mahasiswa'),('59425c56-51c7-4db5-bb3d-5a4b2fa119f8',NULL,'$2y$10$FAMUIRZSkGdrvIXOFFy9B.ZeTlZCxwGW4pASO9dpjuNJciXIr3xUy',NULL,'1.96906131997021e17',NULL,'2018-02-10 10:50:28','2018-02-10 10:50:28','dosen'),('59567e08-1340-4bd4-90f1-855ef204aaab',NULL,'$2y$10$e2xIjJS6zx89QwT8tvHdeeADH1bK74IuNQ0TcBghmCwa/n1q5oxpW',NULL,'9211750025012',NULL,'2018-02-10 11:13:03','2018-02-10 11:13:03','mahasiswa'),('595c4e06-b8c6-4200-9367-df13a34dd065',NULL,'$2y$10$0TTh8djFJmT7woTtGRTzhemI1VrRsElrV.Hi0tV6ep7rDDYGdqfyy',NULL,'91000040',NULL,'2018-02-10 11:01:51','2018-02-10 11:01:51','dosen'),('5a325c03-f80f-4685-8f88-89618fef7d4f',NULL,'$2y$10$pXOr2BBZReula/FY0Nl6Te/VuO5zF8mbcMlXJE0ZJ0rgKEq8cs1gq',NULL,'9211550013001',NULL,'2018-02-10 11:13:03','2018-02-10 11:13:03','mahasiswa'),('5a5bda63-c388-4adc-947c-7cb6c98e0c9e',NULL,'$2y$10$f9ww0LEtsiAIvaWFiwMnEufhwkMEgfAFxJI5NHLdMfV4drKgYAHHW',NULL,'9211550017015',NULL,'2018-02-10 11:13:03','2018-02-10 11:13:03','mahasiswa'),('5aaf7433-6db8-48a5-b770-1d7b5fc14460',NULL,'$2y$10$X0cjH9oL7SeeaVxrodL9LOZ0AT9grVy8Af/y6LEvzWmtInJbBVf/q',NULL,'9211650013037',NULL,'2018-02-09 14:29:37','2018-02-09 14:29:37','mahasiswa'),('5ac71add-0e18-43f6-8362-28fafb27657e',NULL,'$2y$10$0tZB7pxmxjsfqPQplqio1eivd1wNDA1eWR.JBeqX5SqXqj1czIOBq',NULL,'10',NULL,'2018-02-09 14:41:15','2018-02-09 14:41:15','dosen'),('5b276a7d-45ea-48aa-9c3f-02689be38dc5',NULL,'$2y$10$Jg1VqEUWm/7IpC5x18LFq.bl/bSKoL2nbXRCiqv48ziKoJAxIa37y',NULL,'9211650023014',NULL,'2018-02-10 11:13:03','2018-02-10 11:13:03','mahasiswa'),('5bb2881f-7166-4b46-97ee-6e37ea09ad24',NULL,'$2y$10$A24ubX8YB7jUvhKQ..ol9O0dcyD6ZCmDJywjRCdyRn/N0GBF.v8Bi',NULL,'91000063',NULL,'2018-02-10 11:01:51','2018-02-10 11:01:51','dosen'),('5c074e95-2ce0-4afa-b176-1a430bb3f86b',NULL,'$2y$10$.oRGFzjUCR.YUK32qkd67u502kz8Tw1J2E178r0/FdqEAMkKS5FCK',NULL,'9211750053003',NULL,'2018-02-10 11:13:03','2018-02-10 11:13:03','mahasiswa'),('5c72934f-90cd-48a1-87f5-8fe40ea1c359',NULL,'$2y$10$7GzT0xUD.AxTRYWAg1kuVum/SfgDwx7yFOUMXsQzaz2Iyvix0HkRO',NULL,'1.96510201996011e17',NULL,'2018-02-10 10:50:28','2018-02-10 10:50:28','dosen'),('5c860bce-5af1-4760-9150-ed9715d0f679',NULL,'$2y$10$eOl63MD2K4szPYH9mCdl..GmwKbdYb2jtS9QwgaIAjxbEFXwRtToa',NULL,'9211650053023',NULL,'2018-02-10 11:13:03','2018-02-10 11:13:03','mahasiswa'),('5c8a5f79-edf7-475c-b6df-88b6bbf2ba48',NULL,'$2y$10$NESADAA0Ef7oUWc/UrzOf.vxTe.hsh1yzFaqCGp8qjOPOt0FZCtSO',NULL,'9211650016002',NULL,'2018-02-09 14:29:37','2018-02-09 14:29:37','mahasiswa'),('5d87628d-eb1c-46ff-8f5d-ba2e05630d8b',NULL,'$2y$10$RnwDTMKW3sY6Lz/Xgm31sOCaGB3VmMCOB14dAhtWa.U5i8cs5oh2K',NULL,'9211650025005',NULL,'2018-02-10 11:13:03','2018-02-10 11:13:03','mahasiswa'),('5dbca5ff-380f-419f-93bd-c86a6d7bae04',NULL,'$2y$10$mvbqMh2IQTvODOXTrhE6/.UjSU8/qiT3oZ198G.InRbEQ4ueOKw7O',NULL,'91000029',NULL,'2018-02-10 11:01:51','2018-02-10 11:01:51','dosen'),('5e7988f0-01a8-40aa-ab92-f472eeb09ec1',NULL,'$2y$10$nOVP/gV/nseCMaTqae7H7uzgN1.tEne2mHkZaapJApx8HFTYk6Sj2',NULL,'9211650016003',NULL,'2018-02-09 14:29:37','2018-02-09 14:29:37','mahasiswa'),('5ee97cb2-b940-4780-a270-8a7e10df522e',NULL,'$2y$10$Cg5sOZoawfzWxuYnTWE.neSG9e0KG8XftR42DZu97tdtyZ1oB0bSa',NULL,'D00051',NULL,'2018-02-10 10:50:28','2018-02-10 10:50:28','dosen'),('5f181496-85d1-4b47-984e-a26559ecf66f',NULL,'$2y$10$PA6G3E/8EC9zXY0hEuov9OAL4T8lU7y8cZI1ugAKSsN0hqTS4uhB.',NULL,'9211750054014',NULL,'2018-02-10 11:13:03','2018-02-10 11:13:03','mahasiswa'),('5f1ca4b0-d349-4cda-bbc2-9e1f528960bc',NULL,'$2y$10$QOoeqNlCjDWES4.moocyxeIMjiWSj/M0Mr/aFDALcSCG14AoIF2em',NULL,'9211750013016',NULL,'2018-02-09 14:29:37','2018-02-09 14:29:37','mahasiswa'),('5f1ff96b-c787-4a8e-b60c-9190086b29b9',NULL,'$2y$10$qCfa4ZMz8tK5M3nSPMxJI.Un4oy4.jutA3TvoQzGSHVo/dpzat4La',NULL,'DE005',NULL,'2018-02-10 10:50:28','2018-02-10 10:50:28','dosen'),('5f23f13d-b7cb-4aaa-bb6a-78e2cb9b6b94',NULL,'$2y$10$M9ftuDYdQB1BImCUukVkP.xQA69BsUXw7vhn/eMM2RxxG4mRnz2DO',NULL,'9211750025016',NULL,'2018-02-10 11:13:03','2018-02-10 11:13:03','mahasiswa'),('5f46ec79-2c0c-45d0-b28b-3c00acf27664',NULL,'$2y$10$GLFsd4J2xR6e9satoL.2u.cffwnoBK5l4DFWS.NQQP8YBy4w0lgTC',NULL,'DS008',NULL,'2018-02-10 10:50:28','2018-02-10 10:50:28','dosen'),('5f91cd72-0f0f-4731-90f5-7832c9bbfaeb',NULL,'$2y$10$Y6IHkoNU6Azj/TQUVG1N3epBp.moNXTGKhVSzUh6gkzQS6Pf6JO8S',NULL,'9211750014008',NULL,'2018-02-09 14:29:37','2018-02-09 14:29:37','mahasiswa'),('5fb193db-18a3-4e63-87ec-0e1a2d62dc17',NULL,'$2y$10$RtcU8Qgs34a4ykUX9F71feTriEgrDcfqqFCtgZTDL4tmvjrbjylA2',NULL,'9211750013009',NULL,'2018-02-09 14:29:37','2018-02-09 14:29:37','mahasiswa'),('5fdce054-0efb-4830-805d-1018c81e2090',NULL,'$2y$10$BmLFEx1XwlgNDrSBb4Vkw.rJ1kEq66luRlwigliSpmT/9tjL/CZTy',NULL,'9211650013012',NULL,'2018-02-09 14:29:37','2018-02-09 14:29:37','mahasiswa'),('606bf166-3741-48fd-a6f6-c7b8f6c8bb27',NULL,'$2y$10$Rmq/YzLFItU3ycjsla3Bw.v.D/xv5UxXP5aGDonY/V0LWVULdy5R2',NULL,'9211650025004',NULL,'2018-02-10 11:13:03','2018-02-10 11:13:03','mahasiswa'),('609bbe72-ad00-4aa7-ae00-561069cd3cef',NULL,'$2y$10$AAuGuBYNHFmtRUa5hsbkt.knvLkECuQYWXfTpliBLw27UdeMDzVeS',NULL,'9211650026009',NULL,'2018-02-10 11:13:03','2018-02-10 11:13:03','mahasiswa'),('6137ba88-25d5-4ad4-a3b3-ec2dcae98dfa',NULL,'$2y$10$bYEG4cl.AGyeKIEfKtVh3eQG9tCQM0Lizh96QEFq306pVllkr.imu',NULL,'9211650016012',NULL,'2018-02-09 14:29:37','2018-02-09 14:29:37','mahasiswa'),('6149e4bd-c51c-45e8-be1a-c25bb6bada81',NULL,'$2y$10$IJ8jyv/fYXPnxFZOPLBTzu3qYTQ92vGTT3wCtX9boT1AcsRmb0NZS',NULL,'9211750025007',NULL,'2018-02-10 11:13:03','2018-02-10 11:13:03','mahasiswa'),('617178e5-c34e-4eb2-af35-11ce2771a73d',NULL,'$2y$10$0kaX4Q098L632LD/J/pU8.rrW6WJVyACoWKm0NQqn3RVQaVn5igm2',NULL,'9211750014020',NULL,'2018-02-09 14:29:37','2018-02-09 14:29:37','mahasiswa'),('61847dc3-6e79-4ee1-b4e2-a3bb2d69bdfd',NULL,'$2y$10$hPJAzF.QACkmbXDAA8ZDF.9rPi6UT4glnjgP.9rK1u3wkwL8eMkFS',NULL,'91000064',NULL,'2018-02-10 11:01:51','2018-02-10 11:01:51','dosen'),('61b4517a-a51e-4ae6-8159-ceeff501d1ca',NULL,'$2y$10$5njSn8TVtaBUK0WtJci6Je10zgHgMQsjJAJUsmXshKP9mcM/MUdnq',NULL,'9211750013008',NULL,'2018-02-09 14:29:37','2018-02-09 14:29:37','mahasiswa'),('62282edb-b654-4b74-b199-78eba1fe15bc',NULL,'$2y$10$Vdq94I3fTQod0DoqDqcUy.CyxK8Y/GL0BuKsEHrp6pzoHdPSamMxW',NULL,'9211750026001',NULL,'2018-02-10 11:13:03','2018-02-10 11:13:03','mahasiswa'),('62792b38-a92b-4705-9be0-d4040bef342b',NULL,'$2y$10$yEwX40TvPDTQ/JKa8D60E.eF.JHboEDACU4.qlVqI2YAgkuKJzZaq',NULL,'9211650015011',NULL,'2018-02-09 14:29:37','2018-02-09 14:29:37','mahasiswa'),('6289b108-7f89-4a3d-a4dd-5ba5abe3b1d6',NULL,'$2y$10$eVf2j9MrZae.B99teKaBlumDFTJ2J5pNzgCbVo4L9fzeUFbMNn6FG',NULL,'DD004',NULL,'2018-02-10 10:50:28','2018-02-10 10:50:28','dosen'),('62fef82f-b795-42aa-9741-45d3d7412c85',NULL,'$2y$10$pneoVnTyOG4zPiOLJ9OyYex12CfVtwxfhfdfyGPSpYqzHaWZM7siC',NULL,'19',NULL,'2018-02-09 14:41:15','2018-02-09 14:41:15','dosen'),('63711819-6c78-4cf9-945f-809211da1e62',NULL,'$2y$10$otgZBR4TrvQxW9JefhjGc.FOgQ7begxuEoYadhAf0zuZC5TLb8Vue',NULL,'9211750015002',NULL,'2018-02-09 14:29:37','2018-02-09 14:29:37','mahasiswa'),('63cb3d2d-2620-4270-abb9-7afa0970108d',NULL,'$2y$10$BrRfCPPT8xdH0IdpYvQswuv1.3sXFrP2S.s/1hhtisgO.rW096iV.',NULL,'9211650015037',NULL,'2018-02-09 14:29:37','2018-02-09 14:29:37','mahasiswa'),('63dbc5e3-c590-4b4b-8138-050b81864ba4',NULL,'$2y$10$1.H1VtS5n.Mn6GtoRML76OEUtIaok4Sbv3MvciBJdoU5H51fNmhrC',NULL,'91000051',NULL,'2018-02-10 11:01:51','2018-02-10 11:01:51','dosen'),('640482eb-0011-4952-80a3-4281ccfb233b',NULL,'$2y$10$yMZnpk72twPGbFMctbM5YerqMRDCxV6cs9ziCdi1pkrLaCX9NT5uW',NULL,'9211750014022',NULL,'2018-02-09 14:29:37','2018-02-09 14:29:37','mahasiswa'),('644f244f-9033-4ebb-81e0-f71f8928b14e',NULL,'$2y$10$bzGG9imJI6iR814ohLAYFeToMEKBZ7w.0nWGLehhVAXiCeFUbPtKi',NULL,'9211650053018',NULL,'2018-02-10 11:13:03','2018-02-10 11:13:03','mahasiswa'),('64d659ed-e202-41ab-8693-b239aa8faa25',NULL,'$2y$10$MCMgyMHfswjvcHioh2A9P.PZdseze8BXgJ44h2/vLVyWe4VEpa6sy',NULL,'9211650017010',NULL,'2018-02-09 14:29:37','2018-02-09 14:29:37','mahasiswa'),('65372fee-b5db-4e6e-9353-1b6571106fbc',NULL,'$2y$10$Znb8M0iYNR8zLpLS3UJR8O1GmnBUOqvhh8stKuUKUrfOCe//yqEUC',NULL,'91000084',NULL,'2018-02-10 11:01:51','2018-02-10 11:01:51','dosen'),('65fe16dd-6cad-4dfe-993c-d623bcc26901',NULL,'$2y$10$Haj0RaAJw1hyQE05uN8GoeqbvR0qYUpvBHPt3682/tQSAWFepjrMG',NULL,'9211650015033',NULL,'2018-02-09 14:29:37','2018-02-09 14:29:37','mahasiswa'),('662d022f-9d30-4011-a325-629453e70a5c',NULL,'$2y$10$Rw970Cy5AfFJzuxWW3S4Zu7o/.mMwtG6vpHKU7a1We47AXOjlYYbS',NULL,'9211650016015',NULL,'2018-02-09 14:29:37','2018-02-09 14:29:37','mahasiswa'),('665f77fb-a522-468b-9c3d-1da9030cf9cf',NULL,'$2y$10$iFEN.VA432jnnlRIScgR3eXvXHga/DJ9F.ow.VwRbPiRVPSmY4EPC',NULL,'1.96604021989031e17',NULL,'2018-02-10 10:50:28','2018-02-10 10:50:28','dosen'),('670b4da9-e5f8-4367-8fcd-6687bf683086',NULL,'$2y$10$Jh7nFr0pMDiyya4bxI461uvz4lIoeVtVLstxV9rKYA9xF.nfuidAC',NULL,'1.97411232006041e17',NULL,'2018-02-10 10:50:28','2018-02-10 10:50:28','dosen'),('67279500-0f8c-4b82-a708-bc39a55940e7',NULL,'$2y$10$jcLseikAgZ5lPiVfyZi6J.ssHTGMt2n7yhy2C/EUqCcOBZlYZyT.W',NULL,'91000020',NULL,'2018-02-10 11:01:51','2018-02-10 11:01:51','dosen'),('678d1fc1-8588-4190-82dc-ad1ada4132a4',NULL,'$2y$10$/dUA0KLRolpBYKGcH.Iqw.IJQi7hBMfKtWKrVmjaaKJnP3pGQ2rKm',NULL,'91000087',NULL,'2018-02-10 11:01:51','2018-02-10 11:01:51','dosen'),('67999012-7036-43e6-87be-06c4c5f0dcdc',NULL,'$2y$10$xmoSDDpR2U.nxuAq4vzmweqODzG.aQY0Wk3HTuhaZIIfWqA30./f2',NULL,'9211650053007',NULL,'2018-02-10 11:13:03','2018-02-10 11:13:03','mahasiswa'),('68bdc23c-eaf3-42e0-8182-ea42102070c3',NULL,'$2y$10$.JM7b/sYeXYNV6uOJnD2wupmDLT4WWGsZ7Tidai659qHqfFlqnN3.',NULL,'9211650016013',NULL,'2018-02-09 14:29:37','2018-02-09 14:29:37','mahasiswa'),('690f9ac3-7cdd-4d76-91b4-ba1d7d4c920c',NULL,'$2y$10$C/V40GMamwOTMCz5Ym6UuuR4shBdmkWspsNGnGKbQBw8PvbeSrgCq',NULL,'DLIr',NULL,'2018-02-10 10:50:28','2018-02-10 10:50:28','dosen'),('695a52de-1533-45cd-9df5-6ffd59d7e20e',NULL,'$2y$10$Q.9uKQD3pL4Gh2t/ecYSSOG8YH.q93ZGoZXv6nDhlW9DrI79qX/wi',NULL,'9211650026007',NULL,'2018-02-10 11:13:03','2018-02-10 11:13:03','mahasiswa'),('696f482f-e23d-4698-85ba-f03bfe9011db',NULL,'$2y$10$0rz6J0CveI/q33ZZMYDChuJm0tuixVNOU.X1bD/CCtj1bP7wdBAn6',NULL,'91000071',NULL,'2018-02-10 11:01:51','2018-02-10 11:01:51','dosen'),('69b44ec8-d63d-4736-bba2-ed7d697e9491',NULL,'$2y$10$IAybxbgVyS8C8iVwGfJJTu0jQAg6T6IlB0F.opDofcRe8vAmNksg.',NULL,'1.96407251989031e17',NULL,'2018-02-10 10:50:28','2018-02-10 10:50:28','dosen'),('6a1d4bbd-6750-40ee-81ca-fe32460df996',NULL,'$2y$10$sY7U7BS3Oioxznh.fnDTBe4WM6U3/YSA2Un.V1G9mt41pw7hXNqeW',NULL,'9211650015030',NULL,'2018-02-09 14:29:37','2018-02-09 14:29:37','mahasiswa'),('6a27e554-0e0c-4506-836d-e179ab674870',NULL,'$2y$10$IRkmxf.Ed/.NJ1APBpnme.1o6QE0pAO1tANf6F/piUSa9sVIGeOpO',NULL,'9211650013024',NULL,'2018-02-09 14:29:37','2018-02-09 14:29:37','mahasiswa'),('6ae2c804-2601-4c61-8805-27de3ccf5087',NULL,'$2y$10$AhsNTuclLrhioiJCY3mGgeFy3qN9MKOJXxH188OUpLit6aO4lIK3e',NULL,'1.97405081999032e17',NULL,'2018-02-10 10:50:28','2018-02-10 10:50:28','dosen'),('6b1ffb67-351d-4ce7-87c4-f016a4a8f0a6',NULL,'$2y$10$eq0eK2K8iQfyCwNRCUdQ1.HC.uBmhfE60GuZfTMTv0uYkLYA95.lm',NULL,'9211750014021',NULL,'2018-02-09 14:29:37','2018-02-09 14:29:37','mahasiswa'),('6bb2df54-5ff2-4226-b011-373fd9d4da24',NULL,'$2y$10$b4EFSVIPohyNDykDfELg7uSDG7cFhuAV7/c0PJI8TGn0TuJnBhMTS',NULL,'91000065',NULL,'2018-02-10 11:01:51','2018-02-10 11:01:51','dosen'),('6bdad0db-74de-437d-b156-3f6c293e7bde',NULL,'$2y$10$nLFCtmF3UaKYhwqiF7TnaOAtJuAclzYm1kAL2bZejZPFKySFgkrFO',NULL,'9211650014032',NULL,'2018-02-09 14:29:37','2018-02-09 14:29:37','mahasiswa'),('6c8959fd-ccd8-4175-a240-11c5ecf02acb',NULL,'$2y$10$ly6NQjNUiPVa0W9Dm7ztpO9ZYzRsblr48vYvzGDhsvx74M1vjPeCC',NULL,'9211650053014',NULL,'2018-02-10 11:13:03','2018-02-10 11:13:03','mahasiswa'),('6c9063be-a962-4f7e-97ea-716afd1b1222',NULL,'$2y$10$LdCSUDBcr4uxoNZrIPtzJ.dNAXWRI2HQJ9PwbLKu1v29xTKcQwDJ2',NULL,'9211650023001',NULL,'2018-02-10 11:13:03','2018-02-10 11:13:03','mahasiswa'),('6cb636e5-908c-420b-8217-e3eb524155f7',NULL,'$2y$10$XLX4/iatYfbDc/HYArB9rOXYKl3kTxMP.LvaZeML2bfwL/R3XzlZu',NULL,'9211650023019',NULL,'2018-02-10 11:13:03','2018-02-10 11:13:03','mahasiswa'),('6d188149-5987-4b9d-81ed-184cf56b7d45',NULL,'$2y$10$Jnguyfz74wo5cPiTI6aXTOlmU4HZlVsh8eZFaDqEGua3VBikRWaaS',NULL,'91000086',NULL,'2018-02-10 11:01:51','2018-02-10 11:01:51','dosen'),('6d4d8990-e125-4967-94b8-53940861c107',NULL,'$2y$10$QfPfxhqN3990Wn7Z6R5tp..IHVC8LVs.2tMfHAydVUSSK6C3ujUum',NULL,'9211750015003',NULL,'2018-03-16 18:21:30','2018-03-16 18:21:30','mahasiswa'),('6d868089-cc0a-4493-b510-a18a47aafd51',NULL,'$2y$10$3/MFW6uxDX3EbB4f8HY69eudl0Zyyztulu/d9RgLZwvFS4241.tO6',NULL,'DL-DW',NULL,'2018-02-10 10:50:28','2018-02-10 10:50:28','dosen'),('6d894413-f331-426c-b605-589742d3960e',NULL,'$2y$10$OGoUEC2vxI8pQ7azs2EM1ubYaHUapNRxLbnfJVElXGSiZQOAMdwsi',NULL,'9211750055041',NULL,'2018-02-10 11:13:03','2018-02-10 11:13:03','mahasiswa'),('6e3782cf-ba6f-478f-bbc4-ea636b9c7f30',NULL,'$2y$10$VFu8Q5BimoIPenPK5sYVI.AUN70Kk/gUyIVEs2mq3huKPs0/d7pcG',NULL,'91000062',NULL,'2018-02-10 11:01:51','2018-02-10 11:01:51','dosen'),('6e6cc9b8-ba6c-4682-80ef-4920886d5d3e',NULL,'$2y$10$./TgUoyaam9u9I/vvTnJku/SluQ1jeuN0wu1nHVmtkUrN/fcEVMlC',NULL,'9211750013015',NULL,'2018-02-09 14:29:37','2018-02-09 14:29:37','mahasiswa'),('6e726c94-db79-4487-88ca-e7ac25a1e1db',NULL,'$2y$10$2FdEDptTT9qQQXFESKMI/uC0gVfa4kDVPe0fbo039Us6FOn1S3Nq6',NULL,'DJ001',NULL,'2018-02-10 10:50:28','2018-02-10 10:50:28','dosen'),('6efeccd5-6a96-495b-aeb7-c213cfacbb0b',NULL,'$2y$10$eH8dUk2qzcrp/NIoW3PQQuPTuhzrESs0BPTPL7nNy9FZ5EvdPq8x.',NULL,'DLB-BUA',NULL,'2018-02-10 10:50:28','2018-02-10 10:50:28','dosen'),('70621ce3-56a5-4bdc-adc4-3a17d1275526',NULL,'$2y$10$6q7nJE1gLqK..vph/HdvyueWjiDZLHJvsmh4/L.eA00z5ekOzyLCi',NULL,'91000032',NULL,'2018-02-10 11:01:51','2018-02-10 11:01:51','dosen'),('70a66d4e-1c29-4a5c-9d94-2c12bde56da4',NULL,'$2y$10$XM4cgLGOIH43uYfyy7ilGOhkM3pT7Vvkerp8iBv5vezl0z.uLMBtW',NULL,'9211650017002',NULL,'2018-02-09 14:29:37','2018-02-09 14:29:37','mahasiswa'),('70c9891c-2564-41c1-ac4b-b56306710b93',NULL,'$2y$10$JWzKC2H42ZYupFlBhoXeIOxMEKYscf54LZhn5eBlsSRYLIwEGmbWS',NULL,'9211750024009',NULL,'2018-02-10 11:13:03','2018-02-10 11:13:03','mahasiswa'),('70e5c3ca-ff1c-433b-9bcb-4b07cf2ab4c0',NULL,'$2y$10$b9HxSAHc39hPD6dyQ/60u.uydUvtX.rs0jnqNNVHfxpMuVtXcC/Va',NULL,'9211750054010',NULL,'2018-02-10 11:13:03','2018-02-10 11:13:03','mahasiswa'),('7107cc5f-918b-4303-9097-650418543e27',NULL,'$2y$10$tqiwO91vDrHT6QYtxGKoEO8F6EG3iA3bILLiW2vWUTv11b16RRcnS',NULL,'91000025',NULL,'2018-02-10 11:01:51','2018-02-10 11:01:51','dosen'),('714c0434-d392-4513-b86a-471f094f19c3',NULL,'$2y$10$wXJPrydBaKBUIPwVTAgfH..qZzgHxulAiQEjA/fIW5c7NkX9jkIX.',NULL,'9211650053028',NULL,'2018-02-10 11:13:03','2018-02-10 11:13:03','mahasiswa'),('715683d3-33b8-4c1a-adef-d83a2498bf97',NULL,'$2y$10$8ZvsKJG5NMekQBU31MiOnuYqf9APLXX7Li.gJstmgr1g/QMfItnIC',NULL,'9211650013049',NULL,'2018-02-09 14:29:37','2018-02-09 14:29:37','mahasiswa'),('71b9b568-d0db-4cb5-b4f7-0335d4057767',NULL,'$2y$10$U41gqTaJ3zpjPAdL/qjFmerTwYqfcy9NmYD4y9HZcJYN.D8je2J4.',NULL,'9211650026002',NULL,'2018-02-10 11:13:03','2018-02-10 11:13:03','mahasiswa'),('71d91916-5ae2-4d06-9daf-0355d46d9b61',NULL,'$2y$10$V.9YA/iO/pmTiZQIOibxs.gH1IU7k4MtEEKSGEj5YEDeTl7aBC31S',NULL,'9211650013027',NULL,'2018-02-09 14:29:37','2018-02-09 14:29:37','mahasiswa'),('725ee868-3adf-4712-bd65-d45c434aebaf',NULL,'$2y$10$gscRXgDItmoG.DH0Tf7/IuuceK7T5rdKOQpqNdass12MH.lxTLpHy',NULL,'9211650014034',NULL,'2018-02-09 14:29:37','2018-02-09 14:29:37','mahasiswa'),('7275a032-10d3-432d-9de3-be0247cb0ebf',NULL,'$2y$10$uMCHgoVZ0lEECk2zRX4RUe4NmqHkVZC7nTiy6fgNR.uSNb.N2ZKhy',NULL,'91000072',NULL,'2018-02-10 11:01:51','2018-02-10 11:01:51','dosen'),('7277796a-627c-4b34-b022-86a8a19d4c26',NULL,'$2y$10$jKeWxeGldonEZ26jYTSMd.RxIW4jErh7uq9rWkBXd0iremWub2qnq',NULL,'130936830',NULL,'2018-02-10 10:50:28','2018-02-10 10:50:28','dosen'),('73061ba7-4270-44bd-97dd-7d8292049bd7',NULL,'$2y$10$oc3LFQyTGOfg65iHXthqJuXsDFo3NQFMRz3d5tvPU3bk0/50WUyaq',NULL,'9211750053023',NULL,'2018-02-10 11:13:03','2018-02-10 11:13:03','mahasiswa'),('73272b79-c30f-401b-a8dd-6862f2cd6dd2',NULL,'$2y$10$v0vt3X5Id.YJ0JQ6Nfv81ePt1Q9Rp.tvQTB7Yuk/SQjTejfeqjDeK',NULL,'9211750025004',NULL,'2018-02-10 11:13:03','2018-02-10 11:13:03','mahasiswa'),('7339c690-db12-4b4d-9743-4f41e1ec4452',NULL,'$2y$10$nhlbf8bDn0SZU5eCo9unL.zmmzS.K3X5WaT.YvsEhuEBWLYq5YlsG',NULL,'11',NULL,'2018-02-09 14:41:15','2018-02-09 14:41:15','dosen'),('738eeef0-c91f-446e-9346-d9486da75c36',NULL,'$2y$10$sP87dl1RivO.73ubcqJ0EeUdHAXPH55486KZ5QRQ3mKHIp17E/jHK',NULL,'91000018',NULL,'2018-02-10 11:01:51','2018-02-10 11:01:51','dosen'),('73bc8868-685a-4d7a-9d1c-cfc71de48cb7',NULL,'$2y$10$bUdoi.by48.9AEWUv9ZEMO9vUMqO2Rac6xeuMS63ggkdsxZu/NygG',NULL,'1.96905121994021e17',NULL,'2018-02-10 10:50:28','2018-02-10 10:50:28','dosen'),('746ce99a-b31c-435b-8ed4-92f1c1ed88ce',NULL,'$2y$10$RcPYMax/B//CvJvkZRaaMuqCtRPNaDgv9Z0l89.DhX/1WBeVGkDdW',NULL,'9211650016009',NULL,'2018-02-09 14:29:37','2018-02-09 14:29:37','mahasiswa'),('74a702a6-d009-4e93-9db9-46fe49fd69b5',NULL,'$2y$10$S/G2sm5kV9Kh6IyFZ2NkieMqX8hg/.4Zov378Zac1476ZwQyY5.Je',NULL,'44',NULL,'2018-02-09 14:41:15','2018-02-09 14:41:15','dosen'),('753b65d3-0e71-4454-836f-4586e831179e',NULL,'$2y$10$ypg0EXIS5aPE0FbOZ77M9eWjPsKC/DRuAfk582piqCorgeJ2fkVCa',NULL,'9211650026010',NULL,'2018-02-10 11:13:03','2018-02-10 11:13:03','mahasiswa'),('75b96986-20e2-4319-9417-b8b6460a4e90',NULL,'$2y$10$wbrJBk.E.JQkkzx5MlnVAOFgjIqVc0Qr0WGiImwbt55.P6qJYqyl.',NULL,'46',NULL,'2018-02-09 14:41:15','2018-02-09 14:41:15','dosen'),('76d6f0b5-de43-4531-9ed9-84919f897290',NULL,'$2y$10$ZKcj06.RLGTmOioD6/dQcOYShdTYQD1dOPwvRPN8DT.sIOqg2eXFy',NULL,'DI003',NULL,'2018-02-10 10:50:28','2018-02-10 10:50:28','dosen'),('77049158-64e3-4aae-9b7d-6bf34ea0d383',NULL,'$2y$10$a6aNfIe.07tViP9xhm4coOLpkvypMO4MRdZXvejXn0z4/iavecGuG',NULL,'9211650013041',NULL,'2018-02-09 14:29:37','2018-02-09 14:29:37','mahasiswa'),('774da90a-a2d8-4387-afe6-6f8e605dd5af',NULL,'$2y$10$q2FtJ6l1zbnwSL1GeSQX7OB9KeBe5aDtTASkJbxn3McROIe49LegO',NULL,'NIPPPPPPITS199',NULL,'2018-02-10 10:50:28','2018-02-10 10:50:28','dosen'),('785b4554-7494-44da-bc80-35778452b948',NULL,'$2y$10$LJkWAxaVc/MlB9uJJBM2AuGTs4uKretq9z/r0n8kDtYv6wrFxM6OW',NULL,'9211650016001',NULL,'2018-02-09 14:29:37','2018-02-09 14:29:37','mahasiswa'),('7867f266-fcb7-4968-bac7-92306349cbae',NULL,'$2y$10$E3C.jATn694rtoEvQ09DXeUnsZTD3a6WBMFYOF8OeKfdcybSIQcFq',NULL,'1.95806051986031e17',NULL,'2018-02-10 10:50:28','2018-02-10 10:50:28','dosen'),('78830814-1228-467d-b4b8-f24f2d2dcf7b',NULL,'$2y$10$ZiDGkD.p.nCN1FhDkY27oeM8A1J47RL4ps88MaijokXzvXvA8qUUC',NULL,'12',NULL,'2018-02-09 14:41:15','2018-02-09 14:41:15','dosen'),('79482dd2-5ca1-443c-a042-35024c4ac2d1',NULL,'$2y$10$Szvr1MuGoqyrdTTd85GjiejNVTpMLfcnuDvnBnoL541VedkZ8Pb/6',NULL,'9211650015010',NULL,'2018-02-09 14:29:37','2018-02-09 14:29:37','mahasiswa'),('794f06ad-4c4e-47a7-8df0-8f98db8c0caa',NULL,'$2y$10$kZEjvSOdlENy57JURm8S8eygshBTUOArFJptSqYTPH9qmp6BkAD5S',NULL,'9211650013032',NULL,'2018-02-09 14:29:37','2018-02-09 14:29:37','mahasiswa'),('79934080-43cc-40b9-86f2-050320c0e998',NULL,'$2y$10$0sZ9gLR8JfhMckNgfVPS2uHY4n28qhY6RC0UjKqM/MsCZsW7mKT6K',NULL,'9211650054020',NULL,'2018-02-10 11:13:03','2018-02-10 11:13:03','mahasiswa'),('7a3079df-a6ec-4378-94ce-89ecf4a1be88',NULL,'$2y$10$IiakWmP3IYUEpOaXz6IeseAQdzUZSHbOp//Jq/lbcPsuZzuWCMpim',NULL,'9211650055005',NULL,'2018-02-10 11:13:03','2018-02-10 11:13:03','mahasiswa'),('7a66e65d-2cd5-4bae-9170-ecd028d3b5b0',NULL,'$2y$10$PBEHVks3gE3Og9sWjDqsr.mNbif3fd1BBCdVkab29.rJFzTlutJRq',NULL,'9211650015004',NULL,'2018-02-09 14:29:37','2018-02-09 14:29:37','mahasiswa'),('7a672433-b5b4-4fc3-9e19-40635187d961',NULL,'$2y$10$xmaA5/OTow1MfrC4agLq5u2/w5XmWe0WvSadA/83howNooBb8Tl1m',NULL,'9211750024006',NULL,'2018-02-10 11:13:03','2018-02-10 11:13:03','mahasiswa'),('7a673142-bff3-4b72-9873-f3ecdb4fcd3e',NULL,'$2y$10$VmTdDdctVQV2wjrIy5Afo.Q9qCwsbsBdKyMSapg6OyizX.PFX0wPy',NULL,'DN003',NULL,'2018-02-10 10:50:28','2018-02-10 10:50:28','dosen'),('7aaae4c6-9da0-4b02-b614-b3f3377e5634',NULL,'$2y$10$z1FlpZlndt5vFc079QXnWON.ZRYmgIQ6RUGZf7e1Iv1ZNmdu4HQT.',NULL,'DR005',NULL,'2018-02-10 10:50:28','2018-02-10 10:50:28','dosen'),('7b0e5a2b-615f-46f9-ba91-4ede4ac192b8',NULL,'$2y$10$9wCUGf7fk4n1EEC6erR5mezibH4ArM5ZEjVCm57ynffvx4uIkaw1y',NULL,'9211650055008',NULL,'2018-02-10 11:13:03','2018-02-10 11:13:03','mahasiswa'),('7b31c785-dd7b-43bb-90d7-060a31cab05c',NULL,'$2y$10$3ORK8T04awWmJ9AznYNMBuC5OeN5mFs9bFyA4WjpONqjoeJFCUhmW',NULL,'9211750024013',NULL,'2018-02-10 11:13:03','2018-02-10 11:13:03','mahasiswa'),('7bfcc19c-fe74-4521-bdce-4dfe2bca265c',NULL,'$2y$10$Yg6yVmvIvGiJpsgqUg2TluVTdpOHuazIUf39o3bhaIGl/KY91UiyS',NULL,'9211650014030',NULL,'2018-02-09 14:29:37','2018-02-09 14:29:37','mahasiswa'),('7c103eba-3ee0-45e9-9591-a7ae6f43be14',NULL,'$2y$10$eiLW.pF.h6421JMT8an13O.Wjp9JEK0WaK8A4gPezBVXwbJ5l6LtK',NULL,'9211750025003',NULL,'2018-02-10 11:13:03','2018-02-10 11:13:03','mahasiswa'),('7c5f1ffb-913f-4bb7-a314-0b4c91c8edfc',NULL,'$2y$10$Q7oBiINfbKTXtWmdIA4ujuPaI6OvHmbh8ipcnUNNfKqUHuRL8zXM2',NULL,'DL-AA',NULL,'2018-02-10 10:50:28','2018-02-10 10:50:28','dosen'),('7c7bf568-2af6-4d4a-9b6a-6f132093d90e',NULL,'$2y$10$R92yi1aws12qZ3qNp.MdPuRo2pW7ZIatIhLbMQY/eulTWvOmJEA8G',NULL,'91000052',NULL,'2018-02-10 11:01:51','2018-02-10 11:01:51','dosen'),('7d951570-dfd0-4055-b3b5-b316b1a8cd6c',NULL,'$2y$10$tlMq0x5mn/DtrpIUqyLoiO1GDqYKnP9O/WsJisxAJtinOk7NRlicm',NULL,'9211650013039',NULL,'2018-02-09 14:29:37','2018-02-09 14:29:37','mahasiswa'),('7da43cf4-377c-4690-bec6-86cc5031e843',NULL,'$2y$10$Hk6yEUza5TyxylcRLvOPzOZzaTOf5/k6mbUS4TyqKxV6ro/mPl76K',NULL,'9211650053015',NULL,'2018-02-10 11:13:03','2018-02-10 11:13:03','mahasiswa'),('7dc035f0-12de-4a16-84ac-89c1d74417ac',NULL,'$2y$10$4q4ASkjNEkR8s0vWg367zOJCl0neltGmi6RAI5MSNyAgsWdxh3aLK',NULL,'1.97605052008121e17',NULL,'2018-02-10 10:50:28','2018-02-10 10:50:28','dosen'),('7e5db09a-b2d4-47a5-8777-5ea255d706b8',NULL,'$2y$10$qpg8y3.bqlWqjeyE6IKg6eapfLj03RusT7rda4PlBhwwtgspWMnsy',NULL,'DL-Ind',NULL,'2018-02-10 10:50:28','2018-02-10 10:50:28','dosen'),('7e87d246-4fb4-430c-9c69-c9a3404e8245',NULL,'$2y$10$sPUTBKyoMomHtWZftuKC2uBAJUE.IN5ieaFzRaXWt42pJRqt6jYJW',NULL,'1.97307312002121e17',NULL,'2018-02-10 10:50:28','2018-02-10 10:50:28','dosen'),('7f24ba99-a329-4248-b4c2-acb20d7df0be',NULL,'$2y$10$WRQXMPn22vVOVeCNwVa//elJcJOxiWxUrvln863L00yNBsMlOax.O',NULL,'1.96312251989031e17',NULL,'2018-02-10 10:50:28','2018-02-10 10:50:28','dosen'),('7f2f5d69-a390-4c5f-af9f-734804c3daaa',NULL,'$2y$10$/SJKvPGPMTg0Jkj9tkxHlO/qooFjGwgmGtcU3Jv791Lx7fRHM9Pim',NULL,'1.95909041986031e17',NULL,'2018-02-10 10:50:28','2018-02-10 10:50:28','dosen'),('7f9e5217-cca5-4646-85ec-8bc2a57de9f3',NULL,'$2y$10$ULyj3BiofnQP6OwCs70QjutDi4LtlUjQM0/pCn3hZmPG68yadwRze',NULL,'9211650014010',NULL,'2018-02-09 14:29:37','2018-02-09 14:29:37','mahasiswa'),('7feede61-0622-465d-b433-f2edc825a4a1',NULL,'$2y$10$w6SwilvkDbZ5TtCGJHOUwuax/Wj1JhgEpuqksWgdOCXbdTfPPEo06',NULL,'35',NULL,'2018-02-09 14:41:15','2018-02-09 14:41:15','dosen'),('803699ec-ef52-4ec9-b22a-c2d3b767d53c',NULL,'$2y$10$oJ5bAi0n80lel2qqk9WCw.r1oImJTV.8ftpxjg.J2vVZtEIL0.Fki',NULL,'9211650054023',NULL,'2018-02-10 11:13:03','2018-02-10 11:13:03','mahasiswa'),('80c26a93-6222-4b22-a294-e7e5d33f0c1d',NULL,'$2y$10$6eAor7iPbLZw.cMfYVHitucvOtDyXjC8JWUqMoQu8ifiGwgwc7s7C',NULL,'1.96505181992031e17',NULL,'2018-02-10 10:50:28','2018-02-10 10:50:28','dosen'),('80e9d5a0-5840-4ec3-9105-bc2cdb792bba',NULL,'$2y$10$6.57DDU4OM7dQq2ENyrRaO83KBdG9Snnz2p9ZpSszmF.vP4iaqb9u',NULL,'9211650013023',NULL,'2018-02-09 14:29:37','2018-02-09 14:29:37','mahasiswa'),('81054f32-dcf4-4565-b304-269a6586124a',NULL,'$2y$10$A/JMNzT5yOG5MCFRp4KEDuDprbEgubcnwKOwbqVUv5GKdl.7yL1Nu',NULL,'132230429',NULL,'2018-02-10 10:50:28','2018-02-10 10:50:28','dosen'),('812b8386-c4f1-4a3d-9db5-216d61088aa5',NULL,'$2y$10$plVlTBbZfAIJuUYnzv6sB.3mAbqpikURR0h/nFhVtdTSjftys18zO',NULL,'9211650053002',NULL,'2018-02-10 11:13:03','2018-02-10 11:13:03','mahasiswa'),('8175886c-e6b7-43fe-8af4-b3950bf67457',NULL,'$2y$10$WhfTNiA8KOcsJvfM3a8Gv.O.F1s3en6ASaniBSWU.1KdkmkiUPtx2',NULL,'91000083',NULL,'2018-02-10 11:01:51','2018-02-10 11:01:51','dosen'),('81f04a26-e55c-4aac-a116-61df60350d79',NULL,'$2y$10$hIkHZGCyG/97Bxn.tnVBnutNWuS2HpNSU0xfPbcjOC4OPUjLiTsHm',NULL,'9211650024017',NULL,'2018-02-10 11:13:03','2018-02-10 11:13:03','mahasiswa'),('8239cecb-3833-4c5d-9e30-f5a619969a22',NULL,'$2y$10$C0nykY48faRF4kULwQEYbefYiLKW6vHyrSZgEYxGiK3V.sI44xQDe',NULL,'DA003',NULL,'2018-02-10 10:50:28','2018-02-10 10:50:28','dosen'),('826e1b4a-e099-4b70-8078-2ab7a14521f8',NULL,'$2y$10$ICBj6BPcGVm.EbFbUQaOMuHyof5zC/uVmTa8FN/.65tCAzmaq1Sim',NULL,'9211650015031',NULL,'2018-02-09 14:29:37','2018-02-09 14:29:37','mahasiswa'),('82735c38-f83b-4562-976c-b655d80acccb',NULL,'$2y$10$6ApgXKjcF62NPLq44iSctOr8OCtc9.taFwes1Ml0E1kgrD2cWNxqG',NULL,'9211750053002',NULL,'2018-02-10 11:13:03','2018-02-10 11:13:03','mahasiswa'),('827eb680-7325-4939-acbd-8454eb3560df',NULL,'$2y$10$YlgVj71XoJ1roVAieGA4QeP0bw7vrspMOYe7QwiPiE7DnI1fbYI5q',NULL,'9211750023019',NULL,'2018-02-10 11:13:03','2018-02-10 11:13:03','mahasiswa'),('828ef03d-ac9a-458b-8beb-19e024b58cb9',NULL,'$2y$10$BJA3xxT7x/JXKetTNtUKduFr6FXXuAzVjQskwLnWdOQ7utH1SQQay',NULL,'DR002',NULL,'2018-02-10 10:50:28','2018-02-10 10:50:28','dosen'),('82ca8763-f2e5-4917-9884-1d8ea4d55bfb',NULL,'$2y$10$KZuB1yW6sW31VqFIxQaDhOMRwsKkaK4qTGN/Owp7gdfshKraKRjZ.',NULL,'9211650024016',NULL,'2018-02-10 11:13:03','2018-02-10 11:13:03','mahasiswa'),('833b5f43-cfb3-49dd-a531-41e2590f2a96',NULL,'$2y$10$066MWos3wUM4xBKVkM9NBeZiHvHMV6bX3Mjtaz4a/aIWe208uxctK',NULL,'9211650013025',NULL,'2018-02-09 14:29:37','2018-02-09 14:29:37','mahasiswa'),('834078c8-86f9-49af-9061-b3474fa357e6',NULL,'$2y$10$6k/WxLC1RWwu0W/oZxtT6umzzBJwXVB8rJ74Qa9d9o/TwCrN6zQcS',NULL,'9211750013004',NULL,'2018-02-09 14:29:37','2018-02-09 14:29:37','mahasiswa'),('8353474c-ecda-4c69-83ed-7a803b989f16',NULL,'$2y$10$MYUAG6phw2EsPNGY1lWLd.NIyYJlaiTOX7SvK0/YXbO4.VKsId4Ia',NULL,'9211750025009',NULL,'2018-02-10 11:13:03','2018-02-10 11:13:03','mahasiswa'),('83ddf858-14b8-4c45-a7ce-c2e51a444342',NULL,'$2y$10$TY5IHw53TSH/Yf87eEk6YeWoWE/2KmUtqU82bDFXtKWktjU2KhM52',NULL,'DL001',NULL,'2018-02-10 10:50:28','2018-02-10 10:50:28','dosen'),('848ec0ca-dee2-4768-b4b0-5b7f482f2d98',NULL,'$2y$10$N6qQUttRcFZ5Tu3kOTDLZOP0uhIOEM9n55lGlgDiBlzHAKBs8hozS',NULL,'91000030',NULL,'2018-02-10 11:01:51','2018-02-10 11:01:51','dosen'),('849f4997-2894-42ad-b455-d163091de03e',NULL,'$2y$10$fXCpWMYeAWw8UFmSQx1N8edDxEO58NI6d3duXXxzI1nN9TfUEpN/6',NULL,'1.96107261989031e17',NULL,'2018-02-10 10:50:28','2018-02-10 10:50:28','dosen'),('84b28820-6ddd-407c-9a4d-81da66c57458',NULL,'$2y$10$qwTQjGcycRqQMoK9HjblYeYYIpiJWfF5zTfaDclq0ETAnP8FgfPT.',NULL,'1996207722518',NULL,'2018-02-10 10:50:28','2018-02-10 10:50:28','dosen'),('85086911-a5ba-47f8-9b40-f9cffa1d1234',NULL,'$2y$10$RwnbUkV83ceH5DRuUxV/Ge5W4ddVSnpOGzIkjfcYXHp.kFGMK7e.q',NULL,'9211550013017',NULL,'2018-02-10 11:13:03','2018-02-10 11:13:03','mahasiswa'),('85e6c6ef-1a50-4c35-8b56-cb2e712660b2',NULL,'$2y$10$idZDhxvA5kqOoCH5PP8cdO4x7GFKwvRovyAS/dE3qlFz082dpJMnG',NULL,'9211750054006',NULL,'2018-02-10 11:13:03','2018-02-10 11:13:03','mahasiswa'),('865324e8-5d24-49cb-be95-a3d477f00f34',NULL,'$2y$10$9oJ3gGg7zQykkl4Kn3KYruROSynF1v8RU3OesUnvvD9azMwM.z/6m',NULL,'9211750023014',NULL,'2018-02-10 11:13:03','2018-02-10 11:13:03','mahasiswa'),('86eba146-1920-4350-a08a-82012a0f9887',NULL,'$2y$10$pC8bQclkzTvb1BpgBq2csOc/p5Rkn9jzZrV9gD2R2c9hz7rc3jd5i',NULL,'9211750013012',NULL,'2018-02-09 14:29:37','2018-02-09 14:29:37','mahasiswa'),('873ded69-bb2c-4b22-8239-8ccf02b562f9',NULL,'$2y$10$udx9tW79GqoHekl11qy9xug1REeVLu/tahLFTeVaRsOwM9cNIXi8y',NULL,'1.96506301990031e17',NULL,'2018-02-10 10:50:28','2018-02-10 10:50:28','dosen'),('8815a9e1-7f47-4e0b-8224-7a5f888b350e',NULL,'$2y$10$nBTqIVdP.aETvSOMePmbY.MqUWVd5YBAEF27la9ZdLrIEKKhboTEa',NULL,'131652050',NULL,'2018-02-10 10:50:28','2018-02-10 10:50:28','dosen'),('8825def4-cd51-4d79-93b0-238981172d9d',NULL,'$2y$10$lSYdmezkZe/qxiwTysVO5.9Supz6WSd9FqQD/XStxzzwYFbhd10/S',NULL,'132085800',NULL,'2018-02-10 10:50:28','2018-02-10 10:50:28','dosen'),('882e69d2-1065-4b5f-95ba-3e53cba65d65',NULL,'$2y$10$hVXNpIxH.wlGiE.GKUC1/.hKgbeiYq/FjHCVWLqUedHBnolvT8z0G',NULL,'9211650026008',NULL,'2018-02-10 11:13:03','2018-02-10 11:13:03','mahasiswa'),('883460b8-2012-4900-9097-64ddb43863f1',NULL,'$2y$10$LN5jBo7RmnRA.gYhpiEYzep4jgvcv0CIrQGnK0C0QbDblwTWsOIxy',NULL,'9211650015032',NULL,'2018-02-09 14:29:37','2018-02-09 14:29:37','mahasiswa'),('886cd164-e66a-434c-80e3-79adbd249474',NULL,'$2y$10$hRmu9xpFN1a0YLCuWO.VF.jluZO8TWc97vz6pBpqPBEbIMoFfTfcW',NULL,'9211650024008',NULL,'2018-02-10 11:13:03','2018-02-10 11:13:03','mahasiswa'),('887b341e-0ad8-4330-93aa-bba954480405',NULL,'$2y$10$OmNq1p2cbsadXyu64EutZ./I6fB4e6.Fzt2XqhrMB7fzY3kmayM8e',NULL,'1.96204081987011e17',NULL,'2018-02-10 10:50:28','2018-02-10 10:50:28','dosen'),('89921dec-6238-40bf-b717-97a5e7ccded3',NULL,'$2y$10$B0MDeAnhr6cd4043HASqYOvwxuBx7s8aLQ2fzD9Qy3VmZfKC2kp8y',NULL,'DY001',NULL,'2018-02-10 10:50:28','2018-02-10 10:50:28','dosen'),('89a2b427-3de9-4e0e-a88e-5301a4cda2e2',NULL,'$2y$10$FXhoaeFeLTCaEEAHhEahHeSFGe1F8VPuSEH3TKwX4nPFw9IwVp1wq',NULL,'9211750054015',NULL,'2018-02-10 11:13:03','2018-02-10 11:13:03','mahasiswa'),('89ecdde6-6ec1-49e6-a273-a1ccda7aea90',NULL,'$2y$10$mOD8xE//xnpeOviat3PsFuP.2sq1Jz7mukEZgUCXvcr8nk4xqQYSC',NULL,'39',NULL,'2018-02-09 14:41:15','2018-02-09 14:41:15','dosen'),('8a1193b2-559b-4cb3-b0d5-901c4f70058f',NULL,'$2y$10$dNMAyqHIBA25xn5OJknSGOMeJqZ3HcPBgjgpRPOcJZV7fh89MWpHq',NULL,'1.96906101995121e17',NULL,'2018-02-10 10:50:28','2018-02-10 10:50:28','dosen'),('8a7e70f6-549a-4a39-9dd1-21a94a290945',NULL,'$2y$10$jD/12/tfnGtgF6fxD0yIS.JzVR33O.UflxpGTwASPNRGvCfJNpUSW',NULL,'91000068',NULL,'2018-02-10 11:01:51','2018-02-10 11:01:51','dosen'),('8a86f247-9de1-4bb9-a658-db390da7d63b',NULL,'$2y$10$OjmDqrmQoYmsnfCT55jucu4sFwbcBBSIacZO5.fPFJxJGRpv.lJv.',NULL,'9211650013033',NULL,'2018-02-09 14:29:37','2018-02-09 14:29:37','mahasiswa'),('8b93fa06-c46d-4715-aca9-24c3390d309c',NULL,'$2y$10$NUtNJow5D9YJYoZA6iTOBubjJHnfEC2zQ6iZzDdAEQATykMIJU77m',NULL,'27',NULL,'2018-02-09 14:41:15','2018-02-09 14:41:15','dosen'),('8b95a01b-9007-46f8-ac7f-845619b11fd5',NULL,'$2y$10$19arKqk5ytbA2IYqSD7eKu842a2YEw9Rxw6LfJvSLkqu6fS5a4INe',NULL,'9211650014001',NULL,'2018-02-09 14:29:37','2018-02-09 14:29:37','mahasiswa'),('8cdd528b-d8e4-4e4c-9ecb-28bcfa7b2353',NULL,'$2y$10$nKzg6p17oL6Ns/uDFU.jy.uqpUxSJH9iCNU1ALQcbsHeoLdVx0tJi',NULL,'9211650023024',NULL,'2018-02-10 11:13:03','2018-02-10 11:13:03','mahasiswa'),('8d704d3b-271b-49a9-bf27-ffdb26504e18',NULL,'$2y$10$8zAS/FjNEwhkmRIRo7jRve2d92oJO6d5tOiTLFw0ofUg7Hd9YeIx.',NULL,'9211650054012',NULL,'2018-02-10 11:13:03','2018-02-10 11:13:03','mahasiswa'),('8d7cbf4f-3a69-4f1c-aa14-2e0409f46572',NULL,'$2y$10$noPnQFmxLrFwdaIIBVOGt.Y6X30DUH.GbX.VQKyn5e09uotAYXsRS',NULL,'DS007',NULL,'2018-02-10 10:50:28','2018-02-10 10:50:28','dosen'),('8d8d5aac-43a7-4ba2-9f91-c67153f73392',NULL,'$2y$10$P6OuSN3zIraaqngG.nFQMek2UNIwy7t6gtOr61pPpXhZF0tEG8wPm',NULL,'DL-Petra',NULL,'2018-02-10 10:50:28','2018-02-10 10:50:28','dosen'),('8da71630-66b9-4e22-89ac-53e2d9737fe9',NULL,'$2y$10$15FHpFWZyP6yS4MdeNXT8.WpndE87dPoKMEEWEiMqJM5pZ27dQVqq',NULL,'9211750013006',NULL,'2018-02-09 14:29:37','2018-02-09 14:29:37','mahasiswa'),('8e2ae0a4-709d-4c72-8f00-b5c130645eb5',NULL,'$2y$10$A6XW1ficGgQdMImQVJdWYOHOgwy68CQkoK5T58p3LooTy1XV5PVEq',NULL,'9211650015028',NULL,'2018-02-09 14:29:37','2018-02-09 14:29:37','mahasiswa'),('8f4422c4-a944-46cf-9613-58656d2691f6',NULL,'$2y$10$bwV99TcUGNEceB41fmEo9uPiqm9RKK6WjI6jlqZrbZR7Jgy36PEE.',NULL,'9211650013034',NULL,'2018-02-09 14:29:37','2018-02-09 14:29:37','mahasiswa'),('8f55819f-5a88-4921-b12f-99a93e7d30da',NULL,'$2y$10$QpsDUeDOyKYKi0G.4CkAYe1tA9Grn1WTsGEsFbLrrUTs2lOEiEjNi',NULL,'DS',NULL,'2018-02-10 10:50:28','2018-02-10 10:50:28','dosen'),('8f82edea-6959-4681-9915-f446a6ae1f7e',NULL,'$2y$10$3HnMhj4lqb6Q3kwgvpX1Du1x8BaBcRydbDpc7axOsbrNFbfq0X/ma',NULL,'DL-Adit',NULL,'2018-02-10 10:50:28','2018-02-10 10:50:28','dosen'),('9010cd3e-8d8a-424a-93c7-e474123aafc1',NULL,'$2y$10$FMVJK1fMiGNin0fYRVa0n.BuZSaEx12r2XcwBFpxcSsk4KJYv4gMu',NULL,'130687438',NULL,'2018-02-10 10:50:28','2018-02-10 10:50:28','dosen'),('901fd2a7-a752-4544-a108-c12a6485a602',NULL,'$2y$10$Xd4oALqB/fjXl2KoMz7OPef1Y6eewr1Ms2O2YTxriyMVnTGADcRGy',NULL,'9211750013026',NULL,'2018-02-09 14:29:37','2018-02-09 14:29:37','mahasiswa'),('9062d58e-8795-4a65-83c7-5b4aadd63938',NULL,'$2y$10$eIDoe35tDeL8JT2q4GyklOPHAfYvGs.AikgSAMqTidSi0M3aFk.Vi',NULL,'DL-IGAW',NULL,'2018-02-10 10:50:28','2018-02-10 10:50:28','dosen'),('90a876f9-8886-481b-a1ce-39218475a061',NULL,'$2y$10$JTn4g/M.wctMmFclNHwONewTFqlOxkknpwu4cbc46.FmKVZgd7jzm',NULL,'9211650015003',NULL,'2018-02-09 14:29:37','2018-02-09 14:29:37','mahasiswa'),('9134215e-8a59-430f-8706-eebea824d27f',NULL,'$2y$10$EeF0ZmKYpJr4Q6jY/bYxd.MNU/W8eDGPVrmeHpPjPZGMbVxbdQF7y',NULL,'9211750015018',NULL,'2018-02-09 14:29:37','2018-02-09 14:29:37','mahasiswa'),('927aa8bc-00a0-44d1-80ae-e614caf10851',NULL,'$2y$10$FLQICb4I0dKOZjLmnE0W.eFbBq5IGcXmUdSmvVovoS25urBlKZpay',NULL,'9211750026041',NULL,'2018-02-10 11:13:03','2018-02-10 11:13:03','mahasiswa'),('930a144c-6311-4b0a-8ae6-e628f7981dfc',NULL,'$2y$10$gVf5NlaHzfj.S4MCQmRC9eTqLqvOch/G/hCFN/INTZs9QnJK1zybK',NULL,'1.95601191986012e17',NULL,'2018-02-10 10:50:28','2018-02-10 10:50:28','dosen'),('930f7c8c-bd97-4171-8f82-ccf313ebc30d',NULL,'$2y$10$V1FSe0TWU2Uk/zN/CKkfS.CYejRWhwSnr3HsVlan4E8eZ/Xaudte2',NULL,'91000059',NULL,'2018-02-10 11:01:51','2018-02-10 11:01:51','dosen'),('931738a6-5ab8-477b-9374-6012d92df09b',NULL,'$2y$10$udss//59KBdfuOyFyfZLsemYs9FeLab/tU11WuRk.pv/Q3UHy107S',NULL,'9211650013022',NULL,'2018-02-09 14:29:37','2018-02-09 14:29:37','mahasiswa'),('93186deb-c89b-4257-ae5c-9fa8c94d2d9d',NULL,'$2y$10$9nBD2GZL6ptFmiiMkO/Fy.IxUKocgUEv2S2nlptEa8sR2WvKxKrSG',NULL,'1.95209191979011e17',NULL,'2018-02-10 10:50:28','2018-02-10 10:50:28','dosen'),('9397c5c8-b492-48e2-8aba-8f57c7776686',NULL,'$2y$10$sCodjxK/FPL7kVKvOAukZOLWMaKbiksMsbBpfLYLuB3DRstp.PLC2',NULL,'9211750053011',NULL,'2018-02-10 11:13:03','2018-02-10 11:13:03','mahasiswa'),('93ea222d-f1fe-4a11-98ba-2f10e498cec4',NULL,'$2y$10$cVlzoB7nCzP7TKp9IpenG.e//HJEUYSYf6BG74IKUrKWFGHgBIw8y',NULL,'91000092',NULL,'2018-02-10 11:01:51','2018-02-10 11:01:51','dosen'),('9419d387-eb6b-49af-8327-f16a6d4c172f',NULL,'$2y$10$CeUmFxa/Kop8KkMeCD7GIOznFGH.KRc5H36G5beT5AXl45TEkzdX2',NULL,'91000067',NULL,'2018-02-10 11:01:51','2018-02-10 11:01:51','dosen'),('942c7cbe-e8a1-4c71-988e-73dab84b34bd',NULL,'$2y$10$WfrXNrigTqLw6gyGanRUIeuzdErJjou4QA07iCAi/1qOkB/akKFG6',NULL,'130541829',NULL,'2018-02-10 10:50:28','2018-02-10 10:50:28','dosen'),('94d5c97b-8d6a-4eae-9e9d-811fa6a3ab73',NULL,'$2y$10$bOitWt/Ua3Ha2VmXbWVq7.1IhLJmdcGsR9TUUarLda4DW9.am9fom',NULL,'9211650054004',NULL,'2018-02-10 11:13:03','2018-02-10 11:13:03','mahasiswa'),('94e61633-0ede-44c8-b9cb-ff4b5496ea93',NULL,'$2y$10$3xX3HMQScSihJep3SwFex.uzyb34L7V8OucUp.FkNJrYAE3k4QMUK',NULL,'9211750015006',NULL,'2018-02-09 14:29:37','2018-02-09 14:29:37','mahasiswa'),('952d8882-3c47-458a-9eb7-3be3f54747a1',NULL,'$2y$10$7SEKhn/H2RhDhKSgINTZkOqfr5MiBM8Wu/rGLm0jn.tNrCXlFNKYG',NULL,'1.95903181987011e17',NULL,'2018-02-10 10:50:28','2018-02-10 10:50:28','dosen'),('9592a0c3-489d-484b-b69c-b76df99dc71a',NULL,'$2y$10$GNaCjRXUSStV7dGe7PApEe5pC8/SGw7tFudtPSxTtPOnNAOosa.oe',NULL,'9211750014015',NULL,'2018-02-09 14:29:37','2018-02-09 14:29:37','mahasiswa'),('95d1f3d2-2629-443a-a515-22ec35c69066',NULL,'$2y$10$XO6Fiy.erXtu5trL5iBNTurpiuEJthEvjWtdvE3aTZs84.6JBRHBC',NULL,'1.97403281998021e17',NULL,'2018-02-10 10:50:28','2018-02-10 10:50:28','dosen'),('966bf33b-48f9-4d40-a5f6-202e63b45095',NULL,'$2y$10$iyjkESLvMBld.5JlmjyMTe0gfFOuIate5YCNoPZU.PEIeldsbNVJW',NULL,'1.96806011995121e17',NULL,'2018-02-10 10:50:28','2018-02-10 10:50:28','dosen'),('96ad0962-7629-41a3-8091-7e96947b8373',NULL,'$2y$10$3qqP2ZBvvQ7AfU5ZeHHvyuKYs0XjDBaZDOZ2BHbGJnKfU/r3F/BTO',NULL,'9211650014014',NULL,'2018-02-09 14:29:37','2018-02-09 14:29:37','mahasiswa'),('96d07968-225d-4dd5-b5ab-6121a9602021',NULL,'$2y$10$pyto7uCfq.i7w1hvvgYS9uJsN2d7gVWPFzPrssiima.dLzYgH7QRO',NULL,'9211650023026',NULL,'2018-02-10 11:13:03','2018-02-10 11:13:03','mahasiswa'),('97007872-aa55-436b-93de-3a34988bf577',NULL,'$2y$10$iSxnsozpNMGzDNsTgyON/.yO/jt.ykIOGZdC93Wsx3a1p/cNdQNvC',NULL,'9211750055001',NULL,'2018-02-10 11:13:03','2018-02-10 11:13:03','mahasiswa'),('9716a2e5-ec54-40de-8e93-1fe3b82673f8',NULL,'$2y$10$e7dE4/1i5buMEayPf.MTnOxE8AHlYIqLq/QsZnW6E1N./hXgNmo6C',NULL,'9211650015008',NULL,'2018-02-09 14:29:37','2018-02-09 14:29:37','mahasiswa'),('975d87d6-baf9-4ad9-bb71-700d5252723e',NULL,'$2y$10$9I2ehGm5iLWIUbmxMjLC6ugd0B7ZTBHdPRoOgN9ruoDIzxv/yXPTy',NULL,'1.97302191998021e17',NULL,'2018-02-10 10:50:28','2018-02-10 10:50:28','dosen'),('978628d0-7553-4bd0-b0af-60f781554511',NULL,'$2y$10$DTKM/AEppwradc5Jm5fDEOOk24/rCa848AxiFYdPySMzBlV1woCSq',NULL,'91000080',NULL,'2018-02-10 11:01:51','2018-02-10 11:01:51','dosen'),('97a4affa-cb72-4404-98e0-4b0855e5fb10',NULL,'$2y$10$X3YKPjCLDFzNMmqXZ2/TR.mTShO2nHz.AUURJA.99RVJVY2MWwAVG',NULL,'9211650015016',NULL,'2018-02-09 14:29:37','2018-02-09 14:29:37','mahasiswa'),('990724dd-b335-4357-be6e-5fc26a53f50a',NULL,'$2y$10$7YtLN0aaVl7mMkbFFpT0b.IiW8I2p0pLzQzxhSti6k6BVErgngWC6',NULL,'9211750014007',NULL,'2018-02-09 14:29:37','2018-02-09 14:29:37','mahasiswa'),('99176aba-befe-444c-890a-93e54befe066',NULL,'$2y$10$8bZB71bVXgAN5KDjxBNDieRH.MulUuad/d6WYrDYUkbHwPdB2SnFO',NULL,'1.96308051989032e17',NULL,'2018-02-10 10:50:28','2018-02-10 10:50:28','dosen'),('99417d8d-0685-4dad-80d7-968da29c137e',NULL,'$2y$10$aRE3szZGGysx7yW.bDJExuYcq6G4h4ynUMdnOwoiJ9MdsVxVY3W8u',NULL,'9211650053026',NULL,'2018-02-10 11:13:03','2018-02-10 11:13:03','mahasiswa'),('997972bd-6ca3-4665-a3e6-470724a4a551',NULL,'$2y$10$4w1L8nBMiEjwCkV0rpSQuO4pBisL8Dcn4uRCjnCVVh6gGCyq43yTy',NULL,'9211650015025',NULL,'2018-02-09 14:29:37','2018-02-09 14:29:37','mahasiswa'),('99ac9fd6-bc8b-49a5-ba2e-a71540a7485e',NULL,'$2y$10$QXEKiob0mO6pJS.ntPv4JOQ3pz1j2fXxFeyd8MaDey.R8nLSj9K2i',NULL,'9211650054003',NULL,'2018-02-10 11:13:03','2018-02-10 11:13:03','mahasiswa'),('99d9d454-e929-4dd1-9865-aab90b61d696',NULL,'$2y$10$RWgkIN48KWK6ry7xREFfAeiLhVSHkoIvfzlZHSCSUurjJcMkBHBJm',NULL,'91000027',NULL,'2018-02-10 11:01:51','2018-02-10 11:01:51','dosen'),('9a0606dd-115f-4e17-bf80-d60d3133ff61',NULL,'$2y$10$0DlndwvEj9fltoBS8rAgzuuK/VlE2QMw/BRrBNSCapBlqC94j5svK',NULL,'9211750025021',NULL,'2018-02-10 11:13:03','2018-02-10 11:13:03','mahasiswa'),('9a20d9e1-75c8-4843-98ec-dc9a215443c1',NULL,'$2y$10$Ihk74UKWA8LcgHpyKskmGOMnH7M5m.EIe85ySXLr9LX640hRDjzwS',NULL,'9211650015006',NULL,'2018-02-09 14:29:37','2018-02-09 14:29:37','mahasiswa'),('9a6687c7-3ac7-43b0-a94d-ae4b98e1b1fe',NULL,'$2y$10$R32XCzKqr6.2qGj7zKjex.ZfHr1IXw.z5rwGd7hkyBNKO4w2cDfIy',NULL,'9211650013038',NULL,'2018-02-09 14:29:37','2018-02-09 14:29:37','mahasiswa'),('9a6aab08-bbde-4dcb-b1af-79bc97dd16c1',NULL,'$2y$10$axWts35G8UKsyNJuaidna.hzHReDSTS4M7KTB/./cM5hhHKST2U0O',NULL,'9211650013020',NULL,'2018-02-09 14:29:37','2018-02-09 14:29:37','mahasiswa'),('9ae16779-c2d8-4dc2-81b3-bc1ad78ad9a5',NULL,'$2y$10$f5Vxzb9SOk0EFmIWBFP5CeLG59QmyYYNA9vkikgLJvm8ZpVHEfn1O',NULL,'9211750023020',NULL,'2018-02-10 11:13:03','2018-02-10 11:13:03','mahasiswa'),('9aebe9c7-467b-4127-ae53-fbe0ff052c4d',NULL,'$2y$10$0bMRmrDwSjcSSU.A6YO5MuvqxxQ9YaGnm/N49bgIa54VXJPub7.jW',NULL,'92111115666336',NULL,'2018-02-10 10:50:28','2018-02-10 10:50:28','dosen'),('9b09b693-91f0-41fe-91c1-66185cc1134a',NULL,'$2y$10$GtVWHqZVqBA6ZOrmmNV3Fe/77p3D9cEH4yhyUFOxIXpWritLsEzUq',NULL,'130604245',NULL,'2018-02-10 10:50:28','2018-02-10 10:50:28','dosen'),('9b22c33b-8b8e-4283-9c9c-faab35b4178d',NULL,'$2y$10$W1wBSbOfLmsJJfgpupNLMOu8ig2Mpqj8mstVM3wq05LtFjxYXrcIa',NULL,'9.43280943284903e15',NULL,'2018-02-08 10:26:44','2018-02-08 10:26:44','dosen'),('9bd39d4e-5069-42c5-9f5f-31ac0ce00c60',NULL,'$2y$10$Pitbv31FaH9VrzpHslPL/.AhVItNNxIVeAmOI1uIztwSYRz1jpul2',NULL,'9211550013008',NULL,'2018-02-10 11:13:03','2018-02-10 11:13:03','mahasiswa'),('9c1ae1d8-347a-4e9b-aa3c-798b6520a2f5',NULL,'$2y$10$APOoB1cjO5pjn7n79DIBx.VGcdIwegf5267XR2wf05F0p6WFvqQ8K',NULL,'1.97010102003121e17',NULL,'2018-02-10 10:50:28','2018-02-10 10:50:28','dosen'),('9c2a1fea-9163-46d8-b20d-d585469b74a3',NULL,'$2y$10$LycnBnFbUQJaIhVscgsN6uXBzAwL972Hz6ekRjybgGq8Rbi2jvmZy',NULL,'LB-RUD',NULL,'2018-02-10 10:50:28','2018-02-10 10:50:28','dosen'),('9c2ae14d-48d7-472d-b6ad-a3348224d9a0',NULL,'$2y$10$.Ktm8NWjzHxCdS/2J9y0RuXgYdEIneMMumUCi0iV.WekbJjz7278W',NULL,'9211650014007',NULL,'2018-02-09 14:29:37','2018-02-09 14:29:37','mahasiswa'),('9c584fd5-9947-4234-9d51-5b91cd8b882e',NULL,'$2y$10$iOtDiHJvlP65OcpX7GK6GuaFtiyPDFWrcT4boziwTmFJPVYfniBbK',NULL,'9211750053007',NULL,'2018-02-10 11:13:03','2018-02-10 11:13:03','mahasiswa'),('9c651644-aeb5-4903-83f3-26c80048b663',NULL,'$2y$10$Crss8QwR09T2CwZHnBJDV.cb.Br2PjhHr9AE9NMvqnHzlEDBIr2Oi',NULL,'9211650014013',NULL,'2018-02-09 14:29:37','2018-02-09 14:29:37','mahasiswa'),('9ca2efae-7b75-4d37-a98d-5fae884d7112',NULL,'$2y$10$jwTGDbqw83YkTS7pZaSIuOMrohU8FJrxylAF6a8zhZm7CroisMj6O',NULL,'9211650014026',NULL,'2018-02-09 14:29:37','2018-02-09 14:29:37','mahasiswa'),('9d0c3dbf-abb1-45d0-9ddc-45da80e98ffc',NULL,'$2y$10$kJZB5CAqY40zh0AGGBcoKuILcS719Pr.2xO16rp2Ym.KD5W.xMpg.',NULL,'DN004',NULL,'2018-02-10 10:50:28','2018-02-10 10:50:28','dosen'),('9e2ef900-b48e-4352-9b77-d408aa2c3194',NULL,'$2y$10$eZ.six2k01j1KmnKbggIk.s6W2/Zji3bFFkSQexvG6HLq0hQu9wo2',NULL,'1.97309142005011e17',NULL,'2018-02-10 10:50:28','2018-02-10 10:50:28','dosen'),('9e47881f-4c4e-4ecb-8521-4cea0cce80bf',NULL,'$2y$10$YA9.2xCFo/SkARkwD7i/V.tvXFiW5BeeaoQL9YM60z3Id2okLtkxq',NULL,'9211650013016',NULL,'2018-02-09 14:29:37','2018-02-09 14:29:37','mahasiswa'),('9f16b6ce-40e6-4480-be8f-75b3e08615a0',NULL,'$2y$10$IagcSXB7/Mo1VLeZ4if35uubasJ.rvtD4UfJ5xEnC39jmz2kzSa2K',NULL,'9211650013005',NULL,'2018-02-09 14:29:37','2018-02-09 14:29:37','mahasiswa'),('9f648f0e-d6f9-488b-ba6f-68fcc3ab3f60',NULL,'$2y$10$r8Vck6f7QZTV.AWlnItCCuqdzrf9PvznfKhBcrm4Mr7wAbrWqSfVK',NULL,'9211750013002',NULL,'2018-02-09 14:29:37','2018-02-09 14:29:37','mahasiswa'),('9f9ac47c-552c-46bf-b23e-0fb690c20f93',NULL,'$2y$10$7T9biUGFXxYIr4.4XqOgXel63PmNMY9LkH2pdmwK1YOfdHGX09Nji',NULL,'9211650017003',NULL,'2018-02-09 14:29:37','2018-02-09 14:29:37','mahasiswa'),('9fad56d1-6cff-404e-8de8-afe80fd3ce2c',NULL,'$2y$10$k0vFxW5jJzVJMM21CUP3A.27WeH4VRLFLLL0AWsTLp9xf4h6WpKzq',NULL,'9211650053031',NULL,'2018-02-10 11:13:03','2018-02-10 11:13:03','mahasiswa'),('9feb3a03-7e4e-4aa2-96f0-0868db3c2ada',NULL,'$2y$10$uW1q02mCCi4m9CPGxlm1IOvki.IayqDrG/12FN4FCUjeKdpwB/TxK',NULL,'9211750053029',NULL,'2018-02-10 11:13:03','2018-02-10 11:13:03','mahasiswa'),('a03f05c9-2a65-421b-a87a-defd89d1128c',NULL,'$2y$10$ims961NSr74qC9Ma/3Q47ezh726ZsjhdnuzmKKBd0gfdrFaJ34IBa',NULL,'9211650015038',NULL,'2018-02-09 14:29:37','2018-02-09 14:29:37','mahasiswa'),('a04160cd-c9bf-416d-ae04-d54c712dfe87',NULL,'$2y$10$nu3jEgfWM8FNxt3Yscg50u10ixJdG3Ldjmmv2/fQ9oOc/NNigGzXS',NULL,'9211750024016',NULL,'2018-02-10 11:13:03','2018-02-10 11:13:03','mahasiswa'),('a149ddce-efff-4605-9b69-6375bc3eef14',NULL,'$2y$10$zW1ni5poAuPp7mlqHYLZPu4eoRDOC8Cw8zRfAVAXic39XScPXlAQW',NULL,'130325766',NULL,'2018-02-10 10:50:28','2018-02-10 10:50:28','dosen'),('a1c40be8-8bea-4f6b-9b34-2740b51fb48b',NULL,'$2y$10$yNbNXEl1WYs/XwqpPyg.xuHhMuFEttzc0xmsPi1.Ww4fzZkbgVIli',NULL,'9211650015009',NULL,'2018-02-09 14:29:37','2018-02-09 14:29:37','mahasiswa'),('a240ee62-b059-4760-9ea9-32eeb7c155f0',NULL,'$2y$10$rw5iIiO3edclH2NbsnVy8.WtPd6OLpvDeZEeJ1HaholNDnyg2fC0.',NULL,'DR001',NULL,'2018-02-10 10:50:28','2018-02-10 10:50:28','dosen'),('a269155c-9cde-4959-a1e1-eda69023e475',NULL,'$2y$10$.judvpkeL2NrTKG0/zMjKe7MFAo15WzV/1e9zB2BVhD5K5VH5GBL.',NULL,'9211650013031',NULL,'2018-02-09 14:29:37','2018-02-09 14:29:37','mahasiswa'),('a29ffe9f-ba65-4577-9c65-16e499b2938e',NULL,'$2y$10$YODm2Y2Q3/07bokQPtoVMek1QN68oQqd.ONK4LTKjtMZxzZ3k6gua',NULL,'42',NULL,'2018-02-09 14:41:15','2018-02-09 14:41:15','dosen'),('a3a5d4ac-6eec-48b2-92a8-9dc73ea9fea2',NULL,'$2y$10$GyUlA0p.Odnk444rgbsRVuzUwV4Hj3sNsFtIvjKIVyartc6we8Kaa',NULL,'9211750053028',NULL,'2018-02-10 11:13:03','2018-02-10 11:13:03','mahasiswa'),('a405528e-993a-4866-a814-781d8f6e565f',NULL,'$2y$10$jTf.bh53Db6xDvPTKzO14uTspFzHBdZsQiluErmb7./ur.IoLdfV2',NULL,'9211650015039',NULL,'2018-02-09 14:29:37','2018-02-09 14:29:37','mahasiswa'),('a5b9f2af-3b11-442a-ae24-97096b56a49f',NULL,'$2y$10$GXYOdsau0Tf94Vp2Cy1ahOwdT1ApsYF7Hc7Quzl8JKIq9PwtRhy7a',NULL,'131577263',NULL,'2018-02-10 10:50:28','2018-02-10 10:50:28','dosen'),('a5be16cb-b630-4814-9b71-93b29de469ac',NULL,'$2y$10$jW7hX7/h80OAdBQCJhcbh.3hBMf.eam/W2Ne0JhsEab3wKC84P73e',NULL,'9211650053022',NULL,'2018-02-10 11:13:03','2018-02-10 11:13:03','mahasiswa'),('a5ff97bb-f56d-419a-b1b0-167867623513',NULL,'$2y$10$lfYw9PITtYTzA9iI/J07J.YgnUXNzOZDvKz0a2Tv6gDxkTpsLfWeK',NULL,'130368599',NULL,'2018-02-10 10:50:28','2018-02-10 10:50:28','dosen'),('a632daaf-97a8-40be-888f-8b0085ee3e58',NULL,'$2y$10$HQpcxK1Lu7Np4lxoU954J.6Om1klNp09kOBxcIhH3boWUbDj67AMa',NULL,'1.97502121999032e17',NULL,'2018-02-10 10:50:28','2018-02-10 10:50:28','dosen'),('a6463b35-3dfd-4270-9505-eba7bda3b230',NULL,'$2y$10$XrcmO/VgIRMVvuovYpyffuQfYUTBrj9qtvXnCET24il6F9hSlgGWW',NULL,'9211750014013',NULL,'2018-02-09 14:29:37','2018-02-09 14:29:37','mahasiswa'),('a6be05ef-9c08-4a38-995c-b8dc0d07e509',NULL,'$2y$10$DYWjLQ33FUmz.IdXCcdRk.bfZ7FNUk8BoVjODmU4fL.poVy7.NK3G',NULL,'9211650015015',NULL,'2018-02-09 14:29:37','2018-02-09 14:29:37','mahasiswa'),('a6cbec42-3080-4614-a4c6-21aca5d4c9e9',NULL,'$2y$10$Sw7ZwBgnaU0C.xXkytiLi.XqJe5Ls8WOrRDnzZ0znemI2HPA7ttri',NULL,'91000042',NULL,'2018-02-10 11:01:51','2018-02-10 11:01:51','dosen'),('a6d4d386-425d-46a8-9025-0c8db54e14da',NULL,'$2y$10$vvGWLgV4OiO6ZZQOKDdYoOXl7Em/A79alrX.m8zaGg4qIpn1GRICW',NULL,'47',NULL,'2018-02-09 14:41:15','2018-02-09 14:41:15','dosen'),('a6f47171-92a2-4166-b824-d68957c93d02',NULL,'$2y$10$wRvb7Dh58aI7Ip4xE25lzuTCVJHX7.qF3kBtwJMlu6fDOqYNFBbJW',NULL,'91000031',NULL,'2018-02-10 11:01:51','2018-02-10 11:01:51','dosen'),('a7c41daf-4851-4ecb-b57a-02fd289937ed',NULL,'$2y$10$suwqRfNWBCmiwU.E2a9XQu.kUm7rPAD0UDnJU0UwD0QSXNi0O3K/2',NULL,'9211650013017',NULL,'2018-02-09 14:29:37','2018-02-09 14:29:37','mahasiswa'),('a88023de-ecc9-4831-9259-c8792ee010fe',NULL,'$2y$10$Nrm3kEFK8j9vIgNpA0tRduF00eXepP3M7GpuxF/XbRuHgGjApBK9a',NULL,'DM001',NULL,'2018-02-10 10:50:28','2018-02-10 10:50:28','dosen'),('a8fd50aa-3cc5-44de-b3d8-336167b9627b',NULL,'$2y$10$Xravf8Xwh2qsLBK7rjks3ODWRJGdbcsK4ZaB4/510oJnpuwVoR66K',NULL,'9211650014029',NULL,'2018-02-09 14:29:37','2018-02-09 14:29:37','mahasiswa'),('a93fd930-ca5f-48ad-b8b5-8e8873a85dcf',NULL,'$2y$10$aSxl7E8.TkdKRbSG9NtlfOlC0Oz0TVzboiCDAQZqAefCYEKRbhcsS',NULL,'9211650015027',NULL,'2018-02-09 14:29:37','2018-02-09 14:29:37','mahasiswa'),('a96b3375-b41e-40d1-9c88-0915195798dc',NULL,'$2y$10$7yA/St5zFAqdu4pCZ.9avuyoQWzcWUl66z8SWDrlyovPF2snf1RCC',NULL,'DT007',NULL,'2018-02-10 10:50:28','2018-02-10 10:50:28','dosen'),('a99dfa14-9142-41df-9e2d-bf6b51c56469',NULL,'$2y$10$f7leVecVxXtQABAMOb5DiewapKZxMK5XUaIAgSivAWRdqS4FjjGia',NULL,'130687440',NULL,'2018-02-10 10:50:28','2018-02-10 10:50:28','dosen'),('a9bfd345-33b6-4661-bec8-247b78dd849b',NULL,'$2y$10$oahJUv3Su44U.vvxbQarA.Td/1PFhsFv0qBl6fiyjJS6TQJjHMsra',NULL,'9211750053009',NULL,'2018-02-10 11:13:03','2018-02-10 11:13:03','mahasiswa'),('a9ef3d1c-1b08-417d-8b9f-e85253c39da2',NULL,'$2y$10$oAQ6xNz7OO28gFnH0v6r9ehXpaUcrM2R9sDnNeQSJihv5cfiQ5chy',NULL,'91000089',NULL,'2018-02-10 11:01:51','2018-02-10 11:01:51','dosen'),('a9f6ee23-ea81-407b-9bba-64fea7690695',NULL,'$2y$10$tWZ9nJKkOBQ4Ed/AL3ZKP.bx9ubqB4N.wu/fj31viC6OAG/Wy93iO',NULL,'131633401',NULL,'2018-02-10 10:50:28','2018-02-10 10:50:28','dosen'),('aa2bca05-4657-4542-aa07-3f6583e16389',NULL,'$2y$10$OKUXAMOK2qqzwoglxksVUeF8CTU3prD5YDsj.57r5CAjKjIzVlBJq',NULL,'9211750054012',NULL,'2018-02-10 11:13:03','2018-02-10 11:13:03','mahasiswa'),('aa40bf3d-f2e9-4bb7-b656-377665cdb6b4',NULL,'$2y$10$KAKc2k2dVEEfj1ErHAUMjOIT8LDHTT16OqtrJB/ILX/WvniqBdjp6',NULL,'91000079',NULL,'2018-02-10 11:01:51','2018-02-10 11:01:51','dosen'),('aa68e469-18f6-4b71-8c75-f55be30245f7',NULL,'$2y$10$hRl3tixjfYU0LjLRT5AbFeZwJ79xlGzexlxeB7AyKIHH2ep1vlUEK',NULL,'9211750023018',NULL,'2018-02-10 11:13:03','2018-02-10 11:13:03','mahasiswa'),('ab131030-4e6f-444b-aa1e-d95cf0be4bc6',NULL,'$2y$10$HnoVCVqaO2bNuuWoUBTGGeVlTtqYzzK/hOueRAvRnEUhPZaSUzJf2',NULL,'DL-FREDDY',NULL,'2018-02-10 10:50:28','2018-02-10 10:50:28','dosen'),('ac022f9d-5ea9-4b22-a3ce-298466f146fb',NULL,'$2y$10$cNWw.y77.6hh7k9sY46ONO6qTNywNV2ZiQVGPf9C01EH.i6U7wEma',NULL,'9211650016008',NULL,'2018-02-09 14:29:37','2018-02-09 14:29:37','mahasiswa'),('acb1dabb-627f-4f30-ac41-9ca584c9e39f',NULL,'$2y$10$LqfojRBQgPYGDkewoq8hlOH62EEdLEEX6oDcmyOVy0nVbOSsUOfc2',NULL,'91000007',NULL,'2018-02-10 11:01:51','2018-02-10 11:01:51','dosen'),('ad20e233-1076-47cc-b3dd-144235736a6d',NULL,'$2y$10$fCCiEx/Vu9kjo5m7mrNgDufAelrpXHBEGgczN9zVXXIZBILyEbBf6',NULL,'9211650017013',NULL,'2018-02-09 14:29:37','2018-02-09 14:29:37','mahasiswa'),('ad4122c7-61ce-4935-883a-deaad10d6041',NULL,'$2y$10$HMjYQSqWFN7cZvoMRBzmoOkrn/OnZtMVDk0oM2UuxXhe/cBfcwYUW',NULL,'9211650015026',NULL,'2018-02-09 14:29:37','2018-02-09 14:29:37','mahasiswa'),('ad7211d4-40dd-4892-928e-be8cb07eae09',NULL,'$2y$10$TPyqGYfmnXeTUc75pVv/QeQAnnZwGlKobPSwxIn0gfE7jneef.C8e',NULL,'9211650023012',NULL,'2018-02-10 11:13:03','2018-02-10 11:13:03','mahasiswa'),('ade892cb-03ef-40bb-8038-9e0f70693873',NULL,'$2y$10$p0lj9eMhJqRhsqvE8nIJbuHPFTUi1jTv8Mblko0lisaxMlZ/FES/6',NULL,'9211650013015',NULL,'2018-02-09 14:29:37','2018-02-09 14:29:37','mahasiswa'),('adebec56-20dc-46cb-a74b-39f98542d2e8',NULL,'$2y$10$RnMs9B.F6fxQ4WASgqjqc.OZ0OwF7lHk5Xwu2NyCP7N2MoYQHTqsC',NULL,'9211650015014',NULL,'2018-02-09 14:29:37','2018-02-09 14:29:37','mahasiswa'),('adf4795e-e43d-47d6-9879-f68f5b8a28a1',NULL,'$2y$10$i9JVjiy//Fz5MYVI8Gzcue.G8jY152HY9M7HQVhWW1I1wjFzFdCw.',NULL,'DR004',NULL,'2018-02-10 10:50:28','2018-02-10 10:50:28','dosen'),('ae07156e-2491-4d2e-820f-37651dea8753',NULL,'$2y$10$L.vCAcNiIkqXx8wb0JxGOeqwuFqXhGFKfzTwGaiVCqu2OyeksjuCS',NULL,'9211650023027',NULL,'2018-02-10 11:13:03','2018-02-10 11:13:03','mahasiswa'),('ae30443a-4d6c-42fa-9909-408d792d26af',NULL,'$2y$10$sGAAgTbFpff.Ucc.W7Sl0OFCQ1Vz7LOO0EOsA2b4wncocEQIgg.c2',NULL,'91000050',NULL,'2018-02-10 11:01:51','2018-02-10 11:01:51','dosen'),('ae32a007-ca2e-4344-9799-e1e2b703b135',NULL,'$2y$10$DNp0nHKBaM7M4lbikA/Caevr8tdWa0goq..Jm7RaC3uI1Z2VPDuba',NULL,'DW 002',NULL,'2018-02-10 10:50:28','2018-02-10 10:50:28','dosen'),('ae89ec85-66b8-4878-b4ec-f124d0a747ea',NULL,'$2y$10$Ks.WY3hNxvJR74uL7ZOMneJd1X5591lbChRzYSfAIOh3Af/fZCbjS',NULL,'DM002',NULL,'2018-02-10 10:50:28','2018-02-10 10:50:28','dosen'),('aea968f7-8e2a-4e87-8f7e-f4a4e8f2b5dc',NULL,'$2y$10$AE24jnLLojLHdZLscZoedO1DTIJf685HFsTN9.k62dRkVCFjfJtfS',NULL,'91000028',NULL,'2018-02-10 11:01:51','2018-02-10 11:01:51','dosen'),('aee26610-4a97-4dd2-86bf-5a178ac7b278',NULL,'$2y$10$9GBtR6tnRQE4YGSDrMp7q.Jx1ZlAhG8cKo5d9SlTA3yCcLd6.Ia12',NULL,'9211750016006',NULL,'2018-02-09 14:29:37','2018-02-09 14:29:37','mahasiswa'),('aeec6287-d6db-4a94-b340-2726e10e021b',NULL,'$2y$10$E0eH4KRalTC.jnRYpioM4evW5BXUVf9OAq4LbxobZMoFjS.DXCyvq',NULL,'9211750024002',NULL,'2018-02-10 11:13:03','2018-02-10 11:13:03','mahasiswa'),('af0df82c-a0a6-4c7e-b279-725237f34b1d',NULL,'$2y$10$XccvghY1eqOJ3huF0QYQyeV1Xgd6Zuw7pUuX0mnBpjsHdyeiDbSc.',NULL,'9211750014023',NULL,'2018-02-09 14:29:37','2018-02-09 14:29:37','mahasiswa'),('afc4d87e-2918-4914-a0bb-a8905e4ea4b0',NULL,'$2y$10$qUD.jKnl/ExEXAkFN3ShQ.LIFWBIy1QFGaFog9R5/3VJxTUp29Yq6',NULL,'9211650014035',NULL,'2018-02-09 14:29:37','2018-02-09 14:29:37','mahasiswa'),('afe58831-0d47-400d-ac2a-94e157633843',NULL,'$2y$10$VKyzqMqAgJq4tnPmGatlT.C9c1ZXGHbNKW9GouO5j.X/Hp9t1mJga',NULL,'9211650055006',NULL,'2018-02-10 11:13:03','2018-02-10 11:13:03','mahasiswa'),('b03c0087-9344-4b18-93e5-4337b6897ffa',NULL,'$2y$10$hBPLDsZmc8QtwMneOeT7xOyRxI2yzW4fZS2VQVszct9LwniQFmKea',NULL,'9211650026001',NULL,'2018-02-10 11:13:03','2018-02-10 11:13:03','mahasiswa'),('b053c55f-1806-4e33-a1d5-0cde7c9ce719',NULL,'$2y$10$SSQ/jTZdFye13tbiAZbmr.jSulbzzHDo5Bu4KQx83KElQInfo0WVK',NULL,'1.94710261976031e17',NULL,'2018-02-10 10:50:28','2018-02-10 10:50:28','dosen'),('b0a030aa-7cbe-4444-a5e6-961afec36fa6',NULL,'$2y$10$t9coJfXJXom15GCDBlVcWO4VZSQvFq2sHDYV3sCW.X6Gfnz8If8GW',NULL,'9211650014033',NULL,'2018-02-09 14:29:37','2018-02-09 14:29:37','mahasiswa'),('b0b5d386-d744-49b9-886b-a9a6ec94608c',NULL,'$2y$10$B2Yy6IxT4bN0N1SMSY1L6eBVEJ3ln0pk0DHpu3wITMDtkrIGq5BwK',NULL,'9211650054022',NULL,'2018-02-10 11:13:03','2018-02-10 11:13:03','mahasiswa'),('b0cc03e1-8f3e-431c-be15-919143c889c0',NULL,'$2y$10$FjaEM7.cYTy11Sqad4hT3utrOXj5.nmMUes8mkn0ORVramQFd5vjK',NULL,'9211550017019',NULL,'2018-02-10 11:13:03','2018-02-10 11:13:03','mahasiswa'),('b1244631-25a3-425e-876a-f6229faa63d3',NULL,'$2y$10$cO9F2Jus3zs8C5ELql.cp.6T3jxC.p9qw/Hez2tPIpHllIQoLmWna',NULL,'132303087',NULL,'2018-02-10 10:50:28','2018-02-10 10:50:28','dosen'),('b12d7196-414f-4dfc-bd85-77d5c9aae7ec',NULL,'$2y$10$gRS3XswLADu4FroEcPH4Ju8G.ycCVSJ8LFpSdpp.ypWzRer0cczvS',NULL,'9211650023003',NULL,'2018-02-10 11:13:03','2018-02-10 11:13:03','mahasiswa'),('b13297dc-d81e-4b8a-a071-6220bfdd4961',NULL,'$2y$10$4eAObVb22KoLRGfgC6qqauoYnDFPw7tJUoKAlwuAkk4WSR6siVK6m',NULL,'LBBKI1',NULL,'2018-02-10 10:50:28','2018-02-10 10:50:28','dosen'),('b1affdc8-d009-43fa-a7f0-90579a765e17',NULL,'$2y$10$pHUgkLi/9pWNigwvsLBE4.6Po.sHgT4Im86oL6cxBkCTlH81xpiyG',NULL,'1.96404161989031e17',NULL,'2018-02-10 10:50:28','2018-02-10 10:50:28','dosen'),('b1ca3eb4-a990-4c59-ae6f-5c81695d6229',NULL,'$2y$10$In4TyeVcTWWNNtZ/MGtjQOhT0dSEWmirdh.QFGq2ngY0CxYUzo.SK',NULL,'9211750023013',NULL,'2018-02-10 11:13:03','2018-02-10 11:13:03','mahasiswa'),('b1dbc0d6-a0fe-49a4-8794-fc6ecc9a1da1',NULL,'$2y$10$H.HxZ3jS7WfNsp5EbnB0.egSNREfgenWObvSklpjWFcsidfxiU3He',NULL,'9211650015040',NULL,'2018-02-09 14:29:37','2018-02-09 14:29:37','mahasiswa'),('b1e136c6-1a3d-401f-98b7-c1037a7d48b9',NULL,'$2y$10$jLV5DNPRmTb6Cxl.XSDH3OFdTWYAclV/8W.pY7CziqdlW6ReIR8WO',NULL,'91000078',NULL,'2018-02-10 11:01:51','2018-02-10 11:01:51','dosen'),('b227c793-a13a-4f58-b132-c36f38d8e769',NULL,'$2y$10$utrz2cwXc6F1lmMGGjq6DOCu.8gzcy9XaVbuhyxYSE.V/Hs/bX6TS',NULL,'1.97504081998022e17',NULL,'2018-02-10 10:50:28','2018-02-10 10:50:28','dosen'),('b2294b95-0e44-4fdb-b6a3-cc19ad0f275e',NULL,'$2y$10$gn1o8fF5du9DbjgyX/TZC.HkTJ.Nu7AxuZ5MdYmteju.nhxVh7OEu',NULL,'9211650053003',NULL,'2018-02-10 11:13:03','2018-02-10 11:13:03','mahasiswa'),('b24bb823-dbce-4af7-9209-62c5d816960f',NULL,'$2y$10$b7UOgVQ/2nEej.hSHknhk.72hUs9bxnl97UYb9ywnEgXzaAiwXCUm',NULL,'9211650053012',NULL,'2018-02-10 11:13:03','2018-02-10 11:13:03','mahasiswa'),('b27c2b85-f12c-4e9e-9846-9166c0fa8020',NULL,'$2y$10$9qOdMiJAfJZUW1TdkPiA/uH6nuBwWPHdUYotIeQ9Dk4vHTDq0A0ly',NULL,'9211650026005',NULL,'2018-02-10 11:13:03','2018-02-10 11:13:03','mahasiswa'),('b2a40061-5d2f-4f63-a3c3-8d150b90a8d3',NULL,'$2y$10$zhWs.8f7EfPyEo25.tSiHOqOucsZ8TQzjALX13TDTyOtB3pUbnZPm',NULL,'9211750013017',NULL,'2018-02-09 14:29:37','2018-02-09 14:29:37','mahasiswa'),('b3136469-97c3-4898-916a-8bc847d9eb20',NULL,'$2y$10$ZaM.AMghKb8XPr.b8XG8yO2ldpTk4QjGSsNt1iOdcdSf4MCHO5aq6',NULL,'130676232',NULL,'2018-02-10 10:50:28','2018-02-10 10:50:28','dosen'),('b31569f6-a885-44de-96f6-30d28fc552cc',NULL,'$2y$10$Vc0y3OtZFmdglp5PUbKJAOJDBH/UrV/1guFVb885aLGoLpO2CaQ0.',NULL,'91000016',NULL,'2018-02-10 11:01:51','2018-02-10 11:01:51','dosen'),('b326e146-e032-4ebb-a6ad-fdc7330b9dbd',NULL,'$2y$10$ZV8313FxoHi4JE1h8qR8Y.e.CKYwoeORFOU/GwRK0Vow3dhWXq87i',NULL,'1.98407062009122e17',NULL,'2018-02-10 10:50:28','2018-02-10 10:50:28','dosen'),('b333d85f-1f1c-4c53-85ba-8902ddda0666',NULL,'$2y$10$c7xGSYz1LNGGnZM.fLsyTesJvdHOirbzFU9Qq.FO6et3Y8S01X1/m',NULL,'9211650014038',NULL,'2018-02-09 14:29:37','2018-02-09 14:29:37','mahasiswa'),('b36cb4c1-1fff-4195-b2fe-2d4050ab6e03',NULL,'$2y$10$Nh6l6ktGZN4gRXw9FqIvkuNUPGzX4NdWhxxPvcSRNkcHUFMTCEo8G',NULL,'9211650053017',NULL,'2018-02-10 11:13:03','2018-02-10 11:13:03','mahasiswa'),('b3b3d527-da02-45cd-9751-2a35d381c99a',NULL,'$2y$10$iY4pkj5.Vbx4rE9QvderdO939JV2OxJQ0uIsgBOtyP/ABERs43Xce',NULL,'9211650015002',NULL,'2018-02-09 14:29:37','2018-02-09 14:29:37','mahasiswa'),('b3cb4cb4-7b91-49d4-ab1b-60b48bc59952',NULL,'$2y$10$3lou0YII1zsNXJrTHTzWJ.TncmE.ADBExsRHztBSyUFeHQvodnWvK',NULL,'9211750023010',NULL,'2018-02-10 11:13:03','2018-02-10 11:13:03','mahasiswa'),('b3eef5ff-f64d-4d29-bf52-f1c93b385223',NULL,'$2y$10$kBtjOXOkoFyJ5lSL2IOhLufMJf7C8H3bj1p08BHdXSYumYOuYjf.W',NULL,'9211650014028',NULL,'2018-02-09 14:29:37','2018-02-09 14:29:37','mahasiswa'),('b45e815f-7fd7-4133-99c0-49b24a15dc04',NULL,'$2y$10$9Yti.xQaQ/RgX6O73jDxXeXsHyDgldQpW.V9nhdGS/1cq1sLJoHOS',NULL,'DJ002',NULL,'2018-02-10 10:50:28','2018-02-10 10:50:28','dosen'),('b4b10cb4-6c9f-4f86-a6b9-96d8d67d8b60',NULL,'$2y$10$ElbVdnOCVZZvaz/gGJ8d3OrVeKNGGs.WtXWxsILfMJijpctR9TAey',NULL,'1.97107201995121e17',NULL,'2018-02-10 10:50:28','2018-02-10 10:50:28','dosen'),('b57f4aaa-0213-4e16-bdeb-d06f7f1bf39e',NULL,'$2y$10$eO0qwQyNsxS9qmd8rF/eROxE/Hn/2hT0cpomqOFmjj3U50kqptYuu',NULL,'91000056',NULL,'2018-02-10 11:01:51','2018-02-10 11:01:51','dosen'),('b5c05e3b-d029-425d-9463-936d6e91567c',NULL,'$2y$10$CiirJurkjyH3foXPk9/YMes6rjJIw/Z7hdj44hRoNPeKrFLTbhJlK',NULL,'9211650024001',NULL,'2018-02-10 11:13:03','2018-02-10 11:13:03','mahasiswa'),('b5c14a5b-a480-4383-b0e9-ae02593e3653',NULL,'$2y$10$2mxmpdu3kpjMlY6CJMusjuPMqxFPbmBjMWy62Q0Va31.0PRoIKFe.',NULL,'9211750015013',NULL,'2018-02-09 14:29:37','2018-02-09 14:29:37','mahasiswa'),('b6666ae2-1b91-4f00-aa5a-ca66feb95596',NULL,'$2y$10$F2dNcs3lv50R4SWoLSsp9.Q7hzwTKLd4onNqgI8ALaw7O5yym2KG2',NULL,'1.95810051986031e17',NULL,'2018-02-10 10:50:28','2018-02-10 10:50:28','dosen'),('b6addbbb-9e82-48b8-9555-4cb8c9f1c450',NULL,'$2y$10$xtCSnkFyqYUC.J33//sQreFYDY2ChzIjWGyTz4gu4.xsCL2UcHNzu',NULL,'DA0001',NULL,'2018-02-10 10:50:28','2018-02-10 10:50:28','dosen'),('b6bb1efb-edd6-4152-b488-23e846f0f8b5',NULL,'$2y$10$teQUZ2SyHomQZOW.UrAWnuOHLHoWHhlKU8OOhhoZ5hwR5WWUZU7Pm',NULL,'9211750014002',NULL,'2018-02-09 14:29:37','2018-02-09 14:29:37','mahasiswa'),('b798e302-7583-453d-93e8-0dc704f2d0f1',NULL,'$2y$10$NEE3cTtarKP.0uIoHhEHsO25k4xfAr8FYjus9q26CV1MCwJgf1DjK',NULL,'49',NULL,'2018-02-09 14:41:15','2018-02-09 14:41:15','dosen'),('b79e2022-503c-4dfc-bcd0-5f58a15576bb',NULL,'$2y$10$nsXT1DlggHxVksWneZHZ.O5RINX6.Y6ndIVm3VeGMDOSciWRWP62C',NULL,'9211650024005',NULL,'2018-02-10 11:13:03','2018-02-10 11:13:03','mahasiswa'),('b7fe8e34-4f53-4836-9ee6-6ba57fa8470a',NULL,'$2y$10$CkCdM4j12VkJNTBNlxbvTeegx.Dr66.2i8fehvcn/kRm/LREDVEZe',NULL,'9211650015019',NULL,'2018-02-09 14:29:37','2018-02-09 14:29:37','mahasiswa'),('b8473ef0-1f3d-45af-b2c6-dc4fef7a18a5',NULL,'$2y$10$x2C.T9lz5xeyXMxNlRfqmOHZXm1Jr5ju7N/gS8f4/uC0VnHKC4GN6',NULL,'9211750013018',NULL,'2018-02-09 14:29:37','2018-02-09 14:29:37','mahasiswa'),('b8615667-059e-40d8-910b-72e8c2008b66',NULL,'$2y$10$J6UVWEq2s/y0f9tyct5VJOdYyEgaX3RWJiPp0648xs3DyP24mJSm2',NULL,'9211750016041',NULL,'2018-02-09 14:29:37','2018-02-09 14:29:37','mahasiswa'),('b93c3580-9474-4666-8221-c0d21c3840a5',NULL,'$2y$10$mFOBm388Ozc.CH08gv1rCuVVYeiyiZ9poWFDm1jKWuXBUmaAUwG.G',NULL,'91000075',NULL,'2018-02-10 11:01:51','2018-02-10 11:01:51','dosen'),('b9fd3c89-1b51-4add-b6f6-3daef3aee364',NULL,'$2y$10$rSteJcLrkM2c82shSngwI.ZM5gKq4.ZLui/fTmxXAe86aSsLRau1a',NULL,'9211650053019',NULL,'2018-02-10 11:13:03','2018-02-10 11:13:03','mahasiswa'),('ba15037b-ef59-40f7-bf3c-3dccf0214ca3',NULL,'$2y$10$cY3GI8VIzcRCTKrqEilyt.pif4jD.PkT.UHqK9RYcmaFswS3ojq5K',NULL,'91000055',NULL,'2018-02-10 11:01:51','2018-02-10 11:01:51','dosen'),('ba410874-656a-4f92-870b-56629c107e3e',NULL,'$2y$10$4GkK2X3FK5g.MaI6TmZUZ.vAhI27cfqh46GttYe5CHd0EsS7AUQle',NULL,'9211650013014',NULL,'2018-02-09 14:29:37','2018-02-09 14:29:37','mahasiswa'),('ba60f2cc-943d-4f43-adfc-85a7d213b690',NULL,'$2y$10$mFOLkv520.8dxny58TvkoeKEVFdbUW0OkByB9Gcj3GjgliCRX.V6S',NULL,'9211650017012',NULL,'2018-02-09 14:29:37','2018-02-09 14:29:37','mahasiswa'),('bb4aebf2-f3f4-49bc-a54c-481e45a232f1',NULL,'$2y$10$qiKt3ZdCUWKRicrnzUxJ2e44HhAu.sxoG4pL8V4jSlCKf4opkHKP2',NULL,'9211650024004',NULL,'2018-02-10 11:13:03','2018-02-10 11:13:03','mahasiswa'),('bb515341-a979-4d46-af1c-c7423c5faf7e',NULL,'$2y$10$aaAHGBKacCrIe6tk/lfhBuGm9wQylD.EAhKwk7p/Ql3Ruf1NEX1jG',NULL,'9211650015022',NULL,'2018-02-09 14:29:37','2018-02-09 14:29:37','mahasiswa'),('bb522720-d081-4bbd-8cb6-67f92d88997a',NULL,'$2y$10$5FO8myEBNLy7oajexniE6uhMnSrFS7iPi1AHqE/hcdCSIQMjwiUJC',NULL,'9211650017011',NULL,'2018-02-09 14:29:37','2018-02-09 14:29:37','mahasiswa'),('bc1a4185-9121-41f8-8aab-5843032bcbcd',NULL,'$2y$10$4FoTnpPDSbmUCRse.RnVOOsOV0SJq.NAuX2/oMFRTrDrNXIi62IPa',NULL,'DLFUnair',NULL,'2018-02-10 10:50:28','2018-02-10 10:50:28','dosen'),('bc4a6bf2-47c8-4dad-bb27-121dd193f1fd',NULL,'$2y$10$V9eNkk2wtXPbiFPBRgyTYe5cBCUZ8qGnEf/RRr2DwDVPKM.dm8WpG',NULL,'131933290',NULL,'2018-02-10 10:50:28','2018-02-10 10:50:28','dosen'),('bc6a40a3-d06f-453d-9fcb-adcc9ebdfa79',NULL,'$2y$10$dQcZ3G3LCkOVLdTCqBNqUOeUHmu6pepWY.omKKhJFwqUipDOajfXq',NULL,'1.95904301989031e17',NULL,'2018-02-10 10:50:28','2018-02-10 10:50:28','dosen'),('bc83d077-9d93-4988-aeee-56f7b3bd4d1b',NULL,'$2y$10$4W9JZh40Vit9okgOzUDMFewhhIRv.jNIDg1rIEYJvpxQBe2HXGU3y',NULL,'9211650015001',NULL,'2018-02-09 14:29:37','2018-02-09 14:29:37','mahasiswa'),('bca13fb4-7ab3-4cc8-b92e-f70965328c9b',NULL,'$2y$10$3TfREkz1FlcrYoO5uSxpNuukudKEH9hPYmnt1eJm5pI3rT8x9BFe2',NULL,'9211650015035',NULL,'2018-02-09 14:29:37','2018-02-09 14:29:37','mahasiswa'),('bca7fba1-e1cb-44ab-834e-3d09bbbdc187',NULL,'$2y$10$YekkFbZRMAbS4.ed3hmvWuoSYUzzJ7nY4s8Z1GvpPO0XI/41Xrbma',NULL,'9211650054014',NULL,'2018-02-10 11:13:03','2018-02-10 11:13:03','mahasiswa'),('bcd47ec7-ebb9-4821-94bb-4d4e420b80cd',NULL,'$2y$10$OmbOO2cIfEN7cWXqBTeKZe96rAwtv7Ym7Cg81ESLoLABTGEWPSiWi',NULL,'s',NULL,'2018-02-08 10:36:37','2018-02-08 10:36:37','mahasiswa'),('bcfc24c5-1df6-407c-a928-e54e00732b27',NULL,'$2y$10$.I.PR0ZRrbFK1qpF.83iMOTSHdKh1PckLdKAPESF/p3mm77RUVlf2',NULL,'9211650014027',NULL,'2018-02-09 14:29:37','2018-02-09 14:29:37','mahasiswa'),('bd4b9a79-6f52-473d-b999-056e313c77b8',NULL,'$2y$10$hVKpC0hFaIej75g8ALCsleynCq1fLVUZWR3JvZ53c4Pki6s/Z.HZi',NULL,'1.98001132008122e17',NULL,'2018-02-10 10:50:28','2018-02-10 10:50:28','dosen'),('bdcfef9b-def1-4088-84c3-033763b0e6c6',NULL,'$2y$10$nK2UUXcUBOOE5LxAr/mam.V9PIRc0LiWf5SKwYH..gx8/NcuynfmS',NULL,'9211750023008',NULL,'2018-02-10 11:13:03','2018-02-10 11:13:03','mahasiswa'),('be5bff00-ef4f-4829-95bc-71a97f923899',NULL,'$2y$10$ADUWfCwIFiAzuBFxf1oF5uNTWex3Rq6l2v6P4qvhlinirdYQd0i6u',NULL,'91000039',NULL,'2018-02-10 11:01:51','2018-02-10 11:01:51','dosen'),('be6c30e5-6f10-49c6-8209-a01ddef8edc4',NULL,'$2y$10$Ogd3U0i4mM7dycqvaKOvpuDsR27WCrFJ9rFlMRHazRjpwTCbBaXuu',NULL,'9211550017017',NULL,'2018-02-10 11:13:03','2018-02-10 11:13:03','mahasiswa'),('be8d4c9e-850e-4ab4-a49e-6aaf9d3667da',NULL,'$2y$10$J5nR0sSEN9Pei63G/TsCk.mho9LP33f09dieHrTwrzcIz.zSzHaLC',NULL,'9211650023021',NULL,'2018-02-10 11:13:03','2018-02-10 11:13:03','mahasiswa'),('bfa97182-7523-4553-86a5-e30884b5c6f7',NULL,'$2y$10$XUohKStojp.uASVLTkRHzOmBVNwVommaAXQRtMDap6jytTLEw/nHG',NULL,'9211750026005',NULL,'2018-02-10 11:13:03','2018-02-10 11:13:03','mahasiswa'),('c087e047-43a4-4ced-925d-c68cd80fea1b',NULL,'$2y$10$/iPdnBT7Z5vdjyqXv.y6c.SkkCE6uKfXStqAgXq49OCvMKwJYf/Le',NULL,'9211650023011',NULL,'2018-02-10 11:13:03','2018-02-10 11:13:03','mahasiswa'),('c094f04f-79ac-4a11-a457-e8efa5ba5381',NULL,'$2y$10$LOV.dtq6HCFtQ7Ae4tvG1OQurpy2OP2AEfNtmjpp8Wdd5UHNcPuqK',NULL,'9211750054008',NULL,'2018-02-10 11:13:03','2018-02-10 11:13:03','mahasiswa'),('c0bf296d-baf8-447a-b19c-4b32ba67ec8e',NULL,'$2y$10$k9BX5dDzNEr5V60rGX1D8u49t6YrCf5aHrrerGPROCQ/bOwR/bzUi',NULL,'9211650014004',NULL,'2018-02-09 14:29:37','2018-02-09 14:29:37','mahasiswa'),('c0c0d42d-6a6e-4d84-a81f-73d352e2eb8e',NULL,'$2y$10$alnJuLXPIEEf8qWzhj3l1OpBHmdYxK0fR7t8et8LVkuI4DDZPaJeu',NULL,'9211650016011',NULL,'2018-02-09 14:29:37','2018-02-09 14:29:37','mahasiswa'),('c0d1c80e-be5f-4b64-9b08-7970b537e148',NULL,'$2y$10$QtwnDWU2r0XMNubSOWRLRuYlMfMshtbbl93zhUqkw0tbLDluRhBj2',NULL,'9211750014010',NULL,'2018-02-09 14:29:37','2018-02-09 14:29:37','mahasiswa'),('c13db250-aa8a-4e32-8ee5-063fd24e5ed3',NULL,'$2y$10$ME9CXFise1kaZ6koU81IaOGW29TZlIK386PHixcsdrttncMU01zaG',NULL,'DS006',NULL,'2018-02-10 10:50:28','2018-02-10 10:50:28','dosen'),('c15b4afc-be8a-4ce2-985d-e71d8317e4b4',NULL,'$2y$10$WIqMsWjtNQV9etESPA1c5eWnrChlGGx944QgsJgHL84384NFXvd.K',NULL,'DS002',NULL,'2018-02-10 10:50:28','2018-02-10 10:50:28','dosen'),('c16f9526-ca99-4bd0-8cfe-480447a40d03',NULL,'$2y$10$EKd349prsWYQwLSs4hUa.uc/D97P4TSusygrSR/IhZr78E6VAcfgK',NULL,'9211750014011',NULL,'2018-02-09 14:29:37','2018-02-09 14:29:37','mahasiswa'),('c170e7c1-9725-40d2-8d6d-4e371908484c',NULL,'$2y$10$jpCReBPBI7GnjLONl60mC.qgtNxhN8zashXNeN.YHN5W6siuqpK7G',NULL,'9211650024015',NULL,'2018-02-10 11:13:03','2018-02-10 11:13:03','mahasiswa'),('c19e1f73-d18f-4859-8ca8-8ca92c623d62',NULL,'$2y$10$ta5uP10XupRWdJzx4SQl6udHKYMFPGVg.mZ1ZiCJli7kl1Kiuqicm',NULL,'110024626',NULL,'2018-02-10 10:50:28','2018-02-10 10:50:28','dosen'),('c1baf117-e087-4277-b8ad-db9e0a0ad777',NULL,'$2y$10$aRz3sa9bc0hlORqC6cu6ROXgfRfMaTubtB116z7JiOwZrT2e.S.Nm',NULL,'DP003',NULL,'2018-02-10 10:50:28','2018-02-10 10:50:28','dosen'),('c261ece1-6d34-4e2e-9198-d427223d0074',NULL,'$2y$10$1FLdgMMstZoX.E2jw308qOSBDQVah9fcW7ZHm2ISc06leLpPjauOS',NULL,'9211650023005',NULL,'2018-02-10 11:13:03','2018-02-10 11:13:03','mahasiswa'),('c2adabf7-3b97-4584-8405-42942b9901af',NULL,'$2y$10$PKBkdKVa58ttzqL9PPATY.pXYZ/YMuI1dW5MwwbxDTeRoxfvZtYrG',NULL,'9211750026007',NULL,'2018-02-10 11:13:03','2018-02-10 11:13:03','mahasiswa'),('c2b7e31b-012e-4b99-b868-dbfdf9ef5571',NULL,'$2y$10$lZsPW6gdMovpKJwaWlkXBu/TimtML3sPNWU7.DGSyZdMCJlL/ZYCG',NULL,'9211650015034',NULL,'2018-02-09 14:29:37','2018-02-09 14:29:37','mahasiswa'),('c2c1a692-02e1-47cf-809c-7796c25ba734',NULL,'$2y$10$fXnEADCULcsjaG30PyHzSeIMdDtF81qJZeszJiUuaEK8.hkiKkKue',NULL,'DLFUA',NULL,'2018-02-10 10:50:28','2018-02-10 10:50:28','dosen'),('c306acfa-d878-4ac4-a2ae-0627756ff57e',NULL,'$2y$10$nW7wk3S26QUCR5/KhCUK0ump8bvQG.zZL/AFGhP2AWDIX.5r2/mpG',NULL,'9211650013030',NULL,'2018-02-09 14:29:37','2018-02-09 14:29:37','mahasiswa'),('c35a227c-ad5d-4925-a5c1-65fca67c74f0',NULL,'$2y$10$5b3MZptDfFkW0Iriqs0wU.7p0TR2AQ/V45D1oK7WtMcT/QWgPu9Me',NULL,'9211750023007',NULL,'2018-02-10 11:13:03','2018-02-10 11:13:03','mahasiswa'),('c3b6ee88-25d6-4bd4-a398-541cbd40e739',NULL,'$2y$10$E3qxGy2P.7VW/0erIocBl.iV7KuHv45dIgjpKbF8YIKzo.Scb.p5K',NULL,'9211750024007',NULL,'2018-02-10 11:13:03','2018-02-10 11:13:03','mahasiswa'),('c41f1d96-aa1d-408b-8590-33937618a38d',NULL,'$2y$10$5ohIBv64OWTWIDNvspEsX.7w6X.X0JraCOfjQ2EnYT/8uOujWjS8O',NULL,'91000003',NULL,'2018-02-10 11:01:51','2018-02-10 11:01:51','dosen'),('c420f6bc-9b6b-42cc-8828-21bf301fb8d9',NULL,'$2y$10$fWxhjjLIOl3phfsraShWm.mpsSN4hBXftcJL.U24NnYkVbizgOkze',NULL,'9211650015020',NULL,'2018-02-09 14:29:37','2018-02-09 14:29:37','mahasiswa'),('c42c97d3-84a1-473e-abbd-927839ea2295',NULL,'$2y$10$KACvKxSVqb0EHhHEb2TKQ.isyvIn7i1U0atZwv5Qp3MB37gpfEmc6',NULL,'9211550017001',NULL,'2018-02-10 11:13:03','2018-02-10 11:13:03','mahasiswa'),('c527dba5-7a95-497b-9a06-2846cc19954f',NULL,'$2y$10$r8JMt.InHfoAhHMGQH7GzuSmNzDo/ylLa4RwgF1pbA/zYOkVnrsI2',NULL,'9211750014006',NULL,'2018-02-09 14:29:37','2018-02-09 14:29:37','mahasiswa'),('c58372e6-26c4-4714-9986-7b5b2daa043d',NULL,'$2y$10$.4X6NXAblKDYhtiUMYfB8OIDtQ00RhIAK/MjnRXHcqu/vzt93OJ6a',NULL,'9211550023003',NULL,'2018-02-10 11:13:03','2018-02-10 11:13:03','mahasiswa'),('c59fd91c-600a-4e4a-9d63-cd3e00b31c8f',NULL,'$2y$10$2DYaNvKhWvwLergBHU2MI.6.a09p9LaQ6lAlodeZNbIhhOpZ/SHE6',NULL,'9211650016007',NULL,'2018-02-09 14:29:37','2018-02-09 14:29:37','mahasiswa'),('c5ad022e-9f24-4b86-9c30-b176c65560cf',NULL,'$2y$10$XGF6KeIAddRG8YS2qeMsze/7vuUBBvKHXD.zGS1A4/OPSMLvDGdti',NULL,'91000049',NULL,'2018-02-10 11:01:51','2018-02-10 11:01:51','dosen'),('c5dc01a1-27b8-41bc-8968-f6cc26407059',NULL,'$2y$10$EhF0MHII972ScwumNNVMk.oRs5Cjn3e9cATXnz3CJlljzd6Mm1ovS',NULL,'91000043',NULL,'2018-02-10 11:01:51','2018-02-10 11:01:51','dosen'),('c602fe6f-6286-4ecd-b0fd-4dec9748e90e',NULL,'$2y$10$jDFqyO8yQBmdDsMNhivBT.o608yFl9IIYuXtnBwfPRq2s2oUEBSme',NULL,'LB-SIR',NULL,'2018-02-10 10:50:28','2018-02-10 10:50:28','dosen'),('c63d3c77-e139-4b0c-a505-a1d46af1cf19',NULL,'$2y$10$VXr9oIuHV4RCx795KDHqFuzWjiT1OwUzgFc5hyYtgo/wRSGmtf2Ni',NULL,'9211650013004',NULL,'2018-02-09 14:29:37','2018-02-09 14:29:37','mahasiswa'),('c68f3299-5a6d-4851-806a-4f72d1e6b52d',NULL,'$2y$10$FvTTKomORS8SWNqeJsqeiulW1ixmQy9ZFh47vFlu5fIxFA1jPNMJi',NULL,'9211650055009',NULL,'2018-02-10 11:13:03','2018-02-10 11:13:03','mahasiswa'),('c6cf9235-de3a-4227-8e7e-1ab0157003ae',NULL,'$2y$10$J.sg/ZZCzfKUomFL.o2rGuxPN/K3zH0toAw5U9YOnx2vlEA.SXc4C',NULL,'1.96811091995031e17',NULL,'2018-02-10 10:50:28','2018-02-10 10:50:28','dosen'),('c7110fde-2143-44b1-bf98-09a9e0ff9e55',NULL,'$2y$10$4wv2o0sQ1S8pD6MugbRxUe3.CSghuxf8Lbi0rU6kTKExp3Tx879PK',NULL,'LB002',NULL,'2018-02-10 10:50:28','2018-02-10 10:50:28','dosen'),('c7f73090-d92e-4656-8f4c-e52d10624ad1',NULL,'$2y$10$i3GjSSHnpr6p.x5rCOizUuVjJc8u0bkxahLokXG5vV9ilfEINeZdS',NULL,'9211550013013',NULL,'2018-02-10 11:13:03','2018-02-10 11:13:03','mahasiswa'),('c80e0e85-6a80-416e-b44b-fbaeb7533319',NULL,'$2y$10$Khp3lqSCkZRgqCWT7M1/7ORppwRVjzIaoTUcdkMOOeCSanovwcTWa',NULL,'9211650014037',NULL,'2018-02-09 14:29:37','2018-02-09 14:29:37','mahasiswa'),('c842d48c-8594-4b53-b8c2-71afa834b4dc',NULL,'$2y$10$6V.Yn1HQrGkatK4IocoSdu.va11yFlqPgKs..msEYS3I1Zv69SX/u',NULL,'91000009',NULL,'2018-02-10 11:01:51','2018-02-10 11:01:51','dosen'),('c8a8b9bb-b0af-47ad-8851-4bf418318b89',NULL,'$2y$10$eyfQKUIi4kkOe5QSoJGlieolQJ0hg3HGmO8VeoehyfPVgqndmJ3F.',NULL,'9211750053016',NULL,'2018-02-10 11:13:03','2018-02-10 11:13:03','mahasiswa'),('c904ad89-35ba-4064-a147-e6b689e0cb9a',NULL,'$2y$10$Bi0eDUS2P5/vkNkdrSWg7e4Vq4EvY6LCZMvWvsyznFhi4Zqhto2Pi',NULL,'9211750015016',NULL,'2018-02-09 14:29:37','2018-02-09 14:29:37','mahasiswa'),('c99a796f-a1f5-438a-acec-841634fc9a68',NULL,'$2y$10$4e5h/VhiQnBm5/khafL9OuFMt81Jfucu8NBK1eY2MtfLWVLG28uze',NULL,'9211650023020',NULL,'2018-02-10 11:13:03','2018-02-10 11:13:03','mahasiswa'),('c9ac7838-1c48-4737-99ca-bed34309e148',NULL,'$2y$10$LUlZOqbVKhxP7DXIcwrS3.nHb4laBLzlhBz5ePu33/H4KqNT69vdC',NULL,'DH009',NULL,'2018-02-10 10:50:28','2018-02-10 10:50:28','dosen'),('c9b6e79f-fdaf-4e9a-82bd-ba2944345383',NULL,'$2y$10$gob0MMy8o.HBFxebleTgxecY8uqSN5nSSrkeORfScGVj6OM2N8ZCm',NULL,'9211650024012',NULL,'2018-02-10 11:13:03','2018-02-10 11:13:03','mahasiswa'),('ca0b3dd0-29e6-4aae-9e42-f2e94af3778c',NULL,'$2y$10$m04dnn7VRSdzDyHyJ.zcy.m6AfAXYDEp3lEj6AbgQAnoaqgqHRG1C',NULL,'1.96608131994021e17',NULL,'2018-02-10 10:50:28','2018-02-10 10:50:28','dosen'),('ca0dbec6-1529-4ff2-8abb-c7f1f0af5f67',NULL,'$2y$10$GBbhAtYh2hieUBVTcCFzh.ZXmiZwy852tRdFX4GZ847XTh0yTw8r2',NULL,'9211650025007',NULL,'2018-02-10 11:13:03','2018-02-10 11:13:03','mahasiswa'),('ca5371f0-9b27-459f-baee-8e660886abbe',NULL,'$2y$10$MA/.2d3cAu1Lqdy5l9Hx6eRrjtd4dYWO.eVyJT7qYVnB80EnLGMsa',NULL,'9211650016006',NULL,'2018-02-09 14:29:37','2018-02-09 14:29:37','mahasiswa'),('ca5eacfe-dbb5-4d4f-b8e3-c574e177c435',NULL,'$2y$10$3SytkJoiImBXIDNCx5k3Hef0t5hylNLoQk3fOeoYy3bcQ0D7EIRyS',NULL,'9211650014011',NULL,'2018-02-09 14:29:37','2018-02-09 14:29:37','mahasiswa'),('ca626239-cef2-4455-94c0-177e0de6e65e',NULL,'$2y$10$Ntju1nKiisHIYNvslNdukOS9Gd8jvh5ws/HaCzVaR4JpjBtbyALum',NULL,'9211650014019',NULL,'2018-02-09 14:29:37','2018-02-09 14:29:37','mahasiswa'),('ca8dc4de-77ca-48f9-a0f1-3338ca765362',NULL,'$2y$10$WK0Hl9nbBWE3RtrtrCCCV.4wgsjlA6uV.Ps.4VZpegsGwTlTIs3zu',NULL,'33',NULL,'2018-02-09 14:41:15','2018-02-09 14:41:15','dosen'),('cac91ac4-36fa-4209-9c56-7727e52648eb',NULL,'$2y$10$yTBEoxWFlHp4YfythPEnm.zEUR1qLhTClR1yj7/Z7iLwkQAKv2T8K',NULL,'14',NULL,'2018-02-09 14:41:15','2018-02-09 14:41:15','dosen'),('caf526f6-b23a-46c2-b490-b9d2e34b42c5',NULL,'$2y$10$/qJ0xHyILdTM/NkN0kg2nOoX3FEOg9EbeqolzQD9SKfqcx7..HSPa',NULL,'9211650055001',NULL,'2018-02-10 11:13:03','2018-02-10 11:13:03','mahasiswa'),('cb31b457-fe0a-472b-ab02-13618d565ef3',NULL,'$2y$10$nU0fs1kRcYFDLrg87WsoEepKQ8e0hh2ZbvQMCV5pSRTmoiVDxjegG',NULL,'9211750016003',NULL,'2018-02-09 14:29:37','2018-02-09 14:29:37','mahasiswa'),('cb67a41f-1031-46c7-a227-3afa5fcddeca',NULL,'$2y$10$xJmOgrNs6XpYDvKhO/u4pO/0guPXvI/3nVlNEHs9qIMOISzuqyhtm',NULL,'9211650053011',NULL,'2018-02-10 11:13:03','2018-02-10 11:13:03','mahasiswa'),('cb755c07-7d66-42bd-821a-09c66dc3f8ca',NULL,'$2y$10$rgBOEGTLqevJpEIODxXGguGH0tAmMCXACKexVohhmw5QHZQyTO4jS',NULL,'9211750013001',NULL,'2018-02-09 14:29:37','2018-02-09 14:29:37','mahasiswa'),('cc29d5fd-9cba-42ce-a153-9a77da4097b1',NULL,'$2y$10$SRnQPqgEdid5yPqsi7LNXevR73up/.04cnZzcKbHRnNspD9eK4j..',NULL,'17',NULL,'2018-02-09 14:41:15','2018-02-09 14:41:15','dosen'),('cc629a9f-a811-4356-a4a7-fab3633f3d47',NULL,'$2y$10$saQkJaxjVs48fJJem/dcbuyCp9RrRyRTQh1.a5lMU1.EpblE2dyvq',NULL,'91000012',NULL,'2018-02-10 11:01:51','2018-02-10 11:01:51','dosen'),('ccbde743-e39b-4857-8727-25689466bea8',NULL,'$2y$10$JpTrN524eihkQqUjADUK0e2VRTRyZ3/JA5C8Ohmkvq19ia0KmEpQm',NULL,'9211650023029',NULL,'2018-02-10 11:13:03','2018-02-10 11:13:03','mahasiswa'),('ccc7c7ac-7310-4f4a-bba4-e25fdaede3d4',NULL,'$2y$10$UMHLfwPQaWu3c7bEGhWUfegJEdAO1IgGD4gTCaR3zEt9ZvcSmYBXu',NULL,'9211750014018',NULL,'2018-02-09 14:29:37','2018-02-09 14:29:37','mahasiswa'),('cd46e345-f222-4f0f-b8e5-d2c0392be8e2',NULL,'$2y$10$uwJ60GxLP4s8EPekqPabrekhOfLGEK1xmhfRF19NvPBuP2v5gtLlC',NULL,'13',NULL,'2018-02-09 14:41:15','2018-02-09 14:41:15','dosen'),('cd7b4dd7-3657-41af-baed-29475fa64510',NULL,'$2y$10$0ueB2kjHab2D1VvGjRXKOONtP.2iJxHK3lUdIwXG/hQ6aX7ZNdBb2',NULL,'9211750024010',NULL,'2018-02-10 11:13:03','2018-02-10 11:13:03','mahasiswa'),('cfe0159d-2992-4b57-b1f1-d5488264cff4',NULL,'$2y$10$MsXmpuVkQ.UM0iembHIY6uRm1HcWINMPd7ssjEoEvXLjWwObI/Js2',NULL,'9211750053019',NULL,'2018-02-10 11:13:03','2018-02-10 11:13:03','mahasiswa'),('d03b64fb-b454-438d-bfe7-de253452ac67',NULL,'$2y$10$/Wnwlj/N4BSkoxH6zXnZmOHvkMAWBmv88kDFj7cHcSyY4VaKgwT72',NULL,'9211750023016',NULL,'2018-02-10 11:13:03','2018-02-10 11:13:03','mahasiswa'),('d058757f-335d-433d-a341-b98b07339cfb',NULL,'$2y$10$bvytijvWdfAuXF1mIK./j.fwiILX0lSj6RmIqSKYhaNjIhaWDVpjq',NULL,'9211650053030',NULL,'2018-02-10 11:13:03','2018-02-10 11:13:03','mahasiswa'),('d0ee0c42-5b69-4a5c-b7cf-5915a2134f4b',NULL,'$2y$10$V0CkA1aUfZmy2KPDw6zb2ulBkqeSTGL4U9dEVrykLl9tWCj7lPjS.',NULL,'9211750055004',NULL,'2018-02-10 11:13:03','2018-02-10 11:13:03','mahasiswa'),('d0f49ff8-e2a2-45fe-83ba-e741cdb95cc9',NULL,'$2y$10$GN3YiMVvoANDr.S0P2wZqe3dYHFy7ggnheuY89x9zEICqczb/wQIq',NULL,'1.96707271992031e17',NULL,'2018-02-10 10:50:28','2018-02-10 10:50:28','dosen'),('d0fc7529-9852-4f6a-a47a-b5f3ed6fd7e0',NULL,'$2y$10$DK2MxdzsNgpqaiS33kvJ3ubQHvyh12hNhmW7ZaNy3RAVLzk4MJubq',NULL,'9211750014016',NULL,'2018-02-09 14:29:37','2018-02-09 14:29:37','mahasiswa'),('d12336fe-5967-47ff-bff1-5127bffb7e86',NULL,'$2y$10$aVmWxBI/kU9MCWhUguszBOtPx03Smkk7yJi.Y5TOVW0CkppU8UA4C',NULL,'9211650055003',NULL,'2018-02-10 11:13:03','2018-02-10 11:13:03','mahasiswa'),('d1479803-de4f-4f7f-995d-8fbccda7b892',NULL,'$2y$10$GXwHeBJb5rYF6TOjoVLjT.snLEk/zzYMCLT.EPiK7UD8u81d3I6Gu',NULL,'91000002',NULL,'2018-02-10 11:01:51','2018-02-10 11:01:51','dosen'),('d165e273-a905-48f3-9526-88e87d6b3b0e',NULL,'$2y$10$xl.dXhWUtu/N1SiAg41dce7VjI8084LINjRbiHTipp2qRHYrlDaie',NULL,'9211750015017',NULL,'2018-02-09 14:29:37','2018-02-09 14:29:37','mahasiswa'),('d172e0da-62ea-4397-a879-0708381bd279',NULL,'$2y$10$RMSQCOCpxbxVCNc4R9L/cedGpUy04uA5vXDWG5hNrUUNFt8hWbMmS',NULL,'132310442',NULL,'2018-02-10 10:50:28','2018-02-10 10:50:28','dosen'),('d2377538-93e9-44f6-916b-d30df78ae9e7',NULL,'$2y$10$w4mNrsjb0cTJKje0B8My/uXyqIMPtP3l/XeeBYvDAYjYdAppyeRB6',NULL,'132206860',NULL,'2018-02-10 10:50:28','2018-02-10 10:50:28','dosen'),('d2da58ea-58e8-4a95-8daf-f553750c03d8',NULL,'$2y$10$ZgrcgYD3VxhtjN.6XmDM5OCMpcGTEWdORt4bJkmgps9DscWH56UU2',NULL,'9211750013025',NULL,'2018-02-09 14:29:37','2018-02-09 14:29:37','mahasiswa'),('d3029ec6-6cfe-482a-8e69-a359c9d7d23a',NULL,'$2y$10$lDsA0wpHGcUWAifd60ivFuMuWmgGMuYQACBiUAaa0S842opOGSkZe',NULL,'9211650023016',NULL,'2018-02-10 11:13:03','2018-02-10 11:13:03','mahasiswa'),('d316429a-1c52-4400-a967-461731f30ff7',NULL,'$2y$10$yjwPehxI..HkmRgCK8IFy.jIuVgYb6ToHBDlWoMaVjxHGFkGFuIcq',NULL,'25',NULL,'2018-02-09 14:41:15','2018-02-09 14:41:15','dosen'),('d332fca3-7feb-4ce1-9351-6e70c20727f3',NULL,'$2y$10$DScVtzjlubg138bPZDfs3ucTG5PRz.8Lseklf4d0KFiCz1LEtxLU6',NULL,'91000057',NULL,'2018-02-10 11:01:51','2018-02-10 11:01:51','dosen'),('d3623de6-86b1-42af-b953-cc0b7b226a98',NULL,'$2y$10$ueXRluZeGrD43myehLtfUe3aPuxHHOak2AMgiAGhXgFGt3j46G3Sm',NULL,'26',NULL,'2018-02-09 14:41:15','2018-02-09 14:41:15','dosen'),('d3a8cdf6-0eda-4c1b-bbe0-a52b41688ef3',NULL,'$2y$10$0s93BPt0URzOg1XPSnyDPOOIcqlze5IjQcEn5yI0FYjQK43nQpc3C',NULL,'3',NULL,'2018-02-09 14:41:15','2018-02-09 14:41:15','dosen'),('d3aa8440-5451-470d-ac01-9f1e6177a4a2',NULL,'$2y$10$kG57W2UYdCd6wrzRpDRn7uohPw78OJDLGs7w9lM9C9/M0R8aook9m',NULL,'LB-ID',NULL,'2018-02-10 10:50:28','2018-02-10 10:50:28','dosen'),('d3de560e-b0e6-4b6e-a796-0f8d1b99a5f2',NULL,'$2y$10$s.oykS.VpqpwlyHGIMK8peMnwuS57n9FvN2Fik3yfcfRsN8n2o0lK',NULL,'9211750026006',NULL,'2018-02-10 11:13:03','2018-02-10 11:13:03','mahasiswa'),('d3e510f3-81a6-444d-9848-6a8b2e1b0360',NULL,'$2y$10$HL4a/uPY0VCOssn3cA6Oq.TgvB2G6Aq3Il8h5x1oCJW3dm0CGfsNK',NULL,'41',NULL,'2018-02-09 14:41:15','2018-02-09 14:41:15','dosen'),('d3e79f40-1d8c-466a-a2e4-dd334fe9a844',NULL,'$2y$10$K4uWJExsay1MFtELXGTBvu8Yrn1kn3kISe66Q2KdRe6EQYheRmkwS',NULL,'9211750053004',NULL,'2018-02-10 11:13:03','2018-02-10 11:13:03','mahasiswa'),('d3f7b917-b1dd-46e1-b725-021df39963b0',NULL,'$2y$10$w1UYxDbkVk.xO3F/7CV7Juei9EH4k1cESE.V8XCGzG3NWyBd6523K',NULL,'9211550013005',NULL,'2018-02-10 11:13:03','2018-02-10 11:13:03','mahasiswa'),('d4759258-0c15-412c-8cca-05279243b62b',NULL,'$2y$10$nzww0k86DKfoVbyMCPc4r.EW983NzjHiNuG4qvFRc3pdL1Tc95yW.',NULL,'91000038',NULL,'2018-02-10 11:01:51','2018-02-10 11:01:51','dosen'),('d491834b-29ca-4b9c-a5bc-f2dddef8ca0a',NULL,'$2y$10$Og0sknp1tmN/sgP4zmG3.erDDVpHgAPM5eDXZASZQ.zIyYgN1orL2',NULL,'9211650053005',NULL,'2018-02-10 11:13:03','2018-02-10 11:13:03','mahasiswa'),('d4cdb542-587f-4db3-a166-5401303f645d',NULL,'$2y$10$m/jNOVBZ/UwM.i82l.nLLubcM.WFHQELQOIvl0WVwPIb4GUBJNeTG',NULL,'1.95911061985112e17',NULL,'2018-02-10 10:50:28','2018-02-10 10:50:28','dosen'),('d55e78c9-6289-47bc-94fa-ea7ce6186e8b',NULL,'$2y$10$8mYwi0NkIe82Ewqyws22HOF0kemVe46a.pfsjZgTJ.909x959MvbW',NULL,'9211650013054',NULL,'2018-02-09 14:29:37','2018-02-09 14:29:37','mahasiswa'),('d5703f0a-dd60-4e46-9091-db43bb8fcb5c',NULL,'$2y$10$tTz8cbmjUyi00q7jAk31bO3m8HwGMZamEPmfQ4A4Zy/wfm8iAVCjK',NULL,'9211750053026',NULL,'2018-02-10 11:13:03','2018-02-10 11:13:03','mahasiswa'),('d57a31b7-b3c5-42ef-bb53-ffd27f90fce0',NULL,'$2y$10$DB.K5cSVmZj4VtmI/8kFOuZ9TEKxIEmkMwZC2m5OZ9YhB6F6dsOQy',NULL,'91000006',NULL,'2018-02-10 11:01:51','2018-02-10 11:01:51','dosen'),('d69b38c5-ee1d-494c-bc9a-de5a3da5ed78',NULL,'$2y$10$FXE9hZhFmlV3pPKWhv7sPerf39yPY/DByGd7VwETBTCVe4JHgSuMS',NULL,'9211750013027',NULL,'2018-02-09 14:29:37','2018-02-09 14:29:37','mahasiswa'),('d6d4db31-f40f-44ed-8d5c-bfbf163d8b12',NULL,'$2y$10$0.CPmRBI63MvP4GaoyJ5bOo.ZUPY8VMuB1XJDZo7Qpt3F4tzA5Cv2',NULL,'9211650015005',NULL,'2018-02-09 14:29:37','2018-02-09 14:29:37','mahasiswa'),('d7043ea7-01cb-4c8c-bded-dad87bad75ab',NULL,'$2y$10$Esa1E04i3Doa2eVJK9WwmuuDxk6wUv/uKNLzbo0cw2CPkQyHPE022',NULL,'1.96802181993031e17',NULL,'2018-02-10 10:50:28','2018-02-10 10:50:28','dosen'),('d7ee9917-40e6-4267-9d70-7fd593233d1c',NULL,'$2y$10$B9fzaswmbYmO.Qxl.BaPFuY.DUewHExVgPoO7gpg1iFDGuPMFJiR6',NULL,'9211750013010',NULL,'2018-02-09 14:29:37','2018-02-09 14:29:37','mahasiswa'),('d82751a1-166a-4b52-ae95-fe20e49cf261',NULL,'$2y$10$LNTioKNNZ54b9knZa2dFnuMCzLxx8np9g0EdAzjf3d75OdsVR6fhy',NULL,'9211650055004',NULL,'2018-02-10 11:13:03','2018-02-10 11:13:03','mahasiswa'),('d8827b10-3aec-4835-9a27-4914f33d60bf',NULL,'$2y$10$cYSAZKAMe90NhnfsJaGjtOcaLXUCFckEPHqBWPyWkcOB5GAl7fpOS',NULL,'9211650013035',NULL,'2018-02-09 14:29:37','2018-02-09 14:29:37','mahasiswa'),('d88b4273-97be-43ab-abfc-f2164542a33b',NULL,'$2y$10$.MF2cPB8qGKrUlKJsXvUAugyagyaOaitwSvgQV0fNT8vnZztKL8vW',NULL,'21',NULL,'2018-02-09 14:41:15','2018-02-09 14:41:15','dosen'),('d8d01900-0f3d-4830-bc34-e27fc074d53d',NULL,'$2y$10$o5HhAEyZWzKTwBnE/EGpWeuRc3D.oehbXzvPvfWQIwddB25yxJZ8W',NULL,'7',NULL,'2018-02-09 14:41:15','2018-02-09 14:41:15','dosen'),('d9245829-fe6e-4e28-94be-edb50cf7f54a',NULL,'$2y$10$NjI7ifbPM3dW2zLBk7ZsOuoHNYJU.vOEUeERv5wNBPdlqgxwgCde2',NULL,'9211650023004',NULL,'2018-02-10 11:13:03','2018-02-10 11:13:03','mahasiswa'),('d94fe529-9a86-4c08-a93c-dcdd98f658f9',NULL,'$2y$10$dufDeJJHqgS.oPLJEy5Ss.Un6YVWYYV65Cl4jf6o3N45NeRY4Ar7m',NULL,'9211650054025',NULL,'2018-02-10 11:13:03','2018-02-10 11:13:03','mahasiswa'),('d9697d97-d130-48b8-bfdf-dd7041502b35',NULL,'$2y$10$oWgEo1R2YMxwL9SO/u.KYOdbUhs6nsMilChGC//HZRlzLrjBiq5r2',NULL,'130805286',NULL,'2018-02-10 10:50:28','2018-02-10 10:50:28','dosen'),('d9acc047-6bde-4147-b00f-1a1f0b9872d6',NULL,'$2y$10$/wpXyQR/B1uaZi6k9IQGFexr1n87v9UdM4VVU2gYk.0leSV.voz6.',NULL,'9211650013002',NULL,'2018-02-09 14:29:37','2018-02-09 14:29:37','mahasiswa'),('d9d94a63-ac79-494c-bb57-2e9d4d74b020',NULL,'$2y$10$vGtN/dWV57BjdewDaqFFpOBuA8ESpushlqy.AkRlGajtycLeWbT1y',NULL,'91000034',NULL,'2018-02-10 11:01:51','2018-02-10 11:01:51','dosen'),('da3022ad-9ebe-4b5b-aff2-bba620db94dc',NULL,'$2y$10$3yGs3YAU9FVHIOg0Ng4L3Oe6qCwArpg.qu9LxOIbcM29ZAGmQtxOa',NULL,'9211550017020',NULL,'2018-02-10 11:13:03','2018-02-10 11:13:03','mahasiswa'),('da493e72-fdb3-4931-93fa-be778a14e017',NULL,'$2y$10$sR5y9ArIOUur/18Kv9uJDOA.q8EOVzNsPOkkAAV1WqSe70814YQEm',NULL,'91000001',NULL,'2018-02-10 11:01:51','2018-02-10 11:01:51','dosen'),('da7945b3-f4b5-4ab7-9fbe-efc5c92f61f6',NULL,'$2y$10$Zd8GZqQrFftqbC4WmioIZO0fooXRVKNKgcZU9KCHJE5r0mj4A7iIK',NULL,'1.97404202002121e17',NULL,'2018-02-10 10:50:28','2018-02-10 10:50:28','dosen'),('db3524e2-5a05-431e-9191-5260f94ae3f6',NULL,'$2y$10$kqlWBhXzqSSG2Oz.O1WV4ehZXmhf4V5RxiL5EcwIRPtM6DVmxkcE.',NULL,'DLWUnair',NULL,'2018-02-10 10:50:28','2018-02-10 10:50:28','dosen'),('db647d26-9890-40cb-8f1f-fc6c55ffe918',NULL,'$2y$10$enFTSLPoBxRNu9sY56ILi.gxIpAzihz4/qquY/Bhckcm1QzcD75C.',NULL,'3.57818540595e15',NULL,'2018-02-10 10:50:28','2018-02-10 10:50:28','dosen'),('db72f342-3852-4e0c-8a6c-5a20122a581c',NULL,'$2y$10$I1/k4wK5QirFvHsP4X6eteupLGiU/OrAS.K3JC6zV/mwUYsLTJp3a',NULL,'9211550017002',NULL,'2018-02-10 11:13:03','2018-02-10 11:13:03','mahasiswa'),('dc7adbac-38f2-4293-bdfe-f724445953d9',NULL,'$2y$10$RtKj1gaplhIxzebld199n.drS.u1ehoLDaDZHNBYiGwFa8W4pUePy',NULL,'9211750023011',NULL,'2018-02-10 11:13:03','2018-02-10 11:13:03','mahasiswa'),('dd642c2a-a898-44b8-90c1-3b69b359dff7',NULL,'$2y$10$eeqqtejKm4td9yDmNyYTuu/8CPjmZouvp4N6of6K.YH.mNahFbimi',NULL,'9211650055010',NULL,'2018-02-10 11:13:03','2018-02-10 11:13:03','mahasiswa'),('de2fe1ff-734c-4d09-a84d-2a39110ab81c',NULL,'$2y$10$RIkO6cm0rbzRFiXk4qybLet.2Nkt41bB4MR3/j/xhOjNTxXor4a6K',NULL,'9211650014002',NULL,'2018-02-09 14:29:37','2018-02-09 14:29:37','mahasiswa'),('de897529-e1f2-4d1f-8a55-5db5387e7f5d',NULL,'$2y$10$81H0QqdNXfYgWJIagMU9DOxD5Vx2ScBDbVPyJOESaY9dhrPfdlfju',NULL,'9211750014019',NULL,'2018-02-09 14:29:37','2018-02-09 14:29:37','mahasiswa'),('ded67f2b-b7d4-4df8-aa60-02820d6b5728',NULL,'$2y$10$TXbUuV1zDtlz0yHhVgptaOCJSQxLnYPgeuXqvWtgFg7MChR6BOl2W',NULL,'9211650014031',NULL,'2018-02-09 14:29:37','2018-02-09 14:29:37','mahasiswa'),('ded7e106-5eeb-4265-84b8-2de018e86051',NULL,'$2y$10$zdTcunW9PDFKmfV.BDiq0uayOkKn.T3X1hSleGWOWOwcdbZrFw.KS',NULL,'9211750053010',NULL,'2018-02-10 11:13:03','2018-02-10 11:13:03','mahasiswa'),('deee15c0-faa5-4137-a3fd-12ea31c71e3d',NULL,'$2y$10$EpcPuV9EwS1G21wXVpOih.AsmX96jg3YqSDQVH5t0ANqTDF8I8xHW',NULL,'9211750053005',NULL,'2018-02-10 11:13:03','2018-02-10 11:13:03','mahasiswa'),('dfe731f6-fa83-4782-95fe-3a8fa4d5c70e',NULL,'$2y$10$cZJzBRFdGFcfYMChgqesFOPJXXih9JqQoGSDb4fuphltk5s7ah33K',NULL,'1.97610112006042e17',NULL,'2018-02-10 10:50:28','2018-02-10 10:50:28','dosen'),('dsadsa',NULL,'$2y$10$nsOAtP5XeGU65n57GR7WeuBsMeb8GQsdBB9vGvXqC5wiBdC4.mGDi',NULL,'hlmn','uWzaJXCr9nmPaIrqNsSbtsluvfjlde84jQ0sFMT2XZcyJJABzVMnuFvQCs2h','2018-02-28 14:49:17','2017-05-23 05:00:00','admin'),('e0c4c993-d8c5-4ffc-a875-3604877a978f',NULL,'$2y$10$X.t0eq9QFyk3da9CdM19pe.cmqhPR66aAvW4vkbVCafR6rEkoA6ry',NULL,'43',NULL,'2018-02-09 14:41:15','2018-02-09 14:41:15','dosen'),('e1011837-b523-4c7c-8d04-08a735290089',NULL,'$2y$10$K.YMlc7hv3V9ozdosVrUdON13XgcmNToi2I67K5H0UszrDSBGT4Ve',NULL,'9211650015023',NULL,'2018-02-09 14:29:37','2018-02-09 14:29:37','mahasiswa'),('e1254e70-7350-4fd4-9d3f-cb090e7d05ab',NULL,'$2y$10$dDzW74gJCIXDEPlaTI3vAOwczbqHmOah.mj7u5OGAIJcXDMvWU92m',NULL,'9211750015015',NULL,'2018-02-09 14:29:37','2018-02-09 14:29:37','mahasiswa'),('e16a3c25-c231-4b68-b70e-0b37c0cf7162',NULL,'$2y$10$WfF7n.uHE2LoGvXTs4ZA5u0LHja6zKurxeIErV2p4sGoEUIqQhEY6',NULL,'9211650053010',NULL,'2018-02-10 11:13:03','2018-02-10 11:13:03','mahasiswa'),('e1c6244b-1290-44d3-b612-d6965eb64a0e',NULL,'$2y$10$9bn5ksHv6PIEFLfQO9mA0OUvV0eWa8t2xSKyRDx1xCBUrL0NIya9G',NULL,'9211750015008',NULL,'2018-02-09 14:29:37','2018-02-09 14:29:37','mahasiswa'),('e214c1e3-ef65-43a5-8db7-4c250cce87a1',NULL,'$2y$10$iQLVJzOVoCZVbs2pFYVu8uOv4lrzn3aSfpQ8uJlAuhaurVJTeboI6',NULL,'9211650013026',NULL,'2018-02-09 14:29:37','2018-02-09 14:29:37','mahasiswa'),('e26cd51c-2ed4-4964-9539-8121888a8e05',NULL,'$2y$10$S0Ub9og735W.qRFiuLIYEeNcbdZ.1fTaWMLwcEIdn8nK/y9tEyfrC',NULL,'9211750023003',NULL,'2018-02-10 11:13:03','2018-02-10 11:13:03','mahasiswa'),('e2a991f2-2f5d-45cd-ba76-c8e086e33056',NULL,'$2y$10$n6qBQEgiIGJR5LIyqP7mjedZ2Hb4zq3PK/BBQwD7bSU/1vrQw.tnq',NULL,'DT001',NULL,'2018-02-10 10:50:28','2018-02-10 10:50:28','dosen'),('e2cb3cd5-02ce-4584-9674-4631c97aa259',NULL,'$2y$10$Bm7mDI49QEW7Au0aqezeG.lwuwPeJITVU4Yf1T5yUBK/JhalUZzye',NULL,'15',NULL,'2018-02-09 14:41:15','2018-02-09 14:41:15','dosen'),('e3254a76-bb66-4136-a758-d2e5a3b2d1e1',NULL,'$2y$10$WVNMuIiXRIWlDkR959cRVO0fQiwWh.CNH4KX.RiYhq7a.TH.gAfuW',NULL,'91000019',NULL,'2018-02-10 11:01:51','2018-02-10 11:01:51','dosen'),('e40aa41a-8c59-4d3a-bca6-15279ac17ba6',NULL,'$2y$10$xQWvFiGYYBHCVEdpa3lW8OWqnAu6QMhhT.2O73d6Q.scxneZzzV/S',NULL,'9211750025006',NULL,'2018-02-10 11:13:03','2018-02-10 11:13:03','mahasiswa'),('e4527177-14c0-4eb2-8696-c86d4c04b3c4',NULL,'$2y$10$p1fwRjnk17eK2KUTPBg9T.SxxKcA7q8Fyb2Hz6wVDyCga1zFTCsPK',NULL,'132231644',NULL,'2018-02-10 10:50:28','2018-02-10 10:50:28','dosen'),('e47d33d0-836a-4e17-8c27-1b92e1fbffc1',NULL,'$2y$10$vIWQv7sqh5i0uhpbvVrks.gwDS9aGnS5LzJXAObc5HpSyer5WStWK',NULL,'9211650026003',NULL,'2018-02-10 11:13:03','2018-02-10 11:13:03','mahasiswa'),('e4a13977-b726-4623-8ace-a74c8d086299',NULL,'$2y$10$MsvmJanHBTlTZ7y9d4Fi8eDgPKqyBv1fVO/zT7Q2DXiXHU7Jg.gOa',NULL,'9211650014017',NULL,'2018-02-09 14:29:37','2018-02-09 14:29:37','mahasiswa'),('e55cd6a3-f207-41bc-90b7-4ddf636310cc',NULL,'$2y$10$/d/BnbjzFlk1scZoty/iyORobc/7JPv2XDvxKcvL.IGMVyny2cpJS',NULL,'9211550013018',NULL,'2018-02-10 11:13:03','2018-02-10 11:13:03','mahasiswa'),('e565130f-6d21-4d77-ba14-3b5031a65e31',NULL,'$2y$10$bdglLxt4WKI5kfwNTNp4H.dPfUzpmOZ3rsCBPZBdl/S/x4n4SZ22K',NULL,'9211550017022',NULL,'2018-02-10 11:13:03','2018-02-10 11:13:03','mahasiswa'),('e56f243f-c7bc-4a40-9bd2-714a047abb64',NULL,'$2y$10$MVfEHOfZPtiATSOiPZyJmu9riylgDl4YgNUvhw2KlHKHUcaJWR/Yu',NULL,'9211650026004',NULL,'2018-02-10 11:13:03','2018-02-10 11:13:03','mahasiswa'),('e5de6dc3-de20-4316-98a3-9c4778537210',NULL,'$2y$10$YxLnxiRZ6oFf56r9flbE/e2.EHhrBIlzFBLh6mHyXzBvCtXURKzXS',NULL,'9211550017008',NULL,'2018-02-10 11:13:03','2018-02-10 11:13:03','mahasiswa'),('e62d6a68-35b6-4825-9391-c17cf617b43f',NULL,'$2y$10$v4ELJRcj5J/mjKlCJvdubOuuaQqnHYp.FLMNMOV5lEBrA4vmTWK6u',NULL,'DL-ITS',NULL,'2018-02-10 10:50:28','2018-02-10 10:50:28','dosen'),('e6569a6d-a6da-47cd-82da-436772b68835',NULL,'$2y$10$y3c2nJaoD1Fqt/4aZ4uaUO7P8k3YrsQ.pvcCKiDTgWfanbSf7i/GC',NULL,'91000010',NULL,'2018-02-10 11:01:51','2018-02-10 11:01:51','dosen'),('e67353b0-c2ca-4b9f-9ecd-62fc4334e163',NULL,'$2y$10$yZGe2l.otGQmyjSXyCcaCuu/ydYDZswfgiB/wqF5ZoJTNmtaS6hEe',NULL,'9211650017005',NULL,'2018-02-09 14:29:37','2018-02-09 14:29:37','mahasiswa'),('e6af177b-a408-4d26-9474-0a1b6e9b0733',NULL,'$2y$10$vfE9mHBk7SqMcMPAmhq5POMKcntS3Hp2dIWstCdlZlpntKQi2gkeq',NULL,'9211550013010',NULL,'2018-02-10 11:13:03','2018-02-10 11:13:03','mahasiswa'),('e74c36fb-fbe6-45a1-8109-83622b7905da',NULL,'$2y$10$J1Rb/uQ4ddiztobQCUjEMuJMxTyNuQ5BlqHjfVmcYf1LZeC.mtI.a',NULL,'91000026',NULL,'2018-02-10 11:01:51','2018-02-10 11:01:51','dosen'),('e7505347-c9e9-4ab5-a325-191ef81260a7',NULL,'$2y$10$Tv3X5nNYJYi.D9uRxnMQJO5h53Gu1RU2Aapcv8LaqV5RAniSCEWNG',NULL,'9211750025001',NULL,'2018-02-10 11:13:03','2018-02-10 11:13:03','mahasiswa'),('e75a5e89-25f5-4108-aa33-57d6062f0b79',NULL,'$2y$10$YvHV7CXGKYDzNeWL6gs4BOovhsxEK5Khjg1PzE1Gt.25VifOi0mim',NULL,'1.98201192005011e17',NULL,'2018-02-10 10:50:28','2018-02-10 10:50:28','dosen'),('e7bd822e-3d3c-458e-9e4d-a640f12f0bc0',NULL,'$2y$10$C4KNdjnlP1YHrRIgkAdpAeCGgwP.LuQ6pn6f0mYlaFfAzCIyuSzQi',NULL,'91000048',NULL,'2018-02-10 11:01:51','2018-02-10 11:01:51','dosen'),('e804fbf4-17f4-453f-a6f6-5e7d7c11de94',NULL,'$2y$10$YQa1xcBGK/9ZYorBugPSuepbvkm.jrcJ95pfy6zh54OWGkod.wod6',NULL,'131570365',NULL,'2018-02-10 10:50:28','2018-02-10 10:50:28','dosen'),('e8cdce0f-6cd7-49d4-87f8-65ed19f11b51',NULL,'$2y$10$NdBZET0.89kwPaMnIjEC9OvtzPjdmn/oD89PIvBN70aP7jz0lYJLq',NULL,'9211750053021',NULL,'2018-02-10 11:13:03','2018-02-10 11:13:03','mahasiswa'),('e8dad484-9891-4865-becc-9385f1e57f85',NULL,'$2y$10$9RlRys8XnBNxcW5UgBJeiu2d4g/2epFduw22b02I0UeFkcrh6YOR2',NULL,'9211750024015',NULL,'2018-02-10 11:13:03','2018-02-10 11:13:03','mahasiswa'),('e92f7506-6499-47e6-a885-a077396c53f7',NULL,'$2y$10$zq4IGZm9W2kTWs9iwrPaseP9qvV8lFHNDll56MqsdOU8elubs.bn.',NULL,'91000061',NULL,'2018-02-10 11:01:51','2018-02-10 11:01:51','dosen'),('e97014de-84a1-4e41-9461-65b7c0c21986',NULL,'$2y$10$tI09pazee0J/guUai3nKk.vibn9Hanv7oJrz7Y/Y/OMlBeMB25Gz6',NULL,'9211750024004',NULL,'2018-02-10 11:13:03','2018-02-10 11:13:03','mahasiswa'),('e975f925-1d2b-4710-b344-bbe0499a4839',NULL,'$2y$10$BGilUFCGG5Lvtlo1gqh/tuIJy7tg5/4iJDso0syFmONNsyavJjTIK',NULL,'9211750054011',NULL,'2018-02-10 11:13:03','2018-02-10 11:13:03','mahasiswa'),('e983f072-44ce-4440-b112-e2041024c8d6',NULL,'$2y$10$6U0i8PkUtxAqPTCifJe1lOyReLnvmDU.i0a8nAPRl.Pkx7vGhEl9y',NULL,'48',NULL,'2018-02-09 14:41:15','2018-02-09 14:41:15','dosen'),('e9945875-b54e-4ca6-8ed8-02af7a8cb52c',NULL,'$2y$10$7gsHLRIsKpNr9jEm3LE0fONF8msjuAXduCppTtKXPVQ0fw3XN4j3G',NULL,'DA001',NULL,'2018-02-10 10:50:28','2018-02-10 10:50:28','dosen'),('e9f55222-b5d9-424b-a3ec-0699d8db66b6',NULL,'$2y$10$b.d..7Jcut7A8g4j.AEe3.E46Qp2znPIqvOW/5zh99SL37kl29bba',NULL,'91000091',NULL,'2018-02-10 11:01:51','2018-02-10 11:01:51','dosen'),('ea419825-b286-498f-880d-341f73bada0d',NULL,'$2y$10$eQa2MsYi/mC4X3WY2mbrmeti7cVc3By/8Xkw5zuGykjR38.u.0bi.',NULL,'DB003',NULL,'2018-02-10 10:50:28','2018-02-10 10:50:28','dosen'),('ea742e0e-f19e-454a-9bc4-3a09200541c6',NULL,'$2y$10$3IUfDwe/rCg2OkJLJ7M3L.CEgSQtV5USM664CW0iOOfu85zeG.opa',NULL,'9211750054009',NULL,'2018-02-10 11:13:03','2018-02-10 11:13:03','mahasiswa'),('eb18cb4b-b2ca-4e48-bc5b-bdcfaba5ba52',NULL,'$2y$10$K/pRT.HWdsRm/PtuT0Mn.eqbJBpfvgiTB0FTMqkzOjTwKXgZHXaSq',NULL,'DL-RAS',NULL,'2018-02-10 10:50:28','2018-02-10 10:50:28','dosen'),('eb1e089e-5d3a-4530-8499-6c91ad416e22',NULL,'$2y$10$ICM8ueUmVSV9YenBtE5nEe7Ms1Q5AjzsXumw3/yHp4W649AF3QzSm',NULL,'13156939',NULL,'2018-02-10 10:50:28','2018-02-10 10:50:28','dosen'),('eb2ae969-005b-4a9f-ae4b-85bbfa6f090a',NULL,'$2y$10$7hUaVrF7y//CBDc2jw2V8u/6Sp1Ts768iVRU1c/DQDUn6Sxxjkz6.',NULL,'91000060',NULL,'2018-02-10 11:01:51','2018-02-10 11:01:51','dosen'),('eb2cd107-bd4e-44a3-810b-e7e4ebf7d5bf',NULL,'$2y$10$BfOpjon4fFXOTgShsD3eNOzJ0UmbF8bJzC26DQOqnEiFZ5hskWVe6',NULL,'9211650053013',NULL,'2018-02-10 11:13:03','2018-02-10 11:13:03','mahasiswa'),('eb3346f8-3a78-4c51-9c19-f70eebd29442',NULL,'$2y$10$oeaG/R2OyXRFWD/q8cNs..R592XHYONOtnQyCqte36BtcV2avoGuO',NULL,'1',NULL,'2018-02-09 14:41:15','2018-02-09 14:41:15','dosen'),('ec2c3ef4-4ee6-43fd-96c8-20f9e9c9b6ff',NULL,'$2y$10$/2uzHHe..aniRlZELX4ReOPuNMu/VCKsmKHCVG131FNCvrLBuTfwe',NULL,'9211650023010',NULL,'2018-02-10 11:13:03','2018-02-10 11:13:03','mahasiswa'),('ec430917-e923-4f4e-b820-341573dd5afd',NULL,'$2y$10$yqQJa3aQRMSzWdHGNQV0VOBAtJL/BXWKWJ5tMNUMQxfQ4Sw0E2IUW',NULL,'91000014',NULL,'2018-02-10 11:01:51','2018-02-10 11:01:51','dosen'),('eca3fb92-1361-41d6-af42-624afaee8074',NULL,'$2y$10$nLwS/vA1HEMjXRAGAHYhmulafw.2EEaUddSm1CvxgwgPp9GX0Jw8C',NULL,'DD005',NULL,'2018-02-10 10:50:28','2018-02-10 10:50:28','dosen'),('ecd41c9b-985d-436b-997f-388d7b455dd0',NULL,'$2y$10$p8a8Yd1ynDdNvBv.GS.uZ.fjlrYhv2.nwVlHOnBcKUdKt6zDtw4SO',NULL,'9211750024014',NULL,'2018-02-10 11:13:03','2018-02-10 11:13:03','mahasiswa'),('ecde44a8-6dfb-4bc0-9ea1-d23d54633ddb',NULL,'$2y$10$u4BtSavkpTcL1sODmk3hm.cDbJrJ0azWG4rAwtwj/9hwov4jV2DFq',NULL,'9211650016010',NULL,'2018-02-09 14:29:37','2018-02-09 14:29:37','mahasiswa'),('ece5c95c-27a2-4658-8c02-99c65752162c',NULL,'$2y$10$XMcmAqUMJ8wy3uu2Wr/9c.c3xa6k3TaywaISFCe41R7k9eB6e2JqS',NULL,'9211650023025',NULL,'2018-02-10 11:13:03','2018-02-10 11:13:03','mahasiswa'),('ed7718cd-f076-4f12-9f92-84b3e2d8e768',NULL,'$2y$10$xNfAyDfIzS.xZ3GcoDR1FutFiFmYzWOMNw8Vn.nUHRl2FRQNDalSa',NULL,'9211550013015',NULL,'2018-02-10 11:13:03','2018-02-10 11:13:03','mahasiswa'),('ed892588-bc1a-41c3-86a6-baf6470953b9',NULL,'$2y$10$4owyK9A/i.GZYqTdqCUY8.J.JoPcWDnnbJ19ixCxpnuHQD14VEUiG',NULL,'9211750026004',NULL,'2018-02-10 11:13:03','2018-02-10 11:13:03','mahasiswa'),('ed8ddbb7-f1f5-437f-8c9d-17d344abe2e1',NULL,'$2y$10$QnOd9f0j4HJgcepw8BqPsuvRXpkDx1mOICtQTjs4Dwghs.jtIyy0u',NULL,'BKI-BD',NULL,'2018-02-10 10:50:28','2018-02-10 10:50:28','dosen'),('ede376cc-487d-4ab0-812a-6df9301e3283',NULL,'$2y$10$fXPu1KJIEDe/OtVl5lLHtuQpcNg3lHXc3avTo8pX9KB9Esf.YUuse',NULL,'9211650023002',NULL,'2018-02-10 11:13:03','2018-02-10 11:13:03','mahasiswa'),('eecec2b3-e6cf-4926-aeeb-b06ce2bb8716',NULL,'$2y$10$km8/VSKdbeBXjqeLsuP4luzh1rlOIDfXPPtwGKfAkN1DEDJbpIlD6',NULL,'91000015',NULL,'2018-02-10 11:01:51','2018-02-10 11:01:51','dosen'),('eed97472-7ec5-40ab-bec7-83347465660d',NULL,'$2y$10$3SI5n3UdUFJ6mSG3rb7ileBRgPc8/cAvMYYXvPeqNqbJUJgwK9w.G',NULL,'91000023',NULL,'2018-02-10 11:01:51','2018-02-10 11:01:51','dosen'),('ef2149ef-0f30-43f4-ac43-32a3bec30700',NULL,'$2y$10$mO1JD5sYRoZHFJVJeegcqOk.H.Lh5R098wpvRD0vsEeVA74TTYpM6',NULL,'9211650023006',NULL,'2018-02-10 11:13:03','2018-02-10 11:13:03','mahasiswa'),('efd69ff3-c088-4ccf-81a5-312d5b0a1d7e',NULL,'$2y$10$vbo30LeTmjcenwVvB4wU1.OAR8vYs8UcIDd6QZLNveYvJVtQIE4Hm',NULL,'9211650013048',NULL,'2018-02-09 14:29:37','2018-02-09 14:29:37','mahasiswa'),('f072e20b-fcc7-452a-99ba-7954f1d6645f',NULL,'$2y$10$b2.l4/QZx0dLJRf5RHriKOt04btrP94wT4Hq5MUrYRw3EiNycydAK',NULL,'9211650013047',NULL,'2018-02-09 14:29:37','2018-02-09 14:29:37','mahasiswa'),('f0a58b1f-fe56-4b27-b549-4d7fd0f92ccb',NULL,'$2y$10$8QwCFoZBgVz7zRkdqTLkyuYewx7JK75u1h9JcLyARSKEhY.YubpCa',NULL,'9211650014003',NULL,'2018-02-09 14:29:37','2018-02-09 14:29:37','mahasiswa'),('f23bdfb1-da28-43ff-89cc-612bf7b82f33',NULL,'$2y$10$fqwk8CfLQVu3bxkqkTAzcuoSHl5egXI7IL3X1N88VF6XAY4.b7BjG',NULL,'9211650014005',NULL,'2018-02-09 14:29:37','2018-02-09 14:29:37','mahasiswa'),('f258d292-1851-4b1a-95cf-5299e688f8fe',NULL,'$2y$10$LIqW97vypro9Xuy0q/HQh.uXLhGH4mYs5A.XpNI5Y7H5DYHP0Kkum',NULL,'1.97103131997021e17',NULL,'2018-02-10 10:50:28','2018-02-10 10:50:28','dosen'),('f2b55f81-0f55-4b59-9f4e-b93b775d7c1a',NULL,'$2y$10$k/zmqbwXaRnQ4BWjHaTVZ.gIEbTXFvDq9tmO/bQdtKbckQpA4ssnW',NULL,'1.98812112014042e17',NULL,'2018-02-10 10:50:28','2018-02-10 10:50:28','dosen'),('f3279511-13a5-4cc3-b20a-461945324235',NULL,'$2y$10$yQtE9V4zU4v2PEYnz9KFYOD8yuOV83GcrNvcgpe84IHDfIVwkrwBi',NULL,'9211650024002',NULL,'2018-02-10 11:13:03','2018-02-10 11:13:03','mahasiswa'),('f3897e7a-c477-46c3-9a01-728fb0778632',NULL,'$2y$10$dlflovgbLgRUYhnEm7GBvO7AiB2/vdx2rOBf8YZbGv0p6RfKw7bm.',NULL,'9211750025020',NULL,'2018-02-10 11:13:03','2018-02-10 11:13:03','mahasiswa'),('f4e15c3f-707e-47cd-8e20-5fa6f721db4f',NULL,'$2y$10$IeTknVwMql7iHQxS3FlnIOsx149Ki3i.VrsxHHzWHmbWLJE0ruIwi',NULL,'1.98811182015042e17',NULL,'2018-02-10 10:50:28','2018-02-10 10:50:28','dosen'),('f51e615f-20e4-4a05-a7b4-deafb90d66b5',NULL,'$2y$10$keiNBHfo83YBrNhjxmKsxOPHLL6fEtHszHLx5lfbHl9e7EX0Rw38O',NULL,'DM004',NULL,'2018-02-10 10:50:28','2018-02-10 10:50:28','dosen'),('f5a97039-894c-47e7-94ff-2a44e3a3383c',NULL,'$2y$10$TPZ0d5A8kI9g.jARFKlIIegnly5hI5OPfh5l.i4lXVSQ1t7tDJpzu',NULL,'91000074',NULL,'2018-02-10 11:01:51','2018-02-10 11:01:51','dosen'),('f5b6f21b-44cd-44d3-bcd7-fe0f6b2bb248',NULL,'$2y$10$Trn1LHPF/61Xo9NSLDQ5IeLU/H9WHNyJRpvYI0zB4MUHeUzzLZNi2',NULL,'9211650013007',NULL,'2018-02-09 14:29:37','2018-02-09 14:29:37','mahasiswa'),('f63d255e-acca-4a89-9095-4b2e6b4383c2',NULL,'$2y$10$9atOFAKYeUMlyQSp4ACMX.5.fgQNvwNhygPsQa2gkf1VWUG6oJHDq',NULL,'9211650026006',NULL,'2018-02-10 11:13:03','2018-02-10 11:13:03','mahasiswa'),('f63e98af-fc5c-4e95-ada2-5fa6bd913742',NULL,'$2y$10$2cI.qgfKO/fbDhBwE6k48e4KNemIMprVNsQkaYjq965q5YffYOIQu',NULL,'1.96705021989031e17',NULL,'2018-02-10 10:50:28','2018-02-10 10:50:28','dosen'),('f64564f9-5c12-477c-b232-a82293eed87b',NULL,'$2y$10$DPQfWCp/QU5NA0uuDorkNebIavkgogRAy1o0W4BHWuAd9PEHLvd02',NULL,'9211750053008',NULL,'2018-02-10 11:13:03','2018-02-10 11:13:03','mahasiswa'),('f6583c6b-0503-451e-b093-c749d084de2e',NULL,'$2y$10$MNqPl3taiaxB.O1YMhnLuO62v0nHPLQt4actWrU3MfHz3DF/EEYL.',NULL,'DS004',NULL,'2018-02-10 10:50:28','2018-02-10 10:50:28','dosen'),('f6984706-99d0-447e-b795-7ab3bacfdb56',NULL,'$2y$10$tkpfWqqKaEjDG33CgvMmMezKvIuhGJeC0dThhDeqz7qKqcLoBX0kS',NULL,'91000085',NULL,'2018-02-10 11:01:51','2018-02-10 11:01:51','dosen'),('f6a28af3-4285-4429-9fa2-9440ee760330',NULL,'$2y$10$/aKubuf4PKETMgfkGoUycexqzcAm920mUWFvuveKiMXexI68aDruO',NULL,'9211650053035',NULL,'2018-02-10 11:13:03','2018-02-10 11:13:03','mahasiswa'),('f6a7354d-33a2-4b05-b366-0d9830e5bf45',NULL,'$2y$10$KZ5uFF1AKdyH9QQb82LCo.UwHY4XF1dPmqoYorJj2.9L/Xt9u8Y4C',NULL,'9211750013020',NULL,'2018-03-12 18:27:01','2018-03-12 18:27:01','mahasiswa'),('f6c01c76-f58c-4674-ae90-6ff77ac7e945',NULL,'$2y$10$MVEJNtit0FMdoYZE66L50uAeuJY74mKopwgAOS/Lrf367/FKIMzHW',NULL,'9211750054004',NULL,'2018-02-10 11:13:03','2018-02-10 11:13:03','mahasiswa'),('f722671a-7058-4787-a2e7-fe39abc464bf',NULL,'$2y$10$tWg6uz76P0fGUIrAr4IYg.Voh5AiC5PVEkkWW91LG72H8CwlY8js6',NULL,'8',NULL,'2018-02-09 14:41:15','2018-02-09 14:41:15','dosen'),('f796df4f-b236-4926-aa1e-6652c878ca61',NULL,'$2y$10$DTcKq2BYPu.h392CdqghjeBBwlGBMx5gXW9uAHoPa0We7Tp4an96e',NULL,'9211650015021',NULL,'2018-02-09 14:29:37','2018-02-09 14:29:37','mahasiswa'),('f7c9ec76-5399-4714-a81b-460b2772ae3a',NULL,'$2y$10$lXNjylAOf4x5pzHHLLdZTe/hSbyNJMQKrYX1L7yQKjsd/Zw2vhQqi',NULL,'1.97007211997021e17',NULL,'2018-02-10 10:50:28','2018-02-10 10:50:28','dosen'),('f7e050cb-4319-46b3-9246-d123c59557c3',NULL,'$2y$10$FHs8tonEFM2IlmD3Z5lHIujUNGbPtTUIR2Q6ZUYBwZ8f.LQouBBj6',NULL,'9211650013001','7CiFzsYH3enSNttz2blXguc1EZrizoTHbxSpLgtxTcLq0uRbyqSzPqJrggqP','2018-02-09 08:31:02','2018-02-09 14:29:37','mahasiswa'),('f8038cce-f401-4240-9b7c-eff52ad7a3ab',NULL,'$2y$10$gaTYKZqOu5sHCxr8MJXXMexUOO7KO7cgTkgxTmmO1UHhH7h1jV.9y',NULL,'9211650053032',NULL,'2018-02-10 11:13:03','2018-02-10 11:13:03','mahasiswa'),('f8382166-8a28-477d-b567-ac77425c6265',NULL,'$2y$10$ilK4NkJ2UrCPZy6/P29vNOkHh6nkteyZ9n/c.vABbRZzTbdhFSUAS',NULL,'9211650053024',NULL,'2018-02-10 11:13:03','2018-02-10 11:13:03','mahasiswa'),('f9da9e84-2869-4ca2-8520-dd42b4a219ff',NULL,'$2y$10$7Xgta724kOVaa6TCymOKyOgDqoulUieGRqZAE5/8Hjsu7znRmRMga',NULL,'DL-TSA',NULL,'2018-02-10 10:50:28','2018-02-10 10:50:28','dosen'),('faa42865-5137-450c-89aa-9ae3ae0c9cae',NULL,'$2y$10$qBdTn/25fDexYVlBiqMG3OskSSHTV3Eg7pjbM9/IbBDdj3eXogoA6',NULL,'91000066',NULL,'2018-02-10 11:01:51','2018-02-10 11:01:51','dosen'),('faeabc83-d1f7-4e7a-97ac-9c4cfe80b72d',NULL,'$2y$10$I0.kFm7DSucfNxlDEyHrKOKIe9A7LTtjC.VOglTvAxYsX.lbOwO/u',NULL,'9211750023015',NULL,'2018-02-10 11:13:03','2018-02-10 11:13:03','mahasiswa'),('fafb8911-497a-4910-b6b5-e7ad9b7ae30e',NULL,'$2y$10$1TypyXalcxq.zsPb5ceQF.QrjvgMYwTaRvu5QPUlBDKWQ6Il11P6C',NULL,'9211650024007',NULL,'2018-02-10 11:13:03','2018-02-10 11:13:03','mahasiswa'),('fb09d4f0-4ba4-4b50-a05d-735e62b2b55a',NULL,'$2y$10$240BnWDo.IX91.6aOm7R7OgFp.jXCa3Tr0iJ1nm.6Oeq/PSz2mxnq',NULL,'9211750016005',NULL,'2018-02-09 14:29:37','2018-02-09 14:29:37','mahasiswa'),('fb3fb284-e303-4cc1-a146-fd27ae7df598',NULL,'$2y$10$WwOeneyP5DgcUkURX3MsR.FgL2p0uVULQO.iq64sZZseqoqX2c8WO',NULL,'9211650013006',NULL,'2018-02-09 14:29:37','2018-02-09 14:29:37','mahasiswa'),('fb76bc5f-424b-4892-a178-4b54be0f127c',NULL,'$2y$10$rvvA23Sc.SvKgQB.Vi5AE.0Ov327mwxP3.L0cZwtmu./f5nxvuafS',NULL,'9211750025014',NULL,'2018-02-10 11:13:03','2018-02-10 11:13:03','mahasiswa'),('fbe4d67f-0264-4c55-af6e-789fe7d9f663',NULL,'$2y$10$n/b3tp5K5WTCWnN93e2NdOi1Jj8iRLWNPA3ShNP9an4YBFXgtw/pS',NULL,'9211650013053',NULL,'2018-02-09 14:29:37','2018-02-09 14:29:37','mahasiswa'),('fbf39499-43ef-471d-97b3-8fbe1c16017a',NULL,'$2y$10$Y8H1tKyzAGhg4TD.uf/oPuOiG4zYiQJ.WIA.S4.CQ5o/G7p8eZ37q',NULL,'91000041',NULL,'2018-02-10 11:01:51','2018-02-10 11:01:51','dosen'),('fc192afa-e3b2-4695-a451-560faf5288b7',NULL,'$2y$10$oSANprNaB4MyU1n8JXRe4usLR8W3Z2PdC43sgYDs0UO8.mBaVC7PG',NULL,'28',NULL,'2018-02-09 14:41:15','2018-02-09 14:41:15','dosen'),('fc21c81b-2e4d-4ebf-8d8b-8c44c3a1a31d',NULL,'$2y$10$RU2U8WLsXZTK3NRi5bdOWuykI.o9tH7zpFGAT1oKS/IeA3nXoLUe6',NULL,'91000053',NULL,'2018-02-10 11:01:51','2018-02-10 11:01:51','dosen'),('fc870259-6f6b-4c02-925e-7f0cfe12b8f0',NULL,'$2y$10$BYuR69N6kx3TDoyIDEHXaeDGunn7PfJ/U5XhDQ6VNkm0rFCPeXGza',NULL,'131411100',NULL,'2018-02-10 10:50:28','2018-02-10 10:50:28','dosen'),('fcb15817-f8c1-4878-b968-6e66bb672a33',NULL,'$2y$10$hGnTzFk7LbqHr/VrNz24SOrvMdIVzcYQQVESf8W/T5j/RtChfMpE2',NULL,'DM003',NULL,'2018-02-10 10:50:28','2018-02-10 10:50:28','dosen'),('fcc2fc18-1578-436b-b1a7-889f5eadde31',NULL,'$2y$10$.DdOHC70EK0VpyHvi8yKM.JZm9/awhWn9CuAIXCUXa4Qd9xezwbou',NULL,'DL1-Utem',NULL,'2018-02-10 10:50:28','2018-02-10 10:50:28','dosen'),('fd03c583-c71e-41d3-b700-6ffdc355b92f',NULL,'$2y$10$VuHnFL77x89MXEQ5uoPQNO.IkMddrM5d0Jjk05Qo6yXZJ6Upcynj2',NULL,'131773916',NULL,'2018-02-10 10:50:28','2018-02-10 10:50:28','dosen'),('fd21ff48-7b38-4765-9f13-df8fb291aa5b',NULL,'$2y$10$SkTVvLKj4DZg6GgOIvwjueoEGbadmmeitdjAdt.8jY7AvOIoGryT6',NULL,'1.96210151988031e17',NULL,'2018-02-10 10:50:28','2018-02-10 10:50:28','dosen'),('fd546adb-db6a-4a0f-be1f-3c56c5fe3ab4',NULL,'$2y$10$c8DqJp8XoTi4xurnOSQssuCNz8EvHNq6HdB4j/M41qlvv09BG5cgu',NULL,'9211650053004',NULL,'2018-02-10 11:13:03','2018-02-10 11:13:03','mahasiswa'),('fd8c0336-4c8e-4e60-80f4-1bb3333e0a43',NULL,'$2y$10$Koyjukv/ITz6EzLxhwdgnu/059XWCxOzWGefP0gqZ/6aw3hUGLuGq',NULL,'1.95908171987031e17',NULL,'2018-02-10 10:50:28','2018-02-10 10:50:28','dosen'),('fda64a31-42f9-42d7-a417-5887547d1f23',NULL,'$2y$10$obkWMzvmJyUIHNPOz0/Z5OVBYfxNfeO4OYvt4cl8/TztMS7REUznW',NULL,'40',NULL,'2018-02-09 14:41:15','2018-02-09 14:41:15','dosen'),('fe1f57ea-3ff8-4540-9a54-65109e6b2a03',NULL,'$2y$10$mcrIqUUkeCVlwY.z.fralOzl2AmYUc9JhjWze.vkwi0.DT2xwn6XS',NULL,'910000000',NULL,'2018-02-10 11:01:51','2018-02-10 11:01:51','dosen'),('fe7ecf88-64ff-43fd-90f3-ffa113c63351',NULL,'$2y$10$JQGPG1iC2NvkqC8H3n/joeh/WynsDmLg5cGPkcKMQ3Gr9/xcgclp.',NULL,'9211650053034',NULL,'2018-02-10 11:13:03','2018-02-10 11:13:03','mahasiswa'),('febd1c8e-6ef0-4077-855f-34608ba53400',NULL,'$2y$10$PH6JMgXED1Aro1hxbTK5Muf58bQ.twJPXX5CDPNkrr/Q6lL1RWrAe',NULL,'9211750025002',NULL,'2018-02-10 11:13:03','2018-02-10 11:13:03','mahasiswa'),('fee725c5-bb04-495c-995a-b70d35aa94cf',NULL,'$2y$10$.1Se6au.gzpOKaHnOl0o4.GJXYGWa1q.9orAcHATa03R1NOKdZvwC',NULL,'1.97002131994021e17',NULL,'2018-02-10 10:50:28','2018-02-10 10:50:28','dosen'),('ff2783c9-f6e9-4aa6-ae5c-fbb8e4e15017',NULL,'$2y$10$yTWIKBwNtkPj8jopEj4ARun3El7PhusV/xXAAAF7.Mke5P6F6kh1e',NULL,'9211650014024',NULL,'2018-02-09 14:29:37','2018-02-09 14:29:37','mahasiswa'),('ff3c88c2-9f6d-4363-8891-954cc45a72de',NULL,'$2y$10$oAOJ1j3SSBGu2ukC.96yLuS5rjIirmsAZm9odp0Chd3VcYYIhMwRO',NULL,'9211650017007',NULL,'2018-02-09 14:29:37','2018-02-09 14:29:37','mahasiswa'),('ff5eeba6-2c88-46c5-9f91-ea8a7a65e795',NULL,'$2y$10$tH8V5qWVHQl9M5VLA5zTgu2HsMs2pbxR/V..5KKlrUp9zpYHZ742y',NULL,'9211650017008',NULL,'2018-02-09 14:29:37','2018-02-09 14:29:37','mahasiswa');
/*!40000 ALTER TABLE `users` ENABLE KEYS */;
UNLOCK TABLES;
/*!40103 SET TIME_ZONE=@OLD_TIME_ZONE */;

/*!40101 SET SQL_MODE=@OLD_SQL_MODE */;
/*!40014 SET FOREIGN_KEY_CHECKS=@OLD_FOREIGN_KEY_CHECKS */;
/*!40014 SET UNIQUE_CHECKS=@OLD_UNIQUE_CHECKS */;
/*!40101 SET CHARACTER_SET_CLIENT=@OLD_CHARACTER_SET_CLIENT */;
/*!40101 SET CHARACTER_SET_RESULTS=@OLD_CHARACTER_SET_RESULTS */;
/*!40101 SET COLLATION_CONNECTION=@OLD_COLLATION_CONNECTION */;
/*!40111 SET SQL_NOTES=@OLD_SQL_NOTES */;

-- Dump completed on 2018-04-30  3:53:54
